window,0,1,2,3,4,5,6,7,8,9,10,11,12,13,14,15,16,17,18,19
0,0,1,2,3,4,5,6,7,8,9,10,11,12,13,14,15,16,17,18,19
1,0,1,2,3,4,5,6,7,8,9,10,11,12,13,14,15,16,17,18,19
2,0,1,2,3,4,5,6,7,8,9,10,11,12,13,14,15,16,17,18,19
3,0,1,2,3,4,5,6,7,8,9,10,11,12,13,14,15,16,17,18,19
4,0,1,2,3,4,5,6,7,8,9,10,11,12,13,14,15,16,17,18,19
5,0,1,2,3,4,5,6,7,8,9,10,11,12,13,14,15,16,17,18,19
6,0,1,2,3,4,5,6,7,8,9,10,11,12,13,14,15,16,17,18,19
7,0,1,2,3,4,5,6,7,8,9,10,11,12,13,14,15,16,17,18,19
8,0,1,2,3,4,5,6,7,8,9,10,11,12,13,14,15,16,17,18,19
9,0,1,2,3,4,5,6,7,8,9,10,11,12,13,14,15,16,17,18,19
10,0,1,2,3,4,5,6,7,8,9,10,11,12,13,14,15,16,17,18,19
11,0,1,2,3,4,5,6,7,8,9,10,11,12,13,14,15,16,17,18,19
12,0,1,2,3,4,5,6,7,8,9,10,11,12,13,14,15,16,17,18,19
13,0,1,2,3,4,5,6,7,8,9,10,11,12,13,14,15,16,17,18,19
14,0,1,2,3,4,5,6,7,8,9,10,11,12,13,14,15,16,17,18,19
15,0,1,2,3,4,5,6,7,8,9,10,11,12,13,14,15,16,17,18,19
16,0,1,2,3,4,5,6,7,8,9,10,11,12,13,14,15,16,17,18,19
17,0,1,2,3,4,5,6,7,8,9,10,11,12,13,14,15,16,17,18,19
18,0,1,2,3,4,5,6,7,8,9,10,11,12,13,14,15,16,17,18,19
19,0,1,2,3,4,5,6,7,8,9,10,11,12,13,14,15,16,17,18,19
20,0,1,2,3,4,5,6,7,8,9,10,11,12,13,14,15,16,17,18,19
21,0,1,2,3,4,6,5,8,9,10,7,11,12,13,14,15,16,17,18,19
22,0,1,2,3,4,6,5,8,9,10,7,11,12,13,14,15,16,17,18,19
23,0,1,2,3,4,6,5,8,9,10,7,11,12,13,14,15,16,17,18,20
24,0,1,2,3,4,6,5,8,9,10,7,11,12,13,14,15,16,17,18,20
25,0,1,2,3,4,6,5,8,9,10,7,11,12,13,14,15,16,17,18,20
26,0,1,2,3,4,6,5,8,9,10,11,12,13,14,7,15,16,17,18,20
27,0,1,2,3,4,6,5,8,9,10,11,12,13,14,15,7,16,17,18,20
28,0,1,2,3,4,6,5,8,9,10,11,12,13,14,15,7,16,17,18,20
29,0,1,2,3,4,6,5,8,9,10,11,12,13,14,15,7,16,17,18,20
30,0,1,2,3,4,6,5,8,9,10,11,12,13,14,15,7,16,17,18,20
31,0,1,2,3,4,6,5,8,9,10,11,12,13,14,15,7,16,17,18,20
32,0,1,2,3,4,6,5,8,9,10,11,12,13,14,15,7,16,17,18,20
33,0,1,2,3,4,6,5,8,9,10,11,12,13,14,15,7,16,17,18,20
34,0,1,2,3,4,6,5,8,9,10,11,12,13,14,15,7,16,17,18,20
35,0,1,2,3,4,6,5,8,9,10,11,12,13,14,15,7,16,17,18,20
36,0,1,2,3,4,6,5,8,9,10,11,12,13,14,15,7,16,17,18,20
37,0,1,2,3,4,6,5,8,9,10,11,12,13,14,15,7,16,17,18,20
38,0,1,2,3,4,6,5,8,9,10,11,12,13,14,15,7,16,17,18,20
39,0,1,2,3,4,6,5,8,9,10,11,12,13,14,15,7,16,17,18,20
40,0,1,2,3,4,6,5,8,9,10,11,12,13,14,15,7,16,17,18,20
41,0,1,2,3,4,6,5,8,9,10,11,12,13,14,15,7,16,17,18,20
42,0,1,2,3,4,6,5,8,9,10,11,12,13,14,15,7,16,17,18,20
43,0,1,2,3,4,6,5,8,9,10,11,12,13,14,15,7,16,17,18,20
44,0,1,2,3,4,6,5,8,9,10,11,12,13,14,15,7,16,17,18,20
45,0,1,2,3,4,6,5,8,9,10,11,12,13,14,15,7,16,17,18,20
46,0,1,2,3,4,6,5,8,9,10,11,12,13,14,15,7,16,17,18,20
47,0,1,2,3,4,6,5,8,9,10,11,12,13,14,15,7,16,17,18,20
48,0,1,2,3,4,6,5,8,9,10,11,12,13,14,15,7,16,17,18,20
49,0,1,2,3,4,6,5,8,9,10,11,12,13,14,15,7,16,17,18,20
50,0,1,2,3,4,6,5,8,9,10,11,12,13,14,15,7,16,17,18,20
51,0,1,2,3,4,6,5,8,9,10,11,12,13,14,15,7,16,17,18,20
52,0,1,2,3,4,6,5,8,9,10,11,12,13,14,15,7,16,17,18,20
53,0,1,2,3,4,6,5,8,9,10,11,12,13,14,15,7,16,17,18,20
54,0,1,2,3,4,6,5,8,9,10,11,12,13,14,15,7,16,17,18,20
55,0,1,2,3,4,6,5,8,9,10,11,12,13,14,15,7,16,17,18,20
56,0,1,2,3,4,6,5,8,9,10,11,12,13,14,15,16,17,18,20,7
57,0,1,2,3,4,6,5,8,9,10,11,12,13,14,15,16,17,18,20,7
58,0,1,2,3,4,6,5,8,9,10,11,12,13,14,15,16,17,18,20,19
59,0,1,2,3,4,6,5,8,9,10,11,12,13,14,15,16,17,18,20,19
60,0,1,2,3,4,6,5,8,9,10,11,12,13,14,15,16,17,18,19,20
61,0,1,2,3,4,6,5,8,9,10,11,12,13,14,15,16,17,18,19,20
62,0,1,2,3,4,6,5,8,9,10,11,12,13,14,15,16,17,18,19,20
63,0,1,2,3,4,6,5,8,9,10,11,12,13,14,15,16,17,18,19,20
64,0,1,2,3,4,6,5,8,9,10,11,12,13,14,15,16,17,18,19,20
65,0,1,2,3,4,6,5,8,9,10,11,12,13,14,15,16,17,18,19,20
66,0,1,2,3,4,6,5,8,9,10,11,12,13,14,15,16,17,18,19,20
67,0,1,2,3,4,6,5,8,9,10,11,12,13,14,15,16,17,18,19,20
68,0,1,2,3,4,6,5,8,9,10,11,12,13,14,15,16,17,18,19,20
69,0,1,2,3,4,6,5,8,9,10,11,12,13,14,15,16,17,18,19,20
70,0,1,2,3,4,6,5,8,9,10,11,12,13,14,15,16,17,18,19,20
71,0,1,2,3,4,6,5,8,9,10,11,12,13,14,15,16,17,18,19,20
72,0,1,2,3,4,6,5,8,9,10,11,12,13,14,15,16,17,18,19,20
73,0,1,2,3,4,6,5,8,9,10,11,12,13,14,15,16,17,18,19,20
74,0,1,2,3,4,6,5,8,9,10,11,12,13,14,15,16,17,18,19,20
75,0,1,2,3,4,6,5,8,9,10,11,12,13,14,15,16,17,18,19,20
76,0,1,2,3,4,6,5,8,9,10,11,12,13,14,15,16,17,18,19,20
77,0,1,2,3,4,6,5,8,9,10,11,12,13,14,15,16,17,18,19,20
78,0,1,2,3,4,6,5,8,9,10,11,12,13,14,15,16,17,18,19,7
79,0,1,2,3,4,6,5,8,9,10,11,12,13,14,15,16,17,18,19,7
80,0,1,2,3,4,6,5,8,9,10,11,12,13,14,15,16,17,18,19,7
81,0,1,2,3,4,6,5,8,9,10,11,12,13,14,15,16,17,18,19,7
82,0,1,2,3,4,6,5,8,9,10,11,12,13,15,14,16,17,18,19,7
83,0,1,2,3,4,6,5,8,9,10,11,12,13,15,14,16,17,18,19,7
84,0,1,2,3,4,6,5,8,9,10,11,12,13,15,14,16,17,18,19,7
85,0,1,2,3,4,6,5,8,9,10,11,12,13,15,14,16,17,18,19,7
86,0,1,2,3,4,6,5,8,9,10,11,12,13,15,14,16,17,18,19,7
87,0,1,2,3,4,6,5,8,9,10,11,12,13,15,14,16,17,18,19,7
88,0,1,2,3,4,6,5,8,9,10,11,12,13,15,14,16,17,18,19,7
89,0,1,2,3,4,6,5,8,9,10,11,12,13,15,14,16,17,18,19,7
90,0,1,2,3,4,6,5,8,9,10,11,12,13,15,14,16,17,18,19,7
91,0,1,2,3,4,6,5,8,9,10,11,12,13,15,14,16,17,18,19,7
92,0,1,2,3,4,6,5,8,9,10,11,12,13,15,14,16,17,18,19,7
93,0,1,2,3,4,6,5,8,9,10,11,12,13,15,14,16,17,18,19,7
94,0,1,2,3,4,6,5,8,9,10,11,12,13,15,14,16,17,18,19,7
95,0,1,2,3,4,6,5,8,9,10,11,12,13,15,14,16,17,18,19,7
96,0,1,2,3,4,6,5,8,9,10,11,12,13,15,14,16,17,18,19,7
97,0,1,2,3,4,6,5,8,9,10,11,12,13,15,14,16,17,18,19,7
98,0,1,2,3,4,6,5,8,9,10,11,12,13,15,14,16,17,18,19,7
99,0,1,2,3,4,6,5,8,9,10,11,12,13,15,14,16,17,18,19,7
100,0,1,2,3,4,6,5,8,9,10,11,12,13,15,14,16,17,18,19,7
101,0,1,2,3,4,6,5,8,9,10,11,12,13,15,14,16,17,18,19,7
102,0,1,2,3,4,6,5,8,9,10,11,12,13,15,14,16,17,18,19,7
103,0,1,2,3,4,6,5,8,9,10,11,12,13,15,14,16,17,18,19,7
104,0,1,2,3,4,6,5,8,9,10,11,12,13,15,14,16,17,18,19,7
105,0,1,2,3,4,6,5,8,9,10,11,12,13,15,14,16,17,18,19,7
106,0,1,2,3,4,6,5,8,9,10,11,12,13,15,14,16,17,18,19,7
107,0,1,2,3,4,6,5,8,9,10,11,12,13,15,14,16,17,18,19,7
108,0,1,2,3,4,6,5,8,9,10,11,12,13,15,14,16,17,18,19,7
109,0,1,2,3,4,6,5,8,9,10,11,12,13,15,14,16,17,18,19,7
110,0,1,2,3,4,6,5,8,9,10,11,12,13,15,14,16,17,18,19,7
111,0,1,2,3,4,6,5,8,9,10,11,12,13,15,14,16,17,18,19,7
112,0,1,2,3,4,6,5,8,9,10,11,12,13,15,14,16,17,18,19,7
113,0,1,2,3,4,6,5,8,9,10,11,12,13,15,14,16,17,18,19,7
114,0,1,2,3,4,6,5,8,9,10,11,12,13,15,14,16,17,18,19,7
115,0,1,2,3,4,6,5,8,9,10,11,12,13,15,14,16,17,18,19,7
116,0,1,2,3,4,6,5,8,9,10,11,12,13,15,14,16,17,18,19,7
117,0,1,2,3,4,6,5,8,9,10,11,12,13,15,14,16,17,18,19,7
118,0,1,2,3,4,6,5,8,9,10,11,12,13,15,14,16,17,18,19,7
119,0,1,2,3,4,6,5,8,9,10,11,12,13,15,14,16,17,18,19,7
120,0,1,2,3,4,6,5,8,9,10,11,12,13,15,14,16,17,18,19,7
121,0,1,2,3,4,6,5,8,9,10,11,12,13,15,14,16,17,18,19,7
122,0,1,2,3,4,6,5,8,9,10,11,12,13,15,14,16,17,18,19,7
123,0,1,2,3,4,6,5,8,9,10,11,12,13,15,14,16,17,18,19,7
124,0,1,2,3,4,6,5,8,9,10,11,12,13,15,14,16,17,18,19,7
125,0,1,2,3,4,6,5,8,9,10,11,12,13,15,14,16,17,18,19,7
126,0,1,2,3,4,6,5,8,9,10,11,12,13,15,16,14,17,18,19,7
127,0,1,2,3,4,6,5,8,9,10,11,12,13,15,16,14,17,18,19,7
128,0,1,2,3,4,6,5,8,9,10,11,12,13,15,16,14,17,18,19,7
129,0,1,2,3,4,6,5,8,9,10,11,12,13,15,16,14,17,18,19,7
130,0,1,2,3,4,6,5,8,9,10,11,12,13,15,16,14,17,18,19,7
131,0,1,2,3,4,6,5,8,9,10,11,12,13,15,16,14,17,18,19,7
132,0,1,2,3,4,6,5,8,9,10,11,12,13,15,16,14,17,18,19,7
133,0,1,2,3,4,6,5,8,9,10,11,12,13,15,16,14,17,18,19,7
134,0,1,2,3,4,6,5,8,9,10,11,12,13,15,16,14,17,18,19,7
135,0,1,2,3,4,6,5,8,9,10,11,12,13,15,16,14,17,18,19,7
136,0,1,2,3,4,6,5,8,9,10,11,12,13,15,16,14,17,18,19,7
137,0,1,2,3,4,6,5,8,9,10,11,12,13,15,16,14,17,18,19,7
138,0,1,2,3,4,6,5,8,9,10,11,12,13,15,16,14,17,18,19,7
139,0,1,2,3,4,6,5,8,9,10,11,12,13,15,16,14,17,18,19,7
140,0,1,2,3,4,6,5,8,9,10,11,12,13,15,16,14,17,18,19,7
141,0,1,2,3,4,6,5,8,9,10,11,12,13,15,16,14,17,18,19,7
142,0,1,2,3,4,6,5,8,9,10,11,12,13,15,16,14,17,18,19,7
143,0,1,2,3,4,6,5,8,9,10,11,12,13,15,16,14,17,18,19,7
144,0,1,2,3,4,6,5,8,9,10,11,12,13,15,16,14,17,18,19,7
145,0,1,2,3,4,6,5,8,9,10,11,12,13,15,16,14,17,18,19,7
146,0,1,2,3,4,6,5,8,9,10,11,12,13,15,16,14,17,18,19,7
147,0,1,2,3,4,6,5,8,9,10,11,12,13,15,16,14,17,18,19,7
148,0,1,2,3,4,6,5,8,9,10,11,12,13,15,16,14,17,18,19,7
149,0,1,2,3,4,6,5,8,9,10,11,12,13,15,16,14,17,18,19,7
150,0,1,2,3,4,6,5,8,9,10,11,12,13,15,16,14,17,18,19,7
151,0,1,2,3,4,6,5,8,9,10,11,12,13,15,16,14,17,18,19,7
152,0,1,2,3,4,6,5,8,9,10,11,12,13,15,16,14,17,18,19,7
153,0,1,2,3,4,6,5,8,9,10,11,12,13,15,16,14,17,18,19,7
154,0,1,2,3,4,6,5,8,9,10,11,12,13,15,16,14,17,18,19,7
155,0,1,2,3,4,6,5,8,9,10,11,12,13,15,16,14,17,18,19,7
156,0,1,2,3,4,6,5,8,9,10,11,12,13,15,16,14,17,18,19,7
157,0,1,2,3,4,6,5,8,9,10,11,12,13,15,16,14,17,18,19,7
158,0,1,2,3,4,6,5,8,9,10,11,12,13,15,16,14,17,18,19,7
159,0,1,2,3,4,6,5,8,9,10,11,12,13,15,16,14,17,18,19,7
160,0,1,2,3,4,6,5,8,9,10,11,12,13,15,16,14,17,18,19,7
161,0,1,2,3,4,6,5,8,9,10,11,12,13,15,16,14,17,18,19,7
162,0,1,2,3,4,6,5,8,9,10,11,12,13,15,16,14,17,18,19,7
163,0,1,2,3,4,6,5,8,9,10,11,12,13,15,16,14,17,18,19,7
164,0,1,2,3,4,6,5,8,9,10,11,12,13,15,16,14,17,18,19,7
165,0,1,2,3,4,6,5,8,9,10,11,12,13,15,16,14,17,18,19,7
166,0,1,2,3,4,6,5,8,9,10,11,12,13,15,16,14,17,18,19,7
167,0,1,2,3,4,6,5,8,9,10,11,12,13,15,16,14,17,18,19,7
168,0,1,2,3,4,6,5,8,9,10,11,12,13,15,16,14,17,18,19,7
169,0,1,2,3,4,6,5,8,9,10,11,12,13,15,16,14,17,18,19,7
170,0,1,2,3,4,6,5,8,9,10,11,12,13,15,16,14,17,18,19,7
171,0,1,2,3,4,6,5,8,9,10,11,12,13,15,16,14,17,18,19,7
172,0,1,2,3,4,6,5,8,9,10,11,12,13,15,16,14,17,18,19,7
173,0,1,2,3,4,6,5,8,9,10,11,12,13,15,16,14,17,18,19,7
174,0,1,2,3,4,6,5,8,9,10,11,12,13,15,16,14,17,18,19,7
175,0,1,2,3,4,6,5,8,9,10,11,12,13,15,16,14,17,18,19,7
176,0,1,2,3,4,6,5,8,9,10,11,12,13,15,16,14,17,18,19,7
177,0,1,2,3,4,6,5,8,9,10,11,12,13,15,16,14,17,18,19,7
178,0,1,2,3,4,6,5,8,9,10,11,12,13,15,16,14,17,18,19,7
179,0,1,2,3,4,6,5,8,9,10,11,12,13,15,16,14,17,18,19,7
180,0,1,2,3,4,6,5,8,9,10,11,12,13,15,16,14,17,18,19,7
181,0,1,2,3,4,6,5,8,9,10,12,11,13,15,16,17,18,19,7,14
182,0,1,2,3,4,6,5,8,9,10,12,15,11,13,16,17,18,19,7,14
183,0,1,2,3,4,6,5,8,9,10,12,15,11,13,16,17,18,19,7,21
184,0,1,2,3,4,6,5,8,9,10,12,15,11,13,16,17,18,19,7,21
185,0,1,2,3,4,6,5,8,9,10,12,15,16,11,13,17,18,19,7,21
186,0,1,2,3,4,6,5,8,9,10,12,15,16,11,13,17,18,19,7,21
187,0,1,2,3,4,6,5,8,9,10,12,15,16,11,13,17,18,19,7,21
188,0,1,2,3,4,6,5,8,9,10,12,15,16,11,13,17,18,19,7,21
189,0,1,2,3,4,6,5,8,9,10,12,15,16,11,13,17,18,19,7,21
190,0,1,2,3,4,6,5,8,9,10,12,15,16,11,13,17,18,19,7,21
191,0,1,2,3,4,6,5,8,9,10,12,15,16,11,13,17,18,19,7,21
192,0,1,2,3,4,6,5,8,9,10,12,15,16,11,13,17,18,19,7,21
193,0,1,2,3,4,6,5,8,9,10,12,15,16,11,13,17,18,19,7,21
194,0,1,2,3,4,6,5,8,9,10,12,15,16,11,13,17,18,19,7,21
195,0,1,2,3,4,6,5,8,9,10,12,15,16,11,13,17,18,19,7,21
196,0,1,2,3,4,6,5,8,9,10,12,15,16,11,13,17,18,19,7,21
197,0,1,2,3,4,6,5,8,9,10,12,15,16,11,13,17,18,19,7,21
198,0,1,2,3,4,6,5,8,9,10,12,15,16,11,13,17,18,19,7,21
199,0,1,2,3,4,6,5,8,9,10,12,15,16,11,13,17,18,19,7,21
200,0,1,2,3,4,6,5,8,9,10,12,15,16,11,13,17,18,19,7,21
201,0,1,2,3,4,6,5,8,9,10,12,15,16,11,13,17,18,19,7,21
202,0,1,2,3,4,6,5,8,9,10,12,15,16,11,13,17,18,19,7,21
203,0,1,2,3,4,6,5,8,9,10,12,15,16,11,13,17,18,19,7,21
204,0,1,2,3,4,6,5,8,9,10,12,15,16,11,13,17,18,19,7,21
205,0,1,2,3,4,6,5,8,9,10,12,15,16,11,13,17,18,19,7,21
206,0,1,2,3,4,6,5,8,9,10,12,15,16,11,13,17,18,19,7,21
207,0,1,2,3,4,6,5,8,9,10,12,15,16,11,13,17,18,19,7,21
208,0,1,2,3,4,6,5,8,9,10,12,15,16,11,13,17,18,19,7,21
209,0,1,2,3,4,6,5,8,9,10,12,15,16,11,13,17,18,19,7,21
210,0,1,2,3,4,6,5,8,9,10,12,15,16,11,13,17,18,19,7,21
211,0,1,2,3,4,6,5,8,9,10,12,15,16,11,13,17,18,19,7,21
212,0,1,2,3,4,6,5,8,9,10,12,15,16,11,13,17,18,19,7,21
213,0,1,2,3,4,6,5,8,9,10,12,15,16,11,13,17,18,19,7,21
214,0,1,2,3,4,6,5,8,9,10,12,15,16,11,13,17,18,19,7,21
215,0,1,2,3,4,6,5,8,9,10,12,15,16,11,13,17,18,19,7,21
216,0,1,2,3,4,6,5,8,9,10,12,15,16,11,13,17,18,19,7,21
217,0,1,2,3,4,6,5,8,9,10,12,15,16,11,13,17,18,19,7,21
218,0,1,2,3,4,6,5,8,9,10,12,15,16,11,13,17,18,19,7,21
219,0,1,2,3,4,6,5,8,9,10,12,15,16,11,13,17,18,19,7,21
220,0,1,2,3,4,6,5,8,9,10,12,15,16,11,13,17,18,19,7,21
221,0,1,2,3,4,6,5,8,9,10,12,15,16,11,13,17,18,19,7,21
222,0,1,2,3,4,6,5,8,9,10,12,15,16,11,13,17,18,19,7,21
223,0,1,2,3,4,6,5,8,9,10,12,15,16,11,13,17,18,19,7,21
224,0,1,2,3,4,6,5,8,9,10,12,15,16,11,13,17,18,19,7,21
225,0,1,2,3,4,6,5,8,9,10,12,15,16,11,13,17,18,19,7,21
226,0,1,2,3,4,6,5,8,9,10,12,15,16,11,13,17,18,19,7,21
227,0,1,2,3,4,6,5,8,9,10,12,15,16,11,13,17,18,19,7,21
228,0,1,2,3,4,6,5,8,9,10,12,15,16,11,13,17,18,19,7,21
229,0,1,2,3,4,6,5,8,9,10,12,15,16,11,13,17,18,19,7,21
230,0,1,2,3,4,6,5,8,9,10,12,15,16,11,13,17,18,19,7,21
231,0,1,2,3,4,6,5,8,9,10,12,15,16,11,13,17,18,19,21,7
232,0,1,2,3,4,6,5,8,9,10,12,15,16,11,13,17,18,19,21,7
233,0,1,2,3,4,6,5,8,9,10,12,15,16,11,13,17,18,19,21,22
234,0,1,2,3,4,6,5,8,9,10,12,15,16,11,13,17,18,19,21,22
235,0,1,2,3,4,6,5,8,9,10,12,15,16,11,13,17,18,19,21,22
236,0,1,2,3,4,6,5,8,9,10,12,15,16,11,13,17,18,19,21,22
237,0,1,2,3,4,6,5,8,9,10,12,15,16,11,13,17,18,19,21,22
238,0,1,2,3,4,6,5,8,9,10,12,15,16,11,13,17,18,19,21,22
239,0,1,2,3,4,6,5,8,9,10,12,15,16,11,13,17,18,19,21,22
240,0,1,2,3,4,6,5,8,9,10,12,15,16,11,13,17,18,19,21,22
241,0,1,2,3,4,6,5,8,9,10,12,15,16,11,13,17,18,19,21,22
242,0,1,2,3,4,6,5,8,9,10,12,15,16,11,13,17,18,19,21,22
243,0,1,2,3,4,6,5,8,9,10,12,15,16,11,13,17,18,19,21,22
244,0,1,2,3,4,6,5,8,9,10,12,15,16,11,13,17,18,19,21,22
245,0,1,2,3,4,6,5,8,9,10,12,15,16,11,13,17,18,19,21,22
246,0,1,2,3,4,6,5,8,9,10,12,15,16,11,13,17,18,19,21,22
247,0,1,2,3,4,6,5,8,9,10,12,15,16,11,13,17,18,19,21,22
248,0,1,2,3,4,6,5,8,9,10,12,15,16,11,13,17,18,19,21,22
249,0,1,2,3,4,6,5,8,9,10,12,15,16,11,13,17,18,19,21,22
250,0,1,2,3,4,6,5,8,9,10,12,15,16,11,13,17,18,19,21,22
251,0,1,2,3,4,6,5,8,9,10,12,15,16,11,13,17,18,19,21,22
252,0,1,2,3,4,6,5,8,9,10,12,15,16,11,13,17,18,19,21,22
253,0,1,2,3,4,6,5,8,9,10,12,15,16,11,13,17,18,19,21,22
254,0,1,2,3,4,6,5,8,9,10,12,15,16,11,13,17,18,19,21,22
255,0,1,2,3,4,6,5,8,9,10,12,15,16,11,13,17,18,19,21,22
256,0,1,2,3,4,6,5,8,9,10,12,15,16,11,13,17,18,19,21,22
257,0,1,2,3,4,6,5,8,9,10,12,15,16,11,13,17,18,19,21,22
258,0,1,2,3,4,6,5,8,9,10,12,15,16,11,13,17,18,19,21,22
259,0,1,2,3,4,6,5,8,9,10,12,15,16,11,13,17,18,19,21,22
260,0,1,2,3,4,6,5,8,9,10,12,15,16,11,13,17,18,19,21,22
261,0,1,2,3,4,6,5,8,9,10,12,15,16,11,13,17,18,19,21,22
262,0,1,2,3,4,6,5,8,9,10,12,15,16,11,13,17,18,19,21,22
263,0,1,2,3,4,6,5,8,9,10,12,15,16,11,13,17,18,19,21,22
264,0,1,2,3,4,6,5,8,9,10,12,15,16,11,13,17,18,19,21,22
265,0,1,2,3,4,6,5,8,9,10,12,15,16,11,13,17,18,19,21,22
266,0,1,2,3,4,6,5,8,9,10,12,15,16,11,13,17,18,19,21,22
267,0,1,2,3,4,6,5,8,9,10,12,15,16,11,13,17,18,19,21,22
268,0,1,2,3,4,6,5,8,9,10,12,15,16,11,13,17,18,19,21,22
269,0,1,2,3,4,6,5,8,9,10,12,15,16,11,13,17,18,19,21,22
270,0,1,2,3,4,6,5,8,9,10,12,15,16,11,13,17,18,19,21,22
271,0,1,2,3,4,6,5,8,9,10,12,15,16,11,13,17,18,19,21,22
272,0,1,2,3,4,6,5,8,9,10,12,15,16,11,13,17,18,19,21,22
273,0,1,2,3,4,6,5,8,9,10,12,15,16,11,13,17,18,19,21,7
274,0,1,2,3,4,6,5,8,9,10,12,15,16,11,13,17,18,19,21,7
275,0,1,2,3,4,6,5,8,9,10,12,15,16,11,13,17,18,19,7,21
276,0,1,2,3,4,6,5,8,9,10,12,15,16,11,17,18,19,7,21,13
277,0,1,2,3,4,6,5,8,9,10,12,15,16,11,17,18,19,7,21,13
278,0,1,2,3,4,6,5,8,9,10,12,15,16,11,17,18,19,7,21,22
279,0,1,2,3,4,6,5,8,9,10,12,15,16,11,17,18,19,7,21,22
280,0,1,2,3,4,6,5,8,9,10,12,15,16,11,17,18,19,7,21,22
281,0,1,2,3,4,6,5,8,9,10,12,15,16,11,17,18,19,7,21,22
282,0,1,2,3,4,6,5,8,9,10,12,15,16,17,18,11,19,7,21,22
283,0,1,2,3,4,6,5,8,9,10,12,15,16,17,18,11,19,7,21,22
284,0,1,2,3,4,6,5,8,9,10,12,15,16,17,18,11,19,7,21,22
285,0,1,2,3,4,6,5,8,9,10,12,15,16,17,18,19,11,7,21,22
286,0,1,2,3,4,6,5,8,9,10,12,15,16,17,18,19,11,7,21,22
287,0,1,2,3,4,6,5,8,9,10,12,15,16,17,18,19,11,7,21,22
288,0,1,2,3,4,6,5,8,9,10,12,15,16,17,18,19,11,7,21,22
289,0,1,2,3,4,6,5,8,9,10,12,15,16,17,18,19,11,7,21,22
290,0,1,2,3,4,6,5,8,9,10,12,15,16,17,18,19,11,7,21,22
291,0,1,2,3,4,6,5,8,9,10,12,15,16,17,18,19,11,7,21,22
292,0,1,2,3,4,6,5,8,9,10,12,15,16,17,18,19,11,7,21,22
293,0,1,2,3,4,6,5,8,9,10,12,15,16,17,18,19,11,7,21,22
294,0,1,2,3,4,6,5,8,9,10,12,15,16,17,18,19,11,7,21,22
295,0,1,2,3,4,6,5,8,9,10,12,15,16,17,18,19,11,7,21,22
296,0,1,2,3,4,6,5,8,9,10,12,15,16,17,18,19,11,21,22,7
297,0,1,2,3,4,6,5,8,9,10,12,15,16,17,18,19,11,21,22,7
298,0,1,2,3,4,6,5,8,9,10,12,15,16,17,18,19,11,21,22,23
299,0,1,2,3,4,6,5,8,9,10,12,15,16,17,18,19,11,21,22,23
300,0,1,2,3,4,6,5,8,9,10,12,15,16,17,18,19,11,21,22,23
301,0,1,2,3,4,6,5,8,9,10,12,15,16,17,18,19,11,21,22,23
302,0,1,2,3,4,6,5,8,9,10,12,15,16,17,18,19,11,21,22,23
303,0,1,2,3,4,6,5,8,9,10,12,15,16,17,18,19,11,21,22,23
304,0,1,2,3,4,6,5,8,9,10,12,15,16,17,18,19,11,21,22,23
305,0,1,2,3,4,6,5,8,9,10,12,15,16,17,18,19,11,21,22,23
306,0,1,2,3,4,6,5,8,9,10,12,15,16,17,18,19,11,21,22,23
307,0,1,2,3,4,6,5,8,9,10,12,15,16,17,18,19,11,21,22,23
308,0,1,2,3,4,6,5,8,9,10,12,15,16,17,18,19,11,21,22,23
309,0,1,2,3,4,6,5,8,9,10,12,15,16,17,18,19,11,21,22,23
310,0,1,2,3,4,6,5,8,9,10,12,15,16,17,18,19,11,21,22,23
311,0,1,2,3,4,6,5,8,9,10,12,15,16,17,18,19,11,21,22,23
312,0,1,2,3,4,6,5,8,9,10,12,15,16,17,18,19,11,21,22,23
313,0,1,2,3,4,6,5,8,9,10,12,15,16,17,18,19,11,21,22,23
314,0,1,2,3,4,6,5,8,9,10,12,15,16,17,18,19,11,21,22,23
315,0,1,2,3,4,6,5,8,9,10,12,15,16,17,18,19,11,21,22,23
316,0,1,2,3,4,6,5,8,9,10,12,15,16,17,18,19,11,21,22,23
317,0,1,2,3,4,6,5,8,9,10,12,15,16,17,18,19,11,21,22,23
318,0,1,2,3,4,6,5,8,9,10,12,15,16,17,18,19,11,21,22,23
319,0,1,2,3,4,6,5,8,9,10,12,15,16,17,18,19,11,21,22,23
320,0,1,2,3,4,6,5,8,9,10,12,15,16,17,18,19,11,21,22,23
321,0,1,2,3,4,6,5,8,9,10,12,15,16,17,18,19,11,21,22,23
322,0,1,2,3,4,6,5,8,9,10,12,15,16,17,18,19,11,21,22,23
323,0,1,2,3,4,6,5,8,9,10,12,15,16,17,18,19,11,21,22,23
324,0,1,2,3,4,6,5,8,9,10,12,15,16,17,18,19,11,21,22,23
325,0,1,2,3,4,6,5,8,9,10,12,15,16,17,18,19,11,21,22,23
326,0,1,2,3,4,6,5,8,9,10,12,15,16,17,18,19,11,21,22,23
327,0,1,2,3,4,6,5,8,9,10,12,15,16,17,18,19,11,21,22,23
328,0,1,2,3,4,6,5,8,9,10,12,15,16,17,18,19,11,21,22,23
329,0,1,2,3,4,6,5,8,9,10,12,15,16,17,18,19,11,21,22,23
330,0,1,2,3,4,6,5,8,9,10,12,15,16,17,18,19,11,21,22,23
331,0,1,2,3,4,6,5,8,9,10,12,15,16,17,18,19,11,21,22,23
332,0,1,2,3,4,6,5,8,9,10,12,15,16,17,18,19,11,21,22,23
333,0,1,2,3,4,6,5,8,9,10,12,15,16,17,18,19,11,21,22,23
334,0,1,2,3,4,6,5,8,9,10,12,15,16,17,18,19,11,21,22,23
335,0,1,2,3,4,6,5,8,9,10,12,15,16,17,18,19,11,21,22,23
336,0,1,2,3,4,6,5,8,9,10,12,15,16,17,18,19,11,21,22,23
337,0,1,2,3,4,6,5,8,9,10,12,15,16,17,18,19,11,21,22,23
338,0,1,2,3,4,6,5,8,9,10,12,15,16,17,18,19,11,21,22,23
339,0,1,2,3,4,6,5,8,9,10,12,15,16,17,18,19,11,21,22,23
340,0,1,2,3,4,6,5,8,9,10,12,15,16,17,18,19,11,21,22,23
341,0,1,2,3,4,6,5,8,9,10,12,15,16,17,18,19,11,21,22,23
342,0,1,2,3,4,6,5,8,9,10,12,15,16,17,18,19,11,21,22,23
343,0,1,2,3,4,6,5,8,9,10,12,15,16,17,18,19,11,21,22,24
344,0,1,2,3,4,6,5,8,9,10,12,15,16,17,18,19,11,21,22,24
345,0,1,2,3,4,6,5,8,9,10,12,16,15,17,18,19,11,21,24,22
346,0,1,2,3,4,6,5,8,9,10,12,16,15,17,18,19,11,21,24,22
347,0,1,2,3,4,6,5,8,9,10,12,16,15,17,18,19,11,21,24,22
348,0,1,2,3,4,6,5,8,9,10,12,16,15,17,18,19,11,21,24,22
349,0,1,2,3,4,6,5,8,9,10,12,16,15,17,18,19,11,21,24,22
350,0,1,2,3,4,6,5,8,9,10,12,16,15,17,18,19,11,21,24,22
351,0,1,2,3,4,6,5,8,9,10,12,16,15,17,18,19,11,21,24,22
352,0,1,2,3,4,6,5,8,9,10,12,16,15,17,18,19,11,21,24,22
353,0,1,2,3,4,6,5,8,9,10,12,16,15,17,18,19,11,21,24,22
354,0,1,2,3,4,6,5,8,9,10,12,16,15,17,18,19,11,21,24,22
355,0,1,2,3,4,6,5,8,9,10,12,16,15,17,18,19,11,21,24,22
356,0,1,2,3,4,6,5,8,9,10,12,16,15,17,18,19,11,21,24,22
357,0,1,2,3,4,6,5,8,9,10,12,16,15,17,18,19,11,21,24,22
358,0,1,2,3,4,6,5,8,9,10,12,16,15,17,18,19,11,21,24,22
359,0,1,2,3,4,6,5,8,9,10,12,16,15,17,18,19,11,21,24,22
360,0,1,2,3,4,6,5,8,9,10,12,16,15,17,18,19,11,21,24,22
361,0,1,2,3,4,6,5,8,9,10,12,16,15,17,18,19,11,21,24,22
362,0,1,2,3,4,6,5,8,9,10,12,16,15,17,18,19,11,21,24,22
363,0,1,2,3,4,6,5,8,9,10,12,16,15,17,18,19,11,21,24,22
364,0,1,2,3,4,6,5,8,9,10,12,16,15,17,18,19,11,21,24,22
365,0,1,2,3,4,6,5,8,9,10,12,16,15,17,18,19,11,21,24,22
366,0,1,2,3,4,6,5,8,9,10,12,16,15,17,18,19,11,21,24,22
367,0,1,2,3,4,6,5,8,9,10,12,16,15,17,18,19,11,21,24,22
368,0,1,2,3,4,6,5,8,9,10,12,16,15,17,18,19,11,21,24,22
369,0,1,2,3,4,6,5,8,9,10,12,16,15,17,18,19,11,21,24,22
370,0,1,2,3,4,6,5,8,9,10,12,16,15,17,18,19,11,21,24,22
371,0,1,2,3,4,6,5,8,9,10,12,16,15,17,18,19,11,21,24,22
372,0,1,2,3,4,6,5,8,9,10,12,16,15,17,18,19,11,21,24,22
373,0,1,2,3,4,6,5,8,9,10,12,16,15,17,18,19,11,21,24,22
374,0,1,2,3,4,6,5,8,9,10,12,16,15,17,18,19,11,21,24,22
375,0,1,2,3,4,6,5,8,9,10,12,16,15,17,18,19,11,21,24,22
376,0,1,2,3,4,6,5,8,9,10,12,16,15,17,18,19,11,21,24,22
377,0,1,2,3,4,6,5,8,9,10,12,16,15,17,18,19,11,21,24,22
378,0,1,2,3,4,6,5,8,9,10,12,16,15,17,18,19,11,21,24,22
379,0,1,2,3,4,6,5,8,9,10,12,16,15,17,18,19,11,21,24,22
380,0,1,2,3,4,6,5,8,9,10,12,16,15,17,18,19,11,21,24,22
381,0,1,2,3,4,6,5,8,9,10,12,16,15,17,18,19,11,21,24,22
382,0,1,2,3,4,6,5,8,9,10,12,16,15,17,18,19,11,21,24,22
383,0,1,2,3,4,6,5,8,9,10,12,16,15,17,18,19,11,21,24,22
384,0,1,2,3,4,6,5,8,9,10,12,16,15,17,18,19,11,21,24,22
385,0,1,2,3,4,6,5,8,9,10,12,16,15,17,18,19,11,21,24,22
386,0,1,2,3,4,6,5,8,9,10,12,16,15,17,18,19,11,21,24,22
387,0,1,2,3,4,6,5,8,9,10,12,16,15,17,18,19,11,21,24,22
388,0,1,2,3,4,6,5,8,9,10,12,16,15,17,18,19,11,21,24,22
389,0,1,2,3,4,6,5,8,9,10,12,16,15,17,18,19,11,21,24,22
390,0,1,2,3,4,6,5,8,9,10,12,16,15,17,18,19,11,21,24,22
391,0,1,2,3,4,6,5,8,9,10,12,16,15,17,18,19,11,21,24,22
392,0,1,2,3,4,6,5,8,9,10,12,16,15,17,18,19,11,21,24,22
393,0,1,2,3,4,6,5,8,9,10,12,16,15,17,18,19,11,21,24,22
394,0,1,2,3,4,6,5,8,9,10,12,16,15,17,18,19,11,21,24,22
395,0,1,2,3,4,6,5,8,9,10,12,16,15,17,18,19,11,21,24,22
396,0,1,2,3,4,6,5,8,9,10,12,16,15,17,18,19,11,21,24,22
397,0,1,2,3,4,6,5,8,9,10,12,16,15,17,18,19,11,21,24,22
398,0,1,2,3,4,6,5,8,9,10,12,16,15,17,18,19,11,21,24,22
399,0,1,2,3,4,6,5,8,9,10,12,16,15,17,18,19,11,21,24,22
400,0,1,2,3,4,6,5,8,9,10,12,16,15,17,18,19,11,21,24,22
401,0,1,2,3,4,6,5,8,9,10,12,16,15,17,18,19,11,21,24,22
402,0,1,2,3,4,6,5,8,9,10,12,16,15,17,18,19,11,21,24,22
403,0,1,2,3,4,6,5,8,9,10,12,16,15,17,18,19,11,21,24,22
404,0,1,2,3,4,6,5,8,9,10,12,16,15,17,18,19,11,21,24,22
405,0,1,2,3,4,6,5,8,9,10,12,16,15,17,18,19,11,21,24,22
406,0,1,2,3,4,6,5,8,9,10,12,16,15,17,18,19,11,21,24,22
407,0,1,2,3,4,6,5,8,9,10,12,16,15,17,18,19,11,21,24,22
408,0,1,2,3,4,6,5,8,9,10,12,16,15,17,18,19,11,21,24,22
409,0,1,2,3,4,6,5,8,9,10,12,16,15,17,18,19,11,21,24,22
410,0,1,2,3,4,6,5,8,9,10,12,16,15,17,18,19,11,21,24,22
411,0,1,2,3,4,6,5,8,9,10,12,16,15,17,18,19,11,21,24,22
412,0,1,2,3,4,6,5,8,9,10,12,16,15,17,18,19,11,21,24,22
413,0,1,2,3,4,6,5,8,9,10,12,16,15,17,18,19,11,21,24,22
414,0,1,2,3,4,6,5,8,9,10,12,16,15,17,18,19,11,21,24,22
415,0,1,2,3,4,6,5,8,9,10,12,16,15,17,18,19,11,21,24,22
416,0,1,2,3,4,6,5,8,9,10,12,16,15,17,18,19,11,21,24,22
417,0,1,2,3,4,6,5,8,9,10,12,16,15,17,18,19,11,21,24,22
418,0,1,2,3,4,6,5,8,9,10,12,16,15,17,18,19,11,21,24,22
419,0,1,2,3,4,6,5,8,9,10,12,16,15,17,18,19,11,21,24,22
420,0,1,2,3,4,6,5,8,9,10,12,16,15,17,18,19,11,21,24,22
421,0,1,2,3,4,6,5,8,9,10,12,16,15,17,18,19,11,21,24,22
422,0,1,2,3,4,6,5,8,9,10,12,16,15,17,18,19,11,21,24,22
423,0,1,2,3,4,6,5,8,9,10,12,16,15,17,18,19,11,21,24,22
424,0,1,2,3,4,6,5,8,9,10,12,16,15,17,18,19,11,21,24,22
425,0,1,2,3,4,6,5,8,9,10,12,16,15,17,18,19,11,21,24,22
426,0,1,2,3,4,6,5,8,9,10,12,16,15,17,18,19,11,21,24,22
427,0,1,2,3,4,6,5,8,9,10,12,16,15,17,18,19,11,21,24,22
428,0,1,2,3,4,6,5,8,9,10,12,16,15,17,18,19,11,21,24,22
429,0,1,2,3,4,6,5,8,9,10,12,16,15,17,18,19,11,21,24,22
430,0,1,2,3,4,6,5,8,9,10,12,16,15,17,18,19,11,21,24,22
431,0,1,2,3,4,6,5,8,9,10,12,16,15,17,18,19,11,21,24,22
432,0,1,2,3,4,6,5,8,9,10,12,16,15,17,18,19,11,21,24,22
433,0,1,2,3,4,6,5,8,9,10,12,16,15,17,18,19,11,21,24,22
434,0,1,2,3,4,6,5,8,9,10,12,16,15,17,18,19,11,21,24,22
435,0,1,2,3,4,6,5,8,9,10,12,16,15,17,18,19,11,21,24,22
436,0,1,2,3,4,6,5,8,9,10,12,16,15,17,18,19,11,21,24,22
437,0,1,2,3,4,6,5,8,9,10,12,16,15,17,18,19,11,21,24,22
438,0,1,2,3,4,6,5,8,9,10,12,16,15,17,18,19,11,21,24,22
439,0,1,2,3,4,6,5,8,9,10,12,16,15,17,18,19,11,21,24,22
440,0,1,2,3,4,6,5,8,9,10,12,16,15,17,18,19,11,21,24,22
441,0,1,2,3,4,6,5,8,9,10,12,16,15,17,18,19,11,21,24,22
442,0,1,2,3,4,6,5,8,9,10,12,16,15,17,18,19,11,21,24,22
443,0,1,2,3,4,6,5,8,9,10,12,16,15,17,18,19,11,21,24,22
444,0,1,2,3,4,6,5,8,9,10,12,16,15,17,18,19,11,21,24,22
445,0,1,2,3,4,6,5,8,9,10,12,16,15,17,18,19,11,21,24,22
446,0,1,2,3,4,6,5,8,9,10,12,16,15,17,18,19,11,21,24,22
447,0,1,2,3,4,6,5,8,9,10,12,16,15,17,18,19,11,21,24,22
448,0,1,2,3,4,6,5,8,9,10,12,16,15,17,18,19,11,21,24,22
449,0,1,2,3,4,6,5,8,9,10,12,16,15,17,18,19,11,21,24,22
450,0,1,2,3,4,6,5,8,9,10,12,16,15,17,18,19,11,21,24,22
451,0,1,2,3,4,6,5,8,9,10,12,16,15,17,18,19,11,21,24,22
452,0,1,2,3,4,6,5,8,9,10,12,16,15,17,18,19,11,21,24,22
453,0,1,2,3,4,6,5,8,9,10,12,16,15,17,18,19,11,21,24,22
454,0,1,2,3,4,6,5,8,9,10,12,16,15,17,18,19,11,21,24,22
455,0,1,2,3,4,6,5,8,9,10,12,16,15,17,18,19,11,21,24,22
456,0,1,2,3,4,6,5,8,9,10,12,16,15,17,18,19,11,21,24,22
457,0,1,2,3,4,6,5,8,9,10,12,16,15,17,18,19,11,21,24,22
458,0,1,2,3,4,6,5,8,9,10,12,16,15,17,18,19,11,21,24,22
459,0,1,2,3,4,6,5,8,9,10,12,16,15,17,18,19,11,21,24,22
460,0,1,2,3,4,6,5,8,9,10,12,16,15,17,18,19,11,21,24,22
461,0,1,2,3,4,6,5,8,9,10,12,16,15,17,18,19,11,21,24,22
462,0,1,2,3,4,6,5,8,9,10,12,16,15,17,18,19,11,21,24,22
463,0,1,2,3,4,6,5,8,9,10,12,16,15,17,18,19,11,21,24,22
464,0,1,2,3,4,6,5,8,9,10,12,16,15,17,18,19,11,21,24,22
465,0,1,2,3,4,6,5,8,9,10,12,16,15,17,18,19,11,21,24,22
466,0,1,2,3,4,6,5,8,9,10,12,16,15,17,18,19,11,21,24,22
467,0,1,2,3,4,6,5,8,9,10,12,16,15,17,18,19,11,21,24,22
468,0,1,2,3,4,6,5,8,9,10,12,16,15,17,18,19,11,21,24,22
469,0,1,2,3,4,6,5,8,9,10,12,16,15,17,18,19,11,21,24,22
470,0,1,2,3,4,6,5,8,9,10,12,16,15,17,18,19,11,21,24,22
471,0,1,2,3,4,6,5,8,9,10,12,16,15,17,18,19,11,21,24,22
472,0,1,2,3,4,6,5,8,9,10,12,16,15,17,18,19,11,21,24,22
473,0,1,2,3,4,6,5,8,9,10,12,16,15,17,18,19,11,21,24,22
474,0,1,2,3,4,6,5,8,9,10,12,16,15,17,18,19,11,21,24,22
475,0,1,2,3,4,6,5,8,9,10,12,16,15,17,18,19,11,21,24,22
476,0,1,2,3,4,6,5,8,9,10,12,16,15,17,18,19,11,21,24,22
477,0,1,2,3,4,6,5,8,9,10,12,16,15,17,18,19,11,21,24,22
478,0,1,2,3,4,6,5,8,9,10,12,16,15,17,18,19,11,21,24,22
479,0,1,2,3,4,6,5,8,9,10,12,16,15,17,18,19,11,21,24,22
480,0,1,2,3,4,6,5,8,9,10,12,16,15,17,18,19,11,21,24,22
481,0,1,2,3,4,6,5,8,9,10,12,16,15,17,18,19,11,21,24,22
482,0,1,2,3,4,6,5,8,9,10,12,16,15,17,18,19,11,21,24,22
483,0,1,2,3,4,6,5,8,9,10,12,16,15,17,18,19,11,21,24,22
484,0,1,2,3,4,6,5,8,9,10,12,16,15,17,18,19,11,21,24,22
485,0,1,2,3,4,6,5,8,9,10,12,16,15,17,18,19,11,21,24,22
486,0,1,2,3,4,6,5,8,9,10,12,16,15,17,18,19,11,21,24,22
487,0,1,2,3,4,6,5,8,9,10,12,16,15,17,18,19,11,21,24,22
488,0,1,2,3,4,6,5,8,9,10,12,16,15,17,18,19,11,21,24,22
489,0,1,2,3,4,6,5,8,9,10,12,16,15,17,18,19,11,21,24,22
490,0,1,2,3,4,6,5,8,9,10,12,16,15,17,18,19,11,21,24,22
491,0,1,2,3,4,6,5,8,9,10,12,16,15,17,18,19,11,21,24,22
492,0,1,2,3,4,6,5,8,9,10,12,16,15,17,18,19,11,21,24,22
493,0,1,2,3,4,6,5,8,9,10,12,16,15,17,18,19,11,21,24,22
494,0,1,2,3,4,6,5,8,9,10,12,16,15,17,18,19,11,21,24,22
495,0,1,2,3,4,6,5,8,9,10,12,16,15,17,18,19,11,21,24,22
496,0,1,2,3,4,6,5,8,9,10,12,16,15,17,18,19,11,21,24,22
497,0,1,2,3,4,6,5,8,9,10,12,16,15,17,18,19,11,21,24,22
498,0,1,2,3,4,6,5,8,9,10,12,16,15,17,18,19,11,21,24,22
499,0,1,2,3,4,6,5,8,9,10,12,16,15,17,18,19,11,21,24,22
500,0,1,2,3,4,6,5,8,9,10,12,16,15,17,18,19,11,21,24,22
501,0,1,2,3,4,6,5,8,9,10,12,16,15,17,18,19,11,21,24,22
502,0,1,2,3,4,6,5,8,9,10,12,16,15,17,18,19,11,21,24,22
503,0,1,2,3,4,6,5,8,9,10,12,16,15,17,18,19,11,21,24,22
504,0,1,2,3,4,6,5,8,9,10,12,16,15,17,18,19,11,21,24,22
505,0,1,2,3,4,6,5,8,9,10,12,16,15,17,18,19,11,21,24,22
506,0,1,2,3,4,6,5,8,9,10,12,16,15,17,18,19,11,21,24,22
507,0,1,2,3,4,6,5,8,9,10,12,16,15,17,18,19,11,21,24,22
508,0,1,2,3,4,6,5,8,9,10,12,16,15,17,18,19,11,21,24,22
509,0,1,2,3,4,6,5,8,9,10,12,16,15,17,18,19,11,21,24,22
510,0,1,2,3,4,6,5,8,9,10,12,16,15,17,18,19,11,21,24,22
511,0,1,2,3,4,6,5,8,9,10,12,16,15,17,18,19,11,21,24,22
512,0,1,2,3,4,6,5,8,9,10,12,16,15,17,18,19,11,21,24,22
513,0,1,2,3,4,6,5,8,9,10,12,16,15,17,18,19,11,21,24,22
514,0,1,2,3,4,6,5,8,9,10,12,16,15,17,18,19,11,21,24,22
515,0,1,2,3,4,6,5,8,9,10,12,16,15,17,18,19,11,21,24,22
516,0,1,2,3,4,6,5,8,9,10,12,16,15,17,18,19,11,21,24,22
517,0,1,2,3,4,6,5,8,9,10,12,16,15,17,18,19,11,21,24,22
518,0,1,2,3,4,6,5,8,9,10,12,16,15,17,18,19,11,21,24,22
519,0,1,2,3,4,6,5,8,9,10,12,16,15,17,18,19,11,21,24,22
520,0,1,2,3,4,6,5,8,9,10,12,16,15,17,18,19,11,21,24,22
521,0,1,2,3,4,6,5,8,9,10,12,16,15,17,18,19,11,21,24,22
522,0,1,2,3,4,6,5,8,9,10,12,16,15,17,18,19,11,21,24,22
523,0,1,2,3,4,6,5,8,9,10,12,16,15,17,18,19,11,21,24,22
524,0,1,2,3,4,6,5,8,9,10,12,16,15,17,18,19,11,21,24,22
525,0,1,2,3,4,6,5,8,9,10,12,16,15,17,18,19,11,21,24,22
526,0,1,2,3,4,6,5,8,9,10,12,16,15,17,18,19,11,21,24,22
527,0,1,2,3,4,6,5,8,9,10,12,16,15,17,18,19,11,21,24,22
528,0,1,2,3,4,6,5,8,9,10,12,16,15,17,18,19,11,21,24,22
529,0,1,2,3,4,6,5,8,9,10,12,16,15,17,18,19,11,21,24,22
530,0,1,2,3,4,6,5,8,9,10,12,16,15,17,18,19,11,21,24,22
531,0,1,2,3,4,6,5,8,9,10,12,16,15,17,18,19,11,21,24,22
532,0,1,2,3,4,6,5,8,9,10,12,16,15,17,18,19,11,21,24,22
533,0,1,2,3,4,6,5,8,9,10,12,16,15,17,18,19,11,21,24,22
534,0,1,2,3,4,6,5,8,9,10,12,16,15,17,18,19,11,21,24,22
535,0,1,2,3,4,6,5,8,9,10,12,16,15,17,18,19,11,21,24,22
536,0,1,2,3,4,6,5,8,9,10,12,16,15,17,18,19,11,21,24,22
537,0,1,2,3,4,6,5,8,9,10,12,16,15,17,18,19,11,21,24,22
538,0,1,2,3,4,6,5,8,9,10,12,16,15,17,18,19,11,21,24,22
539,0,1,2,3,4,6,5,8,9,10,12,16,15,17,18,19,11,21,24,22
540,0,1,2,3,4,6,5,8,9,10,12,16,15,17,18,19,11,21,24,22
541,0,1,2,3,4,6,5,8,9,10,12,16,15,17,18,19,11,21,24,22
542,0,1,2,3,4,6,5,8,9,10,12,16,15,17,18,19,11,21,24,22
543,0,1,2,3,4,6,5,8,9,10,12,16,15,17,18,19,11,21,24,22
544,0,1,2,3,4,6,5,8,9,10,12,16,15,17,18,19,11,21,24,22
545,0,1,2,3,4,6,5,8,9,10,12,16,15,17,18,19,11,21,24,22
546,0,1,2,3,4,6,5,8,9,10,12,15,16,17,18,19,11,21,22,24
547,0,1,2,3,4,6,5,8,9,10,12,15,16,17,18,19,11,21,22,24
548,0,1,2,3,4,6,5,8,9,10,12,15,16,17,18,19,11,21,22,23
549,0,1,2,3,4,6,5,8,9,10,12,15,16,17,18,19,11,21,22,23
550,0,1,2,3,4,6,5,8,9,10,12,15,16,17,18,19,11,21,22,23
551,0,1,2,3,4,6,5,8,9,10,12,15,16,17,18,19,11,21,22,23
552,0,1,2,3,4,6,5,8,9,10,12,15,16,17,18,19,11,21,22,23
553,0,1,2,3,4,6,5,8,9,10,12,15,16,17,18,19,11,21,22,23
554,0,1,2,3,4,6,5,8,9,10,12,15,16,17,18,19,11,21,22,23
555,0,1,2,3,4,6,5,8,9,10,12,15,16,17,18,19,11,21,22,23
556,0,1,2,3,4,6,5,8,9,10,12,15,16,17,18,19,11,21,22,23
557,0,1,2,3,4,6,5,8,9,10,12,15,16,17,18,19,11,21,22,23
558,0,1,2,3,4,6,5,8,9,10,12,15,16,17,18,19,11,21,22,23
559,0,1,2,3,4,6,5,8,9,10,12,15,16,17,18,19,11,21,22,23
560,0,1,2,3,4,6,5,8,9,10,12,15,16,17,18,19,11,21,22,23
561,0,1,2,3,4,6,5,8,9,10,12,15,16,17,18,19,11,21,22,23
562,0,1,2,3,4,6,5,8,9,10,12,15,16,17,18,19,11,21,22,23
563,0,1,2,3,4,6,5,8,9,10,12,15,16,17,18,19,11,21,22,23
564,0,1,2,3,4,6,5,8,9,10,12,15,16,17,18,19,11,21,22,23
565,0,1,2,3,4,6,5,8,9,10,12,15,16,17,18,19,11,21,22,23
566,0,1,2,3,4,6,5,8,9,10,12,15,16,17,18,19,11,21,22,23
567,0,1,2,3,4,6,5,8,9,10,12,15,16,17,18,19,11,21,22,23
568,0,1,2,3,4,6,5,8,9,10,12,15,16,17,18,19,11,21,22,23
569,0,1,2,3,4,6,5,8,9,10,12,15,16,17,18,19,11,21,22,23
570,0,1,2,3,4,6,5,8,9,10,12,15,16,17,18,19,11,21,22,23
571,0,1,2,3,4,6,5,8,9,10,12,15,16,17,18,19,11,21,22,23
572,0,1,2,3,4,6,5,8,9,10,12,15,16,17,18,19,11,21,22,23
573,0,1,2,3,4,6,5,8,9,10,12,15,16,17,18,19,11,21,22,23
574,0,1,2,3,4,6,5,8,9,10,12,15,16,17,18,19,11,21,22,23
575,0,1,2,3,4,6,5,8,9,10,12,15,16,17,18,19,11,21,22,23
576,0,1,2,3,4,6,5,8,9,10,12,15,16,17,18,19,11,21,22,23
577,0,1,2,3,4,6,5,8,9,10,12,15,16,17,18,19,11,21,22,23
578,0,1,2,3,4,6,5,8,9,10,12,15,16,17,18,19,11,21,22,23
579,0,1,2,3,4,6,5,8,9,10,12,15,16,17,18,19,11,21,22,23
580,0,1,2,3,4,6,5,8,9,10,12,15,16,17,18,19,11,21,22,23
581,0,1,2,3,4,6,5,8,9,10,12,15,16,17,18,19,11,21,22,23
582,0,1,2,3,4,6,5,8,9,10,12,15,16,17,18,19,11,21,22,23
583,0,1,2,3,4,6,5,8,9,10,12,15,16,17,18,19,11,21,22,23
584,0,1,2,3,4,6,5,8,9,10,12,15,16,17,18,19,11,21,22,23
585,0,1,2,3,4,6,5,8,9,10,12,15,16,17,18,19,11,21,22,23
586,0,1,2,3,4,6,5,8,9,10,12,15,16,17,18,19,11,21,22,23
587,0,1,2,3,4,6,5,8,9,10,12,15,16,17,18,19,11,21,22,23
588,0,1,2,3,4,6,5,8,9,10,12,15,16,17,18,19,11,21,22,23
589,0,1,2,3,4,6,5,8,9,10,12,15,16,17,18,19,11,21,22,23
590,0,1,2,3,4,6,5,8,9,10,12,15,16,17,18,19,11,21,22,23
591,0,1,2,3,4,6,5,8,9,10,12,15,16,17,18,19,11,21,22,23
592,0,1,2,3,4,6,5,8,9,10,12,15,16,17,18,19,11,21,22,23
593,0,1,2,3,4,6,5,8,9,10,12,15,16,17,18,19,11,21,22,23
594,0,1,2,3,4,6,5,8,9,10,12,15,16,17,18,19,11,21,22,23
595,0,1,2,3,4,6,5,8,9,10,12,15,16,17,18,19,11,21,22,23
596,0,1,2,3,4,6,5,8,9,10,12,15,16,17,18,19,11,21,22,23
597,0,1,2,3,4,6,5,8,9,10,12,15,16,17,18,19,11,21,22,23
598,0,1,2,3,4,6,5,8,9,10,12,15,16,17,18,19,11,21,22,23
599,0,1,2,3,4,6,5,8,9,10,12,15,16,17,18,19,11,21,22,23
600,0,1,2,3,4,6,5,8,9,10,12,15,16,17,18,19,11,21,22,23
601,0,1,2,3,4,6,5,8,9,10,12,15,16,17,18,19,11,21,22,23
602,0,1,2,3,4,6,5,8,9,10,12,15,16,17,18,19,11,21,22,23
603,0,1,2,3,4,6,5,8,9,10,12,15,16,17,18,19,11,21,22,23
604,0,1,2,3,4,6,5,8,9,10,12,15,16,17,18,19,11,21,22,23
605,0,1,2,3,4,6,5,8,9,10,12,15,16,17,18,19,11,21,22,23
606,0,1,2,3,4,6,5,8,9,10,12,15,16,17,18,19,11,21,22,23
607,0,1,2,3,4,6,5,8,9,10,12,15,16,17,18,19,11,21,22,23
608,0,1,2,3,4,6,5,8,9,10,12,15,16,17,18,19,11,21,22,23
609,0,1,2,3,4,6,5,8,9,10,12,15,16,17,18,19,11,21,22,23
610,0,1,2,3,4,6,5,8,9,10,12,15,16,17,18,19,11,21,22,23
611,0,1,2,3,4,8,9,10,6,5,12,15,16,17,18,19,11,21,22,23
612,0,1,2,3,4,8,9,10,6,5,12,15,16,17,18,19,11,21,22,23
613,0,1,2,3,4,8,9,10,6,5,12,15,16,17,18,19,11,21,22,23
614,0,1,2,3,4,8,9,10,12,6,5,15,16,17,18,19,11,21,22,23
615,0,1,2,3,4,8,9,10,12,6,15,5,16,17,18,19,11,21,22,23
616,0,1,2,3,4,8,9,10,12,6,15,5,16,17,18,19,21,22,23,11
617,0,1,2,3,4,8,9,10,12,6,15,5,16,17,18,19,21,22,23,11
618,0,1,2,3,4,8,9,10,12,6,15,5,16,17,18,19,21,22,23,25
619,0,1,2,3,4,8,9,10,12,6,15,5,16,17,18,19,21,22,23,25
620,0,1,2,3,4,8,9,10,12,6,15,5,16,17,18,19,21,22,23,25
621,0,1,2,3,4,8,9,10,12,6,15,5,16,17,18,19,21,22,23,25
622,0,1,2,3,4,8,9,10,12,6,15,5,16,17,18,19,21,22,23,25
623,0,1,2,3,4,8,9,10,12,6,15,5,16,17,18,19,21,22,23,25
624,0,1,2,3,4,8,9,10,12,6,15,5,16,17,18,19,21,22,23,25
625,0,1,2,3,4,8,9,10,12,6,15,5,16,17,18,19,21,22,23,25
626,0,1,2,3,4,8,9,10,12,6,15,5,16,17,18,19,21,22,23,25
627,0,1,2,3,4,8,9,10,12,6,15,5,16,17,18,19,21,22,23,25
628,0,1,2,3,4,8,9,10,12,6,15,5,16,17,18,19,21,22,23,25
629,0,1,2,3,4,8,9,10,12,6,15,5,16,17,18,19,21,22,23,25
630,0,1,2,3,4,8,9,10,12,6,15,5,16,17,18,19,21,22,23,25
631,0,1,2,3,4,8,9,10,12,6,15,5,16,17,18,19,21,22,23,25
632,0,1,2,3,4,8,9,10,12,6,15,5,16,17,18,19,21,22,23,25
633,0,1,2,3,4,8,9,10,12,6,15,5,16,17,18,19,21,22,23,25
634,0,1,2,3,4,8,9,10,12,6,15,5,16,17,18,19,21,22,23,25
635,0,1,2,3,4,8,9,10,12,6,15,5,16,17,18,19,21,22,23,25
636,0,1,2,3,4,8,9,10,12,6,15,5,16,17,18,19,21,22,23,25
637,0,1,2,3,4,8,9,10,12,6,15,5,16,17,18,19,21,22,23,25
638,0,1,2,3,4,8,9,10,12,6,15,5,16,17,18,19,21,22,23,25
639,0,1,2,3,4,8,9,10,12,6,15,5,16,17,18,19,21,22,23,25
640,0,1,2,3,4,8,9,10,12,6,15,5,16,17,18,19,21,22,23,25
641,0,1,2,3,4,8,9,10,12,6,15,5,16,17,18,19,21,22,23,25
642,0,1,2,3,4,8,9,10,12,6,15,5,16,17,18,19,21,22,23,25
643,0,1,2,3,4,8,9,10,12,6,15,5,16,17,18,19,21,22,23,25
644,0,1,2,3,4,8,9,10,12,6,15,5,16,17,18,19,21,22,23,25
645,0,1,2,3,4,8,9,10,12,6,15,5,16,17,18,19,21,22,23,25
646,0,1,2,3,4,8,9,10,12,6,15,5,16,17,18,19,21,22,23,25
647,0,1,2,3,4,8,9,10,12,6,15,5,16,17,18,19,21,22,23,25
648,0,1,2,3,4,8,9,10,12,6,15,5,16,17,18,19,21,22,23,25
649,0,1,2,3,4,8,9,10,12,6,15,5,16,17,18,19,21,22,23,25
650,0,1,2,3,4,8,9,10,12,6,15,5,16,17,18,19,21,22,23,25
651,0,1,2,3,4,8,9,10,12,6,15,5,16,17,18,19,21,22,23,25
652,0,1,2,3,4,8,9,10,12,6,15,5,16,17,18,19,21,22,23,25
653,0,1,2,3,4,8,9,10,12,6,15,5,16,17,18,19,21,22,23,25
654,0,1,2,3,4,8,9,10,12,6,15,5,16,17,18,19,21,22,23,25
655,0,1,2,3,4,8,9,10,12,6,15,5,16,17,18,19,21,22,23,25
656,0,1,2,3,4,8,9,10,12,6,15,5,16,17,18,19,22,23,25,21
657,0,1,2,3,4,8,9,10,12,6,15,5,17,18,16,19,22,23,25,21
658,0,1,2,3,4,8,9,10,12,6,15,5,17,18,16,19,22,23,25,20
659,0,1,2,3,4,8,9,10,12,6,15,5,17,18,19,16,22,23,25,20
660,0,1,2,3,4,8,9,10,12,6,15,5,17,18,19,16,22,23,25,20
661,0,1,2,3,4,8,9,10,12,6,15,5,17,18,19,16,22,23,25,20
662,0,1,2,3,4,8,9,10,12,6,15,5,17,18,19,16,22,23,25,20
663,0,1,2,3,4,8,9,10,12,6,15,5,17,18,19,16,22,23,25,20
664,0,1,2,3,4,8,9,10,12,6,15,5,17,18,19,16,22,23,25,20
665,0,1,2,3,4,8,9,10,12,6,15,5,17,18,19,16,22,23,25,20
666,0,1,2,3,4,8,9,10,12,6,15,5,17,18,19,16,22,23,25,20
667,0,1,2,3,4,8,9,10,12,6,15,5,17,18,19,16,22,23,25,20
668,0,1,2,3,4,8,9,10,12,6,15,5,17,18,19,16,22,23,25,20
669,0,1,2,3,4,8,9,10,12,6,15,5,17,18,19,16,22,23,25,20
670,0,1,2,3,4,8,9,10,12,6,15,5,17,18,19,16,22,23,25,20
671,0,1,2,3,4,8,9,10,12,6,15,5,17,18,19,16,22,23,25,20
672,0,1,2,3,4,8,9,10,12,6,15,5,17,18,19,16,22,23,25,20
673,0,1,2,3,4,8,9,10,12,6,15,5,17,18,19,16,22,23,25,20
674,0,1,2,3,4,8,9,10,12,6,15,5,17,18,19,16,22,23,25,20
675,0,1,2,3,4,8,9,10,12,6,15,5,17,18,19,16,22,23,25,20
676,0,1,2,3,4,8,9,10,12,6,15,5,17,18,19,16,22,23,25,20
677,0,1,2,3,4,8,9,10,12,6,15,5,17,18,19,16,22,23,25,20
678,0,1,2,3,4,8,9,10,12,6,15,5,17,18,19,16,22,23,25,20
679,0,1,2,3,4,8,9,10,12,6,15,5,17,18,19,16,22,23,25,20
680,0,1,2,3,4,8,9,10,12,6,15,5,17,18,19,16,22,23,25,20
681,0,1,2,3,4,8,9,10,12,6,15,5,17,18,19,16,22,23,25,20
682,0,1,2,3,4,8,9,10,12,6,15,5,17,18,19,16,22,23,25,20
683,0,1,2,3,4,8,9,10,12,6,15,5,17,18,19,16,22,23,25,20
684,0,1,2,3,4,8,9,10,12,6,15,5,17,18,19,16,22,23,25,20
685,0,1,2,3,4,8,9,10,12,6,15,5,17,18,19,16,22,23,25,20
686,0,1,2,3,4,8,9,10,12,6,15,5,17,18,19,16,22,23,25,20
687,0,1,2,3,4,8,9,10,12,6,15,5,17,18,19,16,22,23,25,20
688,0,1,2,3,4,8,9,10,12,6,15,5,17,18,19,16,22,23,25,20
689,0,1,2,3,4,8,9,10,12,6,15,5,17,18,19,16,22,23,25,20
690,0,1,2,3,4,8,9,10,12,6,15,5,17,18,19,16,22,23,25,20
691,0,1,2,3,4,8,9,10,12,6,15,5,17,18,19,16,22,23,25,20
692,0,1,2,3,4,8,9,10,12,6,15,5,17,18,19,16,22,23,25,20
693,0,1,2,3,4,8,9,10,12,6,15,5,17,18,19,16,22,23,25,20
694,0,1,2,3,4,8,9,10,12,6,15,5,17,18,19,16,22,23,25,20
695,0,1,2,3,4,8,9,10,12,6,15,5,17,18,19,16,22,23,25,20
696,0,1,2,3,4,8,9,10,12,6,15,5,17,18,19,16,22,23,25,20
697,0,1,2,3,4,8,9,10,12,6,15,5,17,18,19,16,22,23,25,20
698,0,1,2,3,4,8,9,10,12,6,15,5,17,18,19,16,22,23,25,20
699,0,1,2,3,4,8,9,10,12,6,15,5,17,18,19,16,22,23,25,20
700,0,1,2,3,4,8,9,10,12,6,15,5,17,18,19,16,22,23,25,20
701,0,1,2,3,4,8,9,10,12,6,15,5,17,18,19,16,22,23,25,20
702,0,1,2,3,4,8,9,10,12,6,15,5,17,18,19,16,22,23,25,20
703,0,1,2,3,4,8,9,10,12,6,15,5,17,18,19,16,22,23,25,20
704,0,1,2,3,4,8,9,10,12,6,15,5,17,18,19,16,22,23,25,20
705,0,1,2,3,4,8,9,10,12,6,15,5,17,18,19,16,22,23,25,20
706,0,1,2,3,4,8,9,10,12,6,15,5,17,18,19,16,22,23,25,20
707,0,1,2,3,4,8,9,10,12,6,15,5,17,18,19,16,22,23,25,20
708,0,1,2,3,4,8,9,10,12,6,15,5,17,18,19,16,22,23,25,20
709,0,1,2,3,4,8,9,10,12,6,15,5,17,18,19,16,22,23,25,20
710,0,1,2,3,4,8,9,10,12,6,15,5,17,18,19,16,22,23,25,20
711,0,1,2,3,4,8,9,10,12,6,15,5,17,18,19,16,22,23,25,20
712,0,1,2,3,4,8,9,10,12,6,15,5,17,18,19,16,22,23,25,20
713,0,1,2,3,4,8,9,10,12,6,15,5,17,18,19,16,22,23,25,20
714,0,1,2,3,4,8,9,10,12,6,15,5,17,18,19,16,22,23,25,20
715,0,1,2,3,4,8,9,10,12,6,15,5,17,18,19,16,22,23,25,20
716,0,1,2,3,4,8,9,10,12,6,15,5,17,18,19,16,22,23,25,20
717,0,1,2,3,4,8,9,10,12,6,15,5,17,18,19,16,22,23,25,20
718,0,1,2,3,4,8,9,10,12,6,15,5,17,18,19,16,22,23,25,20
719,0,1,2,3,4,8,9,10,12,6,15,5,17,18,19,16,22,23,25,20
720,0,1,2,3,4,8,9,10,12,6,15,5,17,18,19,16,22,23,25,20
721,0,1,2,3,4,8,9,10,12,6,15,5,17,18,19,16,22,23,25,20
722,0,1,2,3,4,8,9,10,12,6,15,5,17,18,19,16,22,23,25,20
723,0,1,2,3,4,8,9,10,12,6,15,5,17,18,19,16,22,23,25,20
724,0,1,2,3,4,8,9,10,12,6,15,5,17,18,19,16,22,23,25,20
725,0,1,2,3,4,8,9,10,12,6,15,5,17,18,19,16,22,23,25,20
726,0,1,2,3,4,8,9,10,12,6,15,5,17,18,19,16,22,23,25,20
727,0,1,2,3,4,8,9,10,12,6,15,5,17,18,19,16,22,23,25,20
728,0,1,2,3,4,8,9,10,12,6,15,5,17,18,19,16,22,23,25,20
729,0,1,2,3,4,8,9,10,12,6,15,5,17,18,19,16,22,23,25,20
730,0,1,2,3,4,8,9,10,12,6,15,5,17,18,19,16,22,23,25,20
731,0,1,2,3,4,8,9,10,12,6,15,5,17,18,19,16,22,23,25,20
732,0,1,2,3,4,8,9,10,12,6,15,5,17,18,19,16,22,23,25,20
733,0,1,2,3,4,8,9,10,12,6,15,5,17,18,19,16,22,23,25,20
734,0,1,2,3,4,8,9,10,12,6,15,5,17,18,19,16,22,23,25,20
735,0,1,2,3,4,8,9,10,12,6,15,5,17,18,19,16,22,23,25,20
736,0,1,2,3,4,8,9,10,12,6,15,5,17,18,19,16,22,23,25,20
737,0,1,2,3,4,8,9,10,12,6,15,5,17,18,19,16,22,23,25,20
738,0,1,2,3,4,8,9,10,12,6,15,5,17,18,19,16,22,23,25,20
739,0,1,2,3,4,8,9,10,12,6,15,5,17,18,19,16,22,23,25,20
740,0,1,2,3,4,8,9,10,12,6,15,5,17,18,19,16,22,23,25,20
741,0,1,2,3,4,8,9,10,12,6,15,5,17,18,19,16,22,23,25,20
742,0,1,2,3,4,8,9,10,12,6,15,5,17,18,19,16,22,23,25,20
743,0,1,2,3,4,8,9,10,12,6,15,5,17,18,19,16,22,23,25,26
744,0,1,2,3,4,8,9,10,12,6,15,5,17,18,19,16,22,23,25,26
745,0,1,2,3,4,8,9,10,12,6,15,5,17,18,19,16,22,23,25,26
746,0,1,2,3,4,8,9,10,12,6,15,5,17,18,19,16,22,23,25,26
747,0,1,2,3,4,8,9,10,12,6,15,5,17,18,19,16,22,23,25,26
748,0,1,2,3,4,8,9,10,12,6,15,5,17,18,19,16,22,23,25,26
749,0,1,2,3,4,8,9,10,12,6,15,5,17,18,19,16,22,23,25,26
750,0,1,2,3,4,8,9,10,12,6,15,5,17,18,19,16,22,23,25,26
751,0,1,2,3,4,8,9,10,12,6,15,5,17,18,19,16,22,23,25,26
752,0,1,2,3,4,8,9,10,12,6,15,5,17,18,19,16,22,23,25,26
753,0,1,2,3,4,8,9,10,12,6,15,5,17,18,19,16,22,23,25,26
754,0,1,2,3,4,8,9,10,12,6,15,5,17,18,19,16,22,23,25,26
755,0,1,2,3,4,8,9,10,12,6,15,5,17,18,19,16,22,23,25,26
756,0,1,2,3,4,8,9,10,12,6,15,5,17,18,19,16,22,23,25,26
757,0,1,2,3,4,8,9,10,12,6,15,5,17,18,19,16,22,23,25,26
758,0,1,2,3,4,8,9,10,12,6,15,5,17,18,19,16,22,23,25,26
759,0,1,2,3,4,8,9,10,12,6,15,5,17,18,19,16,22,23,25,26
760,0,1,2,3,4,8,9,10,12,6,15,5,17,18,19,16,22,23,25,26
761,0,1,2,3,4,8,9,10,12,6,15,5,17,18,19,16,22,23,25,26
762,0,1,2,3,4,8,9,10,12,6,15,5,17,18,19,16,22,23,25,26
763,0,1,2,3,4,8,9,10,12,6,15,5,17,18,19,16,22,23,25,26
764,0,1,2,3,4,8,9,10,12,6,15,5,17,18,19,16,22,23,25,26
765,0,1,2,3,4,8,9,10,12,6,15,5,17,18,19,16,22,23,25,26
766,0,1,2,3,4,8,9,10,12,6,15,5,17,18,19,16,22,23,25,26
767,0,1,2,3,4,8,9,10,12,6,15,5,17,18,19,16,22,23,25,26
768,0,1,2,3,4,8,9,10,12,6,15,5,17,18,19,16,22,23,25,26
769,0,1,2,3,4,8,9,10,12,6,15,5,17,18,19,16,22,23,25,26
770,0,1,2,3,4,8,9,10,12,6,15,5,17,18,19,16,22,23,25,26
771,0,1,2,3,4,8,9,10,12,6,15,5,17,18,19,16,22,23,25,26
772,0,1,2,3,4,8,9,10,12,6,15,5,17,18,19,16,22,23,25,26
773,0,1,2,3,4,8,9,10,12,6,15,5,17,18,19,16,22,23,25,26
774,0,1,2,3,4,8,9,10,12,6,15,5,17,18,19,16,22,23,25,26
775,0,1,2,3,4,8,9,10,12,6,15,5,17,18,19,16,22,23,25,26
776,0,1,2,3,4,8,9,10,12,6,15,5,17,18,19,16,22,23,25,26
777,0,1,2,3,4,8,9,10,12,6,15,5,17,18,19,16,22,23,25,26
778,0,1,2,3,4,8,9,10,12,6,15,5,17,18,19,16,22,23,25,26
779,0,1,2,3,4,8,9,10,12,6,15,5,17,18,19,16,22,23,25,26
780,0,1,2,3,4,8,9,10,12,6,15,5,17,18,19,16,22,23,25,26
781,0,1,2,3,4,8,9,10,12,6,15,5,17,18,19,16,22,23,25,26
782,0,1,2,3,4,8,9,10,12,6,15,5,17,18,19,16,22,23,25,26
783,0,1,2,3,4,8,9,10,12,6,15,5,17,18,19,16,22,23,25,27
784,0,1,2,3,4,8,9,10,12,6,15,5,17,18,19,16,22,23,25,27
785,0,1,2,3,4,8,9,10,12,6,15,5,17,18,19,16,22,23,25,27
786,0,1,2,3,4,8,9,10,12,6,15,5,17,18,19,16,22,23,25,27
787,0,1,2,3,4,8,9,10,12,6,15,5,17,18,19,16,22,23,25,27
788,0,1,2,3,4,8,9,10,12,6,15,5,17,18,19,16,22,23,25,26
789,0,1,2,3,4,8,9,10,12,6,15,5,17,18,19,16,22,23,25,26
790,0,1,2,3,4,8,9,10,12,6,15,5,17,18,19,16,22,23,25,26
791,0,1,2,3,4,8,9,10,12,6,15,5,17,18,19,16,22,23,25,26
792,0,1,2,3,4,8,9,10,12,6,15,5,17,18,16,22,19,23,25,26
793,0,1,2,3,4,12,8,9,10,6,15,5,17,18,16,22,19,23,25,21
794,0,1,2,12,3,4,8,9,10,6,15,5,22,16,17,18,19,23,25,21
795,0,1,2,12,3,4,8,9,10,6,15,5,22,16,17,18,19,21,23,25
796,0,1,2,12,3,4,8,9,10,6,15,5,22,16,17,18,19,21,23,25
797,0,1,2,12,3,4,8,9,10,6,15,5,22,16,17,18,19,21,23,25
798,0,1,2,12,3,4,8,9,10,6,15,5,22,16,17,18,19,21,23,25
799,0,1,2,12,3,4,8,9,10,6,15,5,22,16,17,18,19,21,23,25
800,0,1,2,12,3,4,8,9,10,6,15,5,22,16,17,18,19,21,23,25
801,0,1,2,12,3,4,8,9,10,6,15,5,22,16,17,18,19,21,23,25
802,0,1,2,12,3,4,8,9,10,6,15,5,22,16,17,18,19,21,23,25
803,0,1,2,12,3,4,8,9,10,6,15,5,22,16,17,18,19,21,23,25
804,0,1,2,12,3,4,8,9,10,6,15,5,22,16,17,18,19,21,23,25
805,0,1,2,12,3,4,8,9,10,6,15,5,22,16,17,18,19,21,23,25
806,0,1,2,12,3,4,8,9,10,6,15,5,22,16,17,18,19,21,23,25
807,0,1,2,12,3,4,8,9,10,6,15,5,22,16,17,18,19,21,23,25
808,0,1,2,12,3,4,8,9,10,6,15,5,22,16,17,18,19,21,23,25
809,0,1,2,12,3,4,8,9,10,6,15,5,22,16,17,18,19,21,23,25
810,0,1,2,12,3,4,8,9,10,6,15,5,22,16,17,18,19,21,23,25
811,0,1,2,12,3,4,8,9,10,6,15,5,22,16,17,18,19,21,23,25
812,0,1,2,12,3,4,8,9,10,6,15,5,22,16,17,18,19,21,23,25
813,0,1,2,12,3,4,8,9,10,6,15,5,22,16,17,18,19,21,23,25
814,0,1,2,12,3,4,8,9,10,6,15,5,22,16,17,18,19,21,23,25
815,0,1,2,12,3,4,8,9,10,6,15,5,22,16,17,18,19,21,23,25
816,0,1,2,12,3,4,8,9,10,6,15,5,22,16,17,18,19,21,23,25
817,0,1,2,12,3,4,8,9,10,6,15,5,22,16,17,18,19,21,23,25
818,0,1,2,12,3,4,8,9,10,6,15,5,22,16,17,18,19,21,23,25
819,0,1,2,12,3,4,8,9,10,6,15,5,22,16,17,18,19,21,23,25
820,0,1,2,12,3,4,8,9,10,6,15,5,22,16,17,18,19,21,23,25
821,0,1,2,12,3,4,8,9,10,6,15,5,22,16,17,18,19,21,23,25
822,0,1,2,12,3,4,8,9,10,6,15,5,22,17,18,16,19,21,23,25
823,0,1,2,12,3,4,8,9,10,6,15,5,22,17,18,16,19,21,23,25
824,0,1,2,12,3,4,8,9,10,6,15,5,22,17,18,19,16,21,23,25
825,0,1,2,12,3,4,8,9,10,6,15,5,22,17,18,19,16,21,23,25
826,0,1,2,12,3,4,8,9,10,6,15,5,22,17,18,19,16,21,23,25
827,0,1,2,12,3,4,8,9,10,6,15,5,22,17,18,19,16,21,23,25
828,0,1,2,12,3,4,8,9,10,6,15,5,22,17,18,19,16,21,23,25
829,0,1,2,12,3,4,8,9,10,6,15,5,22,17,18,19,16,21,23,25
830,0,1,2,12,3,4,8,9,10,6,15,5,22,17,18,19,16,21,23,25
831,0,1,2,12,3,4,8,9,10,6,15,5,22,17,18,19,16,21,23,25
832,0,1,2,12,3,4,8,9,10,6,15,5,22,17,18,19,16,21,23,25
833,0,1,2,12,3,4,8,9,10,6,15,5,22,17,18,19,16,21,23,25
834,0,1,2,12,3,4,8,9,10,6,15,5,22,17,18,19,16,21,23,25
835,0,1,2,12,3,4,8,9,10,6,15,5,22,17,18,19,16,21,23,25
836,0,1,2,12,3,4,8,9,10,6,15,5,22,17,18,19,16,21,23,25
837,0,1,2,12,3,4,8,9,10,6,15,5,22,17,18,19,16,21,23,25
838,0,1,2,12,3,4,8,9,10,6,15,5,22,17,18,19,16,21,23,25
839,0,1,2,12,3,4,8,9,10,6,15,5,22,17,18,19,16,21,23,25
840,0,1,2,12,3,4,8,9,10,6,15,5,22,17,18,19,16,21,23,25
841,0,1,2,12,3,4,8,9,10,6,15,5,22,17,18,19,21,16,23,25
842,0,1,2,12,3,4,8,9,10,6,15,5,22,17,18,19,21,16,23,25
843,0,1,2,12,3,4,8,9,10,6,15,5,22,17,18,21,19,16,23,27
844,0,1,2,12,3,4,8,9,10,6,15,5,22,17,18,21,19,16,23,27
845,0,1,2,12,3,4,8,9,10,6,15,5,22,17,18,21,19,16,27,23
846,0,1,2,12,3,4,8,9,10,6,15,5,22,17,18,21,19,16,27,23
847,0,1,2,12,3,4,8,9,10,6,15,5,22,17,18,21,19,16,27,23
848,0,1,2,12,3,4,8,9,10,6,15,5,22,17,18,21,19,16,27,23
849,0,1,2,12,3,4,8,9,10,6,15,5,22,17,18,21,19,16,27,23
850,0,1,2,12,3,4,8,9,10,6,15,5,22,17,18,21,19,16,27,23
851,0,1,2,12,3,4,8,9,10,6,15,5,22,17,18,21,19,16,27,23
852,0,1,2,12,3,4,8,9,10,6,15,5,22,17,18,21,19,16,27,23
853,0,1,2,12,3,4,8,9,10,6,15,5,22,17,18,21,19,16,27,23
854,0,1,2,12,3,4,8,9,10,6,15,5,22,17,18,21,19,16,27,23
855,0,1,2,12,3,4,8,9,10,6,15,5,22,17,18,21,19,16,27,23
856,0,1,2,12,3,4,8,9,10,6,15,5,22,17,18,21,19,16,27,23
857,0,1,2,12,3,4,8,9,10,6,15,5,22,17,18,21,19,16,27,23
858,0,1,2,12,3,4,8,9,10,6,15,5,22,17,18,21,19,16,27,23
859,0,1,2,12,3,4,8,9,10,6,15,5,22,17,18,21,19,16,27,23
860,0,1,2,12,3,4,8,9,10,6,15,5,22,17,18,21,19,16,27,23
861,0,1,2,12,3,4,8,9,10,6,15,5,22,17,18,21,19,16,27,23
862,0,1,2,12,3,4,8,9,10,6,15,5,22,17,18,21,19,16,27,23
863,0,1,2,12,3,4,8,9,10,6,15,5,22,17,18,21,19,16,27,23
864,0,1,2,12,3,4,8,9,10,6,15,5,22,17,18,21,19,16,27,23
865,0,1,2,12,3,4,8,9,10,6,15,5,22,17,18,21,19,16,27,23
866,0,1,2,12,3,4,8,9,10,6,15,5,22,17,18,21,19,16,27,23
867,0,1,2,12,3,4,8,9,10,6,15,5,22,17,18,21,19,16,27,23
868,0,1,2,12,3,4,8,9,10,6,15,5,22,17,18,21,19,16,27,23
869,0,1,2,12,3,4,8,9,10,6,15,5,22,17,18,21,19,16,27,23
870,0,1,2,12,3,4,8,9,10,6,15,5,22,17,18,21,19,16,27,23
871,0,1,2,12,3,4,8,9,10,6,15,5,22,17,18,21,19,16,27,23
872,0,1,2,12,3,4,8,9,10,6,15,5,22,17,18,21,19,16,27,23
873,0,1,2,12,3,4,8,9,10,6,15,5,22,17,18,21,19,16,27,23
874,0,1,2,12,3,4,8,9,10,6,15,5,22,17,18,21,19,16,27,23
875,0,1,2,12,3,4,8,9,10,6,15,5,22,17,18,21,19,16,27,23
876,0,1,2,12,3,4,8,9,10,6,15,5,22,17,18,21,19,16,27,23
877,0,1,2,12,3,4,8,9,10,6,15,5,22,17,18,21,19,16,27,23
878,0,1,2,12,3,4,8,9,10,6,15,5,22,17,18,21,19,16,27,23
879,0,1,2,12,3,4,8,9,10,6,15,5,22,17,18,21,19,16,27,23
880,0,1,2,12,3,4,8,9,10,6,15,5,22,17,18,21,19,16,27,23
881,0,1,2,12,3,4,8,9,10,6,15,5,22,17,18,21,19,16,27,23
882,0,1,2,12,3,4,8,9,10,6,15,5,22,17,18,21,19,16,27,23
883,0,1,2,12,3,4,8,9,10,6,15,5,22,17,18,21,19,16,27,23
884,0,1,2,12,3,4,8,9,10,6,15,5,22,17,18,21,19,16,27,23
885,0,1,2,12,3,4,8,9,10,6,15,5,22,17,18,21,19,16,27,23
886,0,1,2,12,3,4,8,9,10,6,15,5,22,17,18,21,19,16,27,23
887,0,1,2,12,3,4,8,9,10,6,15,5,22,17,18,21,19,16,27,23
888,0,1,2,12,3,4,8,9,10,6,15,5,22,17,18,21,19,16,27,23
889,0,1,2,12,3,4,8,9,10,6,15,5,22,17,18,21,19,16,27,23
890,0,1,2,12,3,4,8,9,10,6,15,5,22,17,18,21,19,16,27,23
891,0,1,2,12,3,4,8,9,10,6,15,5,22,17,18,21,19,16,27,23
892,0,1,2,12,3,4,8,9,10,6,15,5,22,17,18,21,19,16,27,23
893,0,1,2,12,3,4,8,9,10,6,15,5,22,17,18,21,19,16,27,23
894,0,1,2,12,3,4,8,9,10,6,15,5,22,17,18,21,19,16,27,23
895,0,1,2,12,3,4,8,9,10,6,15,5,22,17,18,21,19,16,27,23
896,0,1,2,12,3,4,8,9,10,6,15,5,22,17,18,21,19,16,27,23
897,0,1,2,12,3,4,8,9,10,6,15,5,22,17,18,21,19,16,27,23
898,0,1,2,12,3,4,8,9,10,6,15,5,22,17,18,21,19,16,27,23
899,0,1,2,12,3,4,8,9,10,6,15,5,22,17,18,21,19,16,27,23
900,0,1,2,12,3,4,8,9,10,6,15,5,22,17,18,21,19,16,27,23
901,0,1,2,12,3,4,8,9,10,6,15,5,22,17,18,21,19,16,27,23
902,0,1,2,12,3,4,8,9,10,6,15,5,22,17,18,21,19,16,27,23
903,0,1,2,12,3,4,8,9,10,6,15,5,22,17,18,21,19,16,27,23
904,0,1,2,12,3,4,8,9,10,6,15,5,22,17,18,21,19,16,27,23
905,0,1,2,12,3,4,8,9,10,6,15,5,22,17,18,21,19,16,27,23
906,0,1,2,12,3,4,8,9,10,6,15,5,22,17,18,21,19,16,27,23
907,0,1,2,12,3,4,8,9,10,6,15,5,22,17,18,21,19,16,27,23
908,0,1,2,12,3,4,8,9,10,6,15,5,22,17,18,21,19,16,27,23
909,0,1,2,12,3,4,8,9,10,6,15,5,22,17,18,21,19,16,27,23
910,0,1,2,12,3,4,8,9,10,6,15,5,22,17,18,21,19,16,27,23
911,0,1,2,12,3,4,8,9,10,6,15,5,22,17,18,21,19,16,27,23
912,0,1,2,12,3,4,8,9,10,6,15,5,22,17,18,21,19,16,27,23
913,0,1,2,12,3,4,8,9,10,6,15,5,22,17,18,21,19,16,27,23
914,0,1,2,12,3,4,8,9,10,6,15,5,22,17,18,21,19,16,27,23
915,0,1,2,12,3,4,8,9,10,6,15,5,22,17,18,21,19,16,27,23
916,0,1,2,12,3,4,8,9,10,6,15,5,22,17,18,21,19,16,27,23
917,0,1,2,12,3,4,8,9,10,6,15,5,22,17,18,21,19,16,27,23
918,0,1,2,12,3,4,8,9,10,6,15,5,22,17,18,21,19,16,27,23
919,0,1,2,12,3,4,8,9,10,6,15,5,22,17,18,21,19,16,27,23
920,0,1,2,12,3,4,8,9,10,6,15,5,22,17,18,21,19,16,27,23
921,0,1,2,12,3,4,8,9,10,6,15,5,22,17,18,21,19,16,27,23
922,0,1,2,12,3,4,8,9,10,6,15,5,22,17,18,21,19,16,27,23
923,0,1,2,12,3,4,8,9,10,6,15,5,22,17,18,21,19,16,27,23
924,0,1,2,12,3,4,8,9,10,6,15,5,22,17,18,21,19,16,27,23
925,0,1,2,12,3,4,8,9,10,6,15,5,22,17,18,21,19,16,27,23
926,0,1,2,12,3,4,8,9,10,6,15,5,22,17,18,21,19,16,27,23
927,0,1,2,12,3,4,8,9,10,6,15,5,22,17,18,21,19,16,27,23
928,0,1,2,12,3,4,8,9,10,6,15,5,22,17,18,21,19,16,27,23
929,0,1,2,12,3,4,8,9,10,6,15,5,22,17,18,21,19,16,27,23
930,0,1,2,12,3,4,8,9,10,6,15,5,22,17,18,21,19,16,27,23
931,0,1,2,12,3,4,8,9,10,6,15,5,22,17,18,21,19,16,27,23
932,0,1,2,12,3,4,8,9,10,6,15,5,22,17,18,21,19,16,27,23
933,0,1,2,12,3,4,8,9,10,6,15,5,22,17,18,21,19,16,27,23
934,0,1,2,12,3,4,8,9,10,6,15,5,22,17,18,21,19,16,27,23
935,0,1,2,12,3,4,8,9,10,6,15,5,22,17,18,21,19,16,27,23
936,0,1,2,12,3,4,8,9,10,6,15,5,22,17,18,21,19,16,27,23
937,0,1,2,12,3,4,8,9,10,6,15,5,22,17,18,21,19,16,27,23
938,0,1,2,12,3,4,8,9,10,6,15,5,22,17,18,21,19,16,27,23
939,0,1,2,12,3,4,8,9,10,6,15,5,22,17,18,21,19,16,27,23
940,0,1,2,12,3,4,8,9,10,6,15,5,22,17,18,21,19,16,27,23
941,0,1,2,12,3,4,8,9,10,6,15,5,22,17,18,21,19,16,23,27
942,0,1,2,12,3,4,8,9,10,6,15,5,22,17,18,21,19,16,23,27
943,0,1,2,12,3,4,8,9,10,6,15,5,22,17,18,21,19,16,23,25
944,0,1,2,12,3,4,8,9,10,6,15,5,22,17,18,21,19,16,23,25
945,0,1,2,12,3,4,8,9,10,6,15,5,22,17,18,21,19,16,23,25
946,0,1,2,12,3,4,8,9,10,6,15,5,22,17,18,21,19,16,23,25
947,0,1,2,12,3,4,8,9,10,6,15,5,22,17,18,21,19,16,23,25
948,0,1,2,12,3,4,8,9,10,6,15,5,22,17,18,21,19,16,23,25
949,0,1,2,12,3,4,8,9,10,6,15,5,22,17,18,21,19,16,23,25
950,0,1,2,12,3,4,8,9,10,6,15,5,22,17,18,21,19,16,23,25
951,0,1,2,12,3,4,8,9,10,6,15,5,22,17,18,21,19,16,23,25
952,0,1,2,12,3,4,8,9,10,6,15,5,22,17,18,21,19,16,23,25
953,0,1,2,12,3,4,8,9,10,6,15,5,22,17,18,21,19,16,23,28
954,0,1,2,12,3,4,8,9,10,6,15,5,22,17,18,21,19,16,23,28
955,0,1,2,12,3,4,8,9,10,6,15,5,22,17,18,21,28,19,16,23
956,0,1,2,12,3,4,8,9,10,6,15,5,22,17,18,21,28,19,16,23
957,0,1,2,12,3,4,8,9,10,6,15,5,22,17,18,21,28,19,16,23
958,0,1,2,12,3,4,8,9,10,6,15,5,22,17,18,21,28,19,16,23
959,0,1,2,12,3,4,8,9,10,6,15,5,22,17,18,21,28,19,16,23
960,0,1,2,12,3,4,8,9,10,6,15,5,22,17,18,21,28,19,16,23
961,0,1,2,12,3,4,8,9,10,6,15,5,22,17,18,21,19,16,28,23
962,0,1,2,12,3,4,8,9,10,6,15,5,22,17,18,21,19,16,28,23
963,0,1,2,12,3,4,8,9,10,6,15,5,22,17,18,21,19,16,25,29
964,0,1,2,12,3,4,8,9,10,6,15,5,22,17,18,21,19,16,25,29
965,0,1,2,12,3,4,8,9,10,6,15,5,22,17,18,21,19,25,29,16
966,0,1,2,12,3,4,8,9,10,6,15,5,22,17,18,21,19,25,29,16
967,0,1,2,12,3,4,8,9,10,6,15,5,22,17,18,21,19,25,29,16
968,0,1,2,12,3,4,8,9,10,6,15,5,22,17,18,21,19,25,29,16
969,0,1,2,12,3,4,8,9,10,6,15,5,22,17,18,21,19,25,29,16
970,0,1,2,12,3,4,8,9,10,6,15,5,22,17,18,21,19,25,29,16
971,0,1,2,12,3,4,8,9,10,6,15,5,22,17,18,21,19,25,29,16
972,0,1,2,12,3,4,8,9,10,6,15,5,22,17,18,21,19,25,29,16
973,0,1,2,12,3,4,8,9,10,6,15,5,22,17,18,21,19,25,29,16
974,0,1,2,12,3,4,8,9,10,6,15,5,22,17,18,21,19,25,29,16
975,0,1,2,12,3,4,8,9,10,6,15,5,22,17,18,21,19,25,29,16
976,0,1,2,12,3,4,8,9,10,6,15,5,22,17,18,21,19,25,29,16
977,0,1,2,12,3,4,8,9,10,6,15,5,22,17,18,21,19,25,29,16
978,0,1,2,12,3,4,8,9,10,6,15,5,22,17,18,21,19,25,29,16
979,0,1,2,12,3,4,8,9,10,6,15,5,22,17,18,21,19,25,29,16
980,0,1,2,12,3,4,8,9,10,6,15,5,22,17,18,21,19,25,29,16
981,0,1,2,12,3,4,8,9,10,6,15,5,22,17,18,21,19,25,29,16
982,0,1,2,12,3,4,8,9,10,6,15,5,22,17,18,21,19,25,29,16
983,0,1,2,12,3,4,8,9,10,6,15,5,22,17,18,21,19,25,29,16
984,0,1,2,12,3,4,8,9,10,6,15,5,22,17,18,21,19,25,29,16
985,0,1,2,12,3,4,8,9,10,6,15,5,22,17,18,21,19,25,29,16
986,0,1,2,12,3,4,8,9,10,6,15,5,22,17,18,21,19,25,29,16
987,0,1,2,12,3,4,8,9,10,6,15,5,22,17,18,21,19,25,29,16
988,0,1,2,12,3,4,8,9,10,6,15,5,22,17,18,21,19,25,29,16
989,0,1,2,12,3,4,8,9,10,6,15,5,22,17,18,21,19,25,29,16
990,0,1,2,12,3,4,8,9,10,6,15,5,22,17,18,21,19,25,29,16
991,0,1,2,12,3,4,8,9,10,6,15,5,22,17,18,21,19,25,29,16
992,0,1,2,12,3,4,8,9,10,6,15,5,22,17,18,21,19,25,29,16
993,0,1,2,12,3,4,8,9,10,6,15,5,22,17,18,21,19,25,29,16
994,0,1,2,12,3,4,8,9,10,6,15,5,22,17,18,21,19,25,29,16
995,0,1,2,12,3,4,8,9,10,6,15,5,22,17,18,21,19,25,29,16
996,0,1,2,12,3,4,8,9,10,6,15,5,22,17,18,21,19,25,29,16
997,0,1,2,12,3,4,8,9,10,6,15,5,22,17,18,21,19,25,29,16
998,0,1,2,12,3,4,8,9,10,6,15,5,22,17,18,21,19,25,29,16
999,0,1,2,12,3,4,8,9,10,6,15,5,22,17,18,21,19,25,29,16
1000,0,1,2,12,3,4,8,9,10,6,15,5,22,17,18,21,19,25,29,16
1001,0,1,2,12,3,4,8,9,10,6,15,5,22,17,18,21,19,25,29,16
1002,0,1,2,12,3,4,8,9,10,6,15,5,22,17,18,21,19,25,29,16
1003,0,1,2,12,3,4,8,9,10,6,15,5,22,17,18,21,19,25,29,16
1004,0,1,2,12,3,4,8,9,10,6,15,5,22,17,18,21,19,25,29,16
1005,0,1,2,12,3,4,8,9,10,6,15,5,22,17,18,21,19,25,29,16
1006,0,1,2,12,3,4,8,9,10,6,15,5,22,17,18,21,19,25,29,16
1007,0,1,2,12,3,4,8,9,10,6,15,5,22,17,18,21,19,25,29,16
1008,0,1,2,12,3,4,8,9,10,6,15,5,22,17,18,21,19,25,29,16
1009,0,1,2,12,3,4,8,9,10,6,15,5,22,17,18,21,19,25,29,16
1010,0,1,2,12,3,4,8,9,10,6,15,5,22,17,18,21,19,25,29,16
1011,0,1,2,12,3,4,8,9,10,6,15,5,22,17,18,21,19,25,29,16
1012,0,1,2,12,3,4,8,9,10,6,15,5,22,17,18,21,19,25,29,16
1013,0,1,2,12,3,4,8,9,10,6,15,5,22,17,18,21,19,25,29,16
1014,0,1,2,12,3,4,8,9,10,6,15,5,22,17,18,21,19,25,29,16
1015,0,1,2,12,3,4,8,9,10,6,15,5,22,17,18,21,19,25,29,16
1016,0,1,2,12,3,4,8,9,10,6,15,5,22,17,18,21,19,25,29,16
1017,0,1,2,12,3,4,8,9,10,6,15,5,22,17,18,21,19,25,29,16
1018,0,1,2,12,3,4,8,9,10,6,15,5,22,17,18,21,19,25,29,27
1019,0,1,2,12,3,4,8,9,10,6,15,5,22,17,18,21,19,25,29,27
1020,0,1,2,12,3,4,8,9,10,6,15,5,22,17,18,21,19,25,29,27
1021,0,1,2,12,3,4,8,9,10,6,15,5,22,17,18,21,19,25,29,27
1022,0,1,2,12,3,4,8,9,10,6,15,5,22,17,18,21,19,25,29,27
1023,0,1,2,12,3,4,8,9,10,6,15,5,22,17,18,21,19,25,29,27
1024,0,1,2,12,3,4,8,9,10,6,15,5,22,17,18,21,19,25,29,27
1025,0,1,2,12,3,4,8,9,10,6,15,5,22,17,18,21,19,25,29,27
1026,0,1,2,12,3,4,8,9,10,6,15,5,22,17,18,21,19,25,29,27
1027,0,1,2,12,3,4,8,9,10,6,15,5,22,17,18,21,19,25,29,27
1028,0,1,2,12,3,4,8,9,10,6,15,5,22,17,18,21,19,25,29,26
1029,0,1,2,12,3,4,8,9,10,6,15,5,22,17,18,21,19,25,29,26
1030,0,1,2,12,3,4,8,9,10,6,15,5,22,17,18,21,26,19,25,29
1031,0,1,2,12,3,4,8,9,10,6,15,5,22,17,18,21,26,19,25,29
1032,0,1,2,12,3,4,8,9,10,6,15,5,22,17,18,21,26,19,25,29
1033,0,1,2,12,3,4,8,9,10,6,15,5,22,17,18,21,26,19,25,29
1034,0,1,2,12,3,4,8,9,10,6,15,5,22,17,18,21,26,19,25,29
1035,0,1,2,12,3,4,8,9,10,6,15,5,22,17,18,21,26,19,25,29
1036,0,1,2,12,3,4,8,9,10,6,15,5,22,17,18,21,26,19,25,29
1037,0,1,2,12,3,4,8,9,10,6,15,5,22,17,18,21,26,19,25,29
1038,0,1,2,12,3,4,8,9,10,6,15,5,22,17,18,21,26,19,25,29
1039,0,1,2,12,3,4,8,9,10,6,15,5,22,17,18,21,26,19,25,29
1040,0,1,2,12,3,4,8,9,10,6,15,5,22,17,18,21,26,19,25,29
1041,0,1,2,12,3,4,8,9,10,6,15,5,22,17,18,21,26,19,25,29
1042,0,1,2,12,3,4,8,9,10,6,15,5,22,17,18,21,26,19,25,29
1043,0,1,2,12,3,4,8,9,10,6,15,5,22,17,18,21,26,19,25,27
1044,0,1,2,12,3,4,8,9,10,6,15,5,22,17,18,21,26,19,25,27
1045,0,1,2,12,3,4,8,9,10,6,15,5,22,17,18,21,26,19,27,25
1046,0,1,2,12,3,4,8,9,10,6,15,5,22,17,18,21,26,19,27,25
1047,0,1,2,12,3,4,8,9,10,6,15,5,22,17,18,21,26,19,27,25
1048,0,1,2,12,3,4,8,9,10,6,15,5,22,17,18,21,26,19,27,25
1049,0,1,2,12,3,4,8,9,10,6,15,5,22,17,18,21,26,19,27,25
1050,0,1,2,12,3,4,8,9,10,6,15,5,22,17,18,21,26,19,27,25
1051,0,1,2,12,3,4,8,9,10,6,15,5,22,17,18,21,26,19,27,25
1052,0,1,2,12,3,4,8,9,10,6,15,5,22,17,18,21,26,19,27,25
1053,0,1,2,12,3,4,8,9,10,6,15,5,22,17,18,21,26,19,27,25
1054,0,1,2,12,3,4,8,9,10,6,15,5,22,17,18,21,26,19,27,25
1055,0,1,2,12,3,4,8,9,10,6,15,5,22,17,18,21,26,19,27,25
1056,0,1,2,12,3,4,8,9,10,6,15,5,22,17,18,21,26,19,27,25
1057,0,1,2,12,3,4,8,9,10,6,15,5,22,17,18,21,26,19,27,25
1058,0,1,2,12,3,4,8,9,10,6,15,5,22,17,18,21,26,19,27,25
1059,0,1,2,12,3,4,8,9,10,6,15,5,22,17,18,21,26,19,27,25
1060,0,1,2,12,3,4,8,9,10,6,15,5,22,17,18,21,26,19,27,25
1061,0,1,2,12,3,4,8,9,10,6,15,5,22,17,18,21,26,19,27,25
1062,0,1,2,12,3,4,8,9,10,6,15,5,22,17,18,21,26,19,27,25
1063,0,1,2,12,3,4,8,9,10,6,15,5,22,17,18,21,26,19,27,25
1064,0,1,2,12,3,4,8,9,10,6,15,5,22,17,18,21,26,19,27,25
1065,0,1,2,12,3,4,8,9,10,6,15,5,22,17,18,21,26,19,27,25
1066,0,1,2,12,3,4,8,9,10,6,15,5,22,17,18,21,26,19,27,25
1067,0,1,2,12,3,4,8,9,10,6,15,5,22,17,18,21,26,19,27,25
1068,0,1,2,12,3,4,8,9,10,6,15,5,22,17,18,21,26,19,27,25
1069,0,1,2,12,3,4,8,9,10,6,15,5,22,17,18,21,26,19,27,25
1070,0,1,2,12,3,4,8,9,10,6,15,5,22,17,18,21,26,19,27,25
1071,0,1,2,12,3,4,8,9,10,6,15,5,22,17,18,21,26,19,27,25
1072,0,1,2,12,3,4,8,9,10,6,15,5,22,17,18,21,26,19,27,25
1073,0,1,2,12,3,4,8,9,10,6,15,5,22,17,18,21,26,19,27,25
1074,0,1,2,12,3,4,8,9,10,6,15,5,22,17,18,21,26,19,27,25
1075,0,1,2,12,3,4,8,9,10,6,15,5,22,17,18,21,26,19,27,25
1076,0,1,2,12,3,4,8,9,10,6,15,5,22,17,18,21,26,19,27,25
1077,0,1,2,12,3,4,8,9,10,6,15,5,22,17,18,21,26,19,27,25
1078,0,1,2,12,3,4,8,9,10,6,15,5,22,17,18,21,26,19,27,25
1079,0,1,2,12,3,4,8,9,10,6,15,5,22,17,18,21,26,19,27,25
1080,0,1,2,12,3,4,8,9,10,6,15,5,22,17,18,21,26,19,27,25
1081,0,1,2,12,3,4,8,9,10,6,15,5,22,17,18,21,26,19,27,25
1082,0,1,2,12,3,4,8,9,10,6,15,5,22,17,18,21,26,19,27,25
1083,0,1,2,12,3,4,8,9,10,6,15,5,22,17,18,21,26,19,27,25
1084,0,1,2,12,3,4,8,9,10,6,15,5,22,17,18,21,26,19,27,25
1085,0,1,2,12,3,4,8,9,10,6,15,5,22,17,18,21,26,19,27,25
1086,0,1,2,12,3,8,9,10,4,6,15,5,22,17,18,21,26,19,27,25
1087,0,1,2,12,3,8,9,10,4,6,15,5,22,17,18,21,26,19,27,25
1088,0,1,2,12,3,8,9,10,4,6,15,5,22,17,18,21,26,19,27,25
1089,0,1,2,12,3,8,9,10,4,6,15,5,22,17,18,21,26,19,27,25
1090,0,1,2,12,3,8,9,10,6,15,5,4,22,17,18,21,26,19,27,25
1091,0,1,2,12,3,8,9,10,6,15,5,4,22,17,18,21,26,19,27,25
1092,0,1,2,12,3,8,9,10,6,15,5,4,22,17,18,21,26,19,27,25
1093,0,1,2,12,3,8,9,10,6,15,5,4,22,17,18,21,26,19,27,25
1094,0,1,2,12,3,8,9,10,6,15,5,4,22,17,18,21,26,19,27,25
1095,0,1,2,12,3,8,9,10,6,15,5,4,22,17,18,21,26,19,27,25
1096,0,1,2,12,3,8,9,10,6,15,5,4,22,17,18,21,26,19,27,25
1097,0,1,2,12,3,8,9,10,6,15,5,4,22,17,18,21,26,19,27,25
1098,0,1,2,12,3,8,9,10,6,15,5,4,22,17,18,21,26,19,27,25
1099,0,1,2,12,3,8,9,10,6,15,5,4,22,17,18,21,26,19,27,25
1100,0,1,2,12,3,8,9,10,6,15,5,4,22,17,18,21,26,19,27,25
1101,0,1,2,12,3,8,9,10,6,15,5,4,22,17,18,21,26,19,27,25
1102,0,1,2,12,3,8,9,10,6,15,5,4,22,17,18,21,26,19,27,25
1103,0,1,2,12,3,8,9,10,6,15,5,4,22,17,18,21,26,19,27,25
1104,0,1,2,12,3,8,9,10,6,15,5,4,22,17,18,21,26,19,27,25
1105,0,1,2,12,3,8,9,10,6,15,5,4,22,17,18,21,26,19,27,25
1106,0,1,2,12,3,8,9,10,6,15,5,4,22,17,18,21,26,19,27,25
1107,0,1,2,12,3,8,9,10,6,15,5,4,22,17,18,21,26,19,27,25
1108,0,1,2,12,3,8,9,10,6,15,5,4,22,17,18,21,26,19,27,25
1109,0,1,2,12,3,8,9,10,6,15,5,4,22,17,18,21,26,19,27,25
1110,0,1,2,12,3,8,9,10,6,15,5,4,22,17,18,21,26,19,27,25
1111,0,1,2,12,3,8,9,10,6,15,5,4,22,17,18,21,26,19,27,25
1112,0,1,2,12,3,8,9,10,6,15,5,4,22,17,18,21,26,19,27,25
1113,0,1,2,12,3,8,9,10,6,15,5,4,22,17,18,21,26,19,27,25
1114,0,1,2,12,3,8,9,10,6,15,5,4,22,17,18,21,26,19,27,25
1115,0,1,2,12,3,8,9,10,6,15,5,4,22,17,18,21,26,19,27,25
1116,0,1,2,12,3,8,9,10,6,15,5,4,22,17,18,21,26,19,27,25
1117,0,1,2,12,3,8,9,10,6,15,5,4,22,17,18,21,26,19,27,25
1118,0,1,2,12,3,8,9,10,6,15,5,4,22,17,18,21,26,19,27,25
1119,0,1,2,12,3,8,9,10,6,15,5,4,22,17,18,21,26,19,27,25
1120,0,1,2,12,3,8,9,10,6,15,5,4,22,17,18,21,26,19,27,25
1121,0,1,2,12,3,8,9,10,6,15,5,4,22,17,18,21,26,19,27,25
1122,0,1,2,12,3,8,9,10,6,15,5,4,22,17,18,21,26,19,27,25
1123,0,1,2,12,3,8,9,10,6,15,5,4,22,17,18,21,26,19,27,25
1124,0,1,2,12,3,8,9,10,6,15,5,4,22,17,18,21,26,19,27,25
1125,0,1,2,12,3,8,9,10,6,15,5,4,22,17,18,21,26,19,27,25
1126,0,1,2,12,3,8,9,10,6,15,5,4,22,17,18,21,26,19,27,25
1127,0,1,2,12,3,8,9,10,6,15,5,4,22,17,18,21,26,19,27,25
1128,0,1,2,12,3,8,9,10,6,15,5,4,22,17,18,21,26,19,27,25
1129,0,1,2,12,3,8,9,10,6,15,5,4,22,17,18,21,26,19,27,25
1130,0,1,2,12,3,8,9,10,6,15,5,4,22,17,18,21,26,19,27,25
1131,0,1,2,12,3,8,9,10,6,15,5,4,22,17,18,21,26,19,27,25
1132,0,1,2,12,3,8,9,10,6,15,5,4,22,17,18,21,26,19,27,25
1133,0,1,2,12,3,8,9,10,6,15,5,4,22,17,18,21,26,19,27,25
1134,0,1,2,12,3,8,9,10,6,15,5,4,22,17,18,21,26,19,27,25
1135,0,1,2,12,3,8,9,10,6,15,5,4,22,17,18,21,26,19,27,25
1136,0,1,2,12,3,8,9,10,6,15,5,4,22,17,18,21,26,19,27,25
1137,0,1,2,12,3,8,9,10,6,15,5,4,22,17,18,21,26,19,27,25
1138,0,1,2,12,3,8,9,10,6,15,5,4,22,17,18,21,26,19,27,25
1139,0,1,2,12,3,8,9,10,6,15,5,4,22,17,18,21,26,19,27,25
1140,0,1,2,12,3,8,9,10,6,15,5,4,22,17,18,21,26,19,27,25
1141,0,1,2,12,3,8,9,10,6,15,5,4,22,17,18,21,26,19,27,25
1142,0,1,2,12,3,8,9,10,6,15,5,4,22,17,18,21,26,19,27,25
1143,0,1,2,12,3,8,9,10,6,15,5,4,22,17,18,21,26,19,27,25
1144,0,1,2,12,3,8,9,10,6,15,5,4,22,17,18,21,26,19,27,25
1145,0,1,2,12,3,8,9,10,6,15,5,4,22,17,18,21,26,19,27,25
1146,0,1,2,12,3,8,9,10,6,15,5,4,22,17,18,21,26,19,27,25
1147,0,1,2,12,3,8,9,10,6,15,5,4,22,17,18,21,26,19,27,25
1148,0,1,2,12,3,8,9,10,6,15,5,4,22,17,18,21,26,19,27,25
1149,0,1,2,12,3,8,9,10,6,15,5,4,22,17,18,21,26,19,27,25
1150,0,1,2,12,3,8,9,10,6,15,5,4,22,17,18,21,26,19,27,25
1151,0,1,2,12,3,8,9,10,6,15,5,4,22,17,18,21,26,19,27,25
1152,0,1,2,12,3,8,9,10,6,15,5,4,22,17,18,21,26,19,27,25
1153,0,1,2,12,3,8,9,10,6,15,5,4,22,17,18,21,26,19,27,25
1154,0,1,2,12,3,8,9,10,6,15,5,4,22,17,18,21,26,19,27,25
1155,0,1,2,12,3,8,9,10,6,15,5,4,22,17,18,21,26,19,27,25
1156,0,1,2,12,3,8,9,10,6,15,5,4,22,17,18,21,26,19,27,25
1157,0,1,2,12,3,8,9,10,6,15,5,4,22,17,18,21,26,19,27,25
1158,0,1,2,12,3,8,9,10,6,15,5,4,22,17,18,21,26,19,27,25
1159,0,1,2,12,3,8,9,10,6,15,5,4,22,17,18,21,26,19,27,25
1160,0,1,2,12,3,8,9,10,6,15,5,4,22,17,18,21,26,19,27,25
1161,0,1,2,12,3,8,9,10,6,15,5,4,22,17,18,21,26,19,27,25
1162,0,1,2,12,3,8,9,10,6,15,5,4,22,17,18,21,26,19,27,25
1163,0,1,2,12,3,8,9,10,6,15,5,4,22,17,18,21,26,19,27,30
1164,0,1,2,12,3,8,9,10,6,15,5,4,22,17,18,21,26,19,27,30
1165,0,1,2,12,3,8,9,10,6,15,5,4,22,17,18,21,19,26,27,30
1166,0,1,2,12,3,8,9,10,6,15,5,4,22,17,18,21,19,26,27,30
1167,0,1,2,12,3,8,9,10,6,15,5,4,22,17,18,21,19,26,27,30
1168,0,1,2,12,3,8,9,10,6,15,5,4,22,17,18,21,19,26,27,30
1169,0,1,2,12,3,8,9,10,6,15,5,4,22,17,18,21,19,26,27,30
1170,0,1,2,12,3,8,9,10,6,15,5,4,22,17,18,21,19,26,27,30
1171,0,1,2,12,3,8,9,10,6,15,5,4,22,17,18,21,19,26,27,30
1172,0,1,2,12,3,8,9,10,6,15,5,4,22,17,18,21,19,26,27,30
1173,0,1,2,12,3,8,9,10,6,15,5,4,22,17,18,21,19,26,27,30
1174,0,1,2,12,3,8,9,10,6,15,5,4,22,17,18,21,19,26,27,30
1175,0,1,2,12,3,8,9,10,6,15,5,4,22,17,18,21,19,26,27,30
1176,0,1,2,12,3,8,9,10,6,15,5,4,22,17,18,21,19,26,27,30
1177,0,1,2,12,3,8,9,10,6,15,5,4,22,17,18,21,19,26,27,30
1178,0,1,2,12,3,8,9,10,6,15,5,4,22,17,18,21,19,26,27,30
1179,0,1,2,12,3,8,9,10,6,15,5,4,22,17,18,21,19,26,27,30
1180,0,1,2,12,3,8,9,10,6,15,5,4,22,17,18,21,19,26,27,30
1181,0,1,2,12,3,8,9,10,6,15,5,4,22,17,18,21,19,26,27,30
1182,0,1,2,12,3,8,9,10,6,15,5,4,22,17,18,21,19,26,27,30
1183,0,1,2,12,3,8,9,10,6,15,5,4,22,17,18,21,19,26,27,30
1184,0,1,2,12,3,8,9,10,6,15,5,4,22,17,18,21,19,26,27,30
1185,0,1,2,12,3,8,9,10,6,15,5,4,22,17,18,21,19,26,27,30
1186,0,1,2,12,3,8,9,10,6,15,5,4,22,17,18,21,19,26,27,30
1187,0,1,2,12,3,8,9,10,6,15,5,4,22,17,18,21,19,26,27,30
1188,0,1,2,12,3,8,9,10,6,15,5,4,22,17,18,21,19,26,27,30
1189,0,1,2,12,3,8,9,10,6,15,5,4,22,17,18,21,19,26,27,30
1190,0,1,2,12,3,8,9,10,6,15,5,4,22,17,18,21,19,26,27,30
1191,0,1,2,12,3,8,9,10,6,15,5,4,22,17,18,21,19,26,27,30
1192,0,1,2,12,3,8,9,10,6,15,5,4,22,17,18,21,19,26,27,30
1193,0,1,2,12,3,8,9,10,6,15,5,4,22,17,18,21,19,26,27,30
1194,0,1,2,12,3,8,9,10,6,15,5,4,22,17,18,21,19,26,27,30
1195,0,1,2,12,3,8,9,10,6,15,5,4,22,17,18,21,19,26,27,30
1196,0,1,2,12,3,8,9,10,6,15,5,4,22,17,18,21,19,26,27,30
1197,0,1,2,12,3,8,9,10,6,15,5,4,22,17,18,21,19,26,27,30
1198,0,1,2,12,3,8,9,10,6,15,5,4,22,17,18,21,19,26,27,30
1199,0,1,2,12,3,8,9,10,6,15,5,4,22,17,18,21,19,26,27,30
1200,0,1,2,12,3,8,9,10,6,15,5,4,22,17,18,21,19,26,27,30
1201,0,1,2,12,3,8,9,10,6,15,5,4,22,17,18,21,26,19,27,30
1202,0,1,2,12,3,8,9,10,6,15,5,4,22,17,18,21,26,19,27,30
1203,0,1,2,12,3,8,9,10,6,15,5,4,22,17,18,26,19,21,27,30
1204,0,1,2,12,3,8,9,10,6,15,5,4,22,17,18,26,19,21,27,30
1205,0,1,2,12,3,8,9,10,6,15,5,4,22,17,18,26,19,21,27,30
1206,0,1,2,12,3,8,9,10,6,15,5,4,22,17,18,26,19,21,27,30
1207,0,1,2,12,3,8,9,10,6,15,5,4,22,17,18,26,19,21,27,30
1208,0,1,2,12,3,8,9,10,6,15,5,4,22,17,18,26,19,21,27,30
1209,0,1,2,12,3,8,9,10,6,15,5,4,22,17,18,26,19,21,27,30
1210,0,1,2,12,3,8,9,10,6,15,5,4,22,17,18,26,19,21,27,30
1211,0,1,2,12,3,8,9,10,6,15,5,4,22,17,18,26,19,21,27,30
1212,0,1,2,12,3,8,9,10,6,15,5,4,22,17,18,26,19,21,27,30
1213,0,1,2,12,3,8,9,10,6,15,5,4,22,17,18,26,19,21,27,30
1214,0,1,2,12,3,8,9,10,6,15,5,4,22,17,18,26,19,21,27,30
1215,0,1,2,12,3,8,9,10,6,15,5,4,22,17,18,26,19,21,27,30
1216,0,1,2,12,3,8,9,10,6,15,5,4,22,17,18,26,19,21,27,30
1217,0,1,2,12,3,8,9,10,6,15,5,4,22,17,18,26,19,21,27,30
1218,0,1,2,12,3,8,9,10,6,15,5,4,22,17,18,26,19,21,27,30
1219,0,1,2,12,3,8,9,10,6,15,5,4,22,17,18,26,19,21,27,30
1220,0,1,2,12,3,8,9,10,6,15,5,4,22,17,18,26,19,21,27,30
1221,0,1,2,12,3,8,9,10,6,15,5,4,22,17,18,26,19,21,27,30
1222,0,1,2,12,3,8,9,10,6,15,5,4,22,17,18,26,19,21,27,30
1223,0,1,2,12,3,8,9,10,6,15,5,4,22,17,18,26,19,21,27,30
1224,0,1,2,12,3,8,9,10,6,15,5,4,22,17,18,26,19,21,27,30
1225,0,1,2,12,3,8,9,10,6,15,5,4,22,17,18,26,19,21,27,30
1226,0,1,2,12,3,8,9,10,6,15,5,4,22,17,18,19,21,27,30,26
1227,0,1,2,12,3,8,9,10,6,15,5,4,22,17,18,19,21,27,30,26
1228,0,1,2,12,3,8,9,10,6,15,5,4,22,17,18,19,21,27,30,16
1229,0,1,2,12,3,8,9,10,6,15,5,4,22,17,18,19,21,27,30,16
1230,0,1,2,12,3,8,9,10,6,15,5,4,22,17,18,19,21,27,30,16
1231,0,1,2,12,3,8,9,10,6,15,5,4,22,17,18,19,21,27,30,16
1232,0,1,2,12,3,8,9,10,6,15,5,4,22,17,18,19,21,27,30,16
1233,0,1,2,12,3,8,9,10,6,15,5,4,22,17,18,19,21,27,30,16
1234,0,1,2,12,3,8,9,10,6,15,5,4,22,17,18,19,21,27,30,16
1235,0,1,2,12,3,8,9,10,6,15,5,4,22,17,18,19,21,27,30,16
1236,0,1,2,12,3,8,9,10,6,15,5,4,22,17,18,19,21,27,30,16
1237,0,1,2,12,3,8,9,10,6,15,5,4,22,17,18,19,21,27,30,16
1238,0,1,2,12,3,8,9,10,6,15,5,4,22,17,18,19,21,27,30,16
1239,0,1,2,12,3,8,9,10,6,15,5,4,22,17,18,19,21,27,30,16
1240,0,1,2,12,3,8,9,10,6,15,5,4,22,17,18,19,21,27,30,16
1241,0,1,2,12,3,8,9,10,6,15,5,4,22,17,18,19,21,27,30,16
1242,0,1,2,12,3,8,9,10,6,15,5,4,22,17,18,19,21,27,30,16
1243,0,1,2,12,3,8,9,10,6,15,5,4,22,17,18,19,21,27,30,16
1244,0,1,2,12,3,8,9,10,6,15,5,4,22,17,18,19,21,27,30,16
1245,0,1,2,12,3,8,9,10,6,15,5,4,22,17,18,19,21,27,30,16
1246,0,1,2,12,3,8,9,10,6,15,5,4,22,17,18,19,21,27,30,16
1247,0,1,2,12,3,8,9,10,6,15,5,4,22,17,18,19,21,27,30,16
1248,0,1,2,12,3,8,9,10,6,15,5,4,22,17,18,19,21,27,30,16
1249,0,1,2,12,3,8,9,10,6,15,5,4,22,17,18,19,21,27,30,16
1250,0,1,2,12,3,8,9,10,6,15,5,4,22,17,18,19,21,27,30,16
1251,0,1,2,12,3,8,9,10,6,15,5,4,22,17,18,19,21,27,30,16
1252,0,1,2,12,3,8,9,10,6,15,5,4,22,17,18,19,21,27,30,16
1253,0,1,2,12,3,8,9,10,6,15,5,4,22,17,18,19,21,27,30,16
1254,0,1,2,12,3,8,9,10,6,15,5,4,22,17,18,19,21,27,30,16
1255,0,1,2,12,3,8,9,10,6,15,5,4,22,17,18,19,21,27,30,16
1256,0,1,2,12,3,8,9,10,6,15,5,4,22,17,18,19,21,27,30,16
1257,0,1,2,12,3,8,9,10,6,15,5,4,22,17,18,19,21,27,30,16
1258,0,1,2,12,3,8,9,10,6,15,5,4,22,17,18,19,21,27,30,16
1259,0,1,2,12,3,8,9,10,6,15,5,4,22,17,18,19,21,27,30,16
1260,0,1,2,12,3,8,9,10,6,15,5,4,22,17,18,19,21,27,30,16
1261,0,1,2,12,3,8,9,10,6,15,5,4,22,17,18,19,21,27,30,16
1262,0,1,2,12,3,8,9,10,6,15,5,4,22,17,18,19,21,27,30,16
1263,0,1,2,12,3,8,9,10,6,15,5,4,22,17,18,19,21,27,30,16
1264,0,1,2,12,3,8,9,10,6,15,5,4,22,17,18,19,21,27,30,16
1265,0,1,2,12,3,8,9,10,6,15,5,4,22,17,18,19,21,27,30,16
1266,0,1,2,12,3,8,9,10,6,15,5,4,22,17,18,19,21,27,30,16
1267,0,1,2,12,3,8,9,10,6,15,5,4,22,17,18,19,21,27,30,16
1268,0,1,2,12,3,8,9,10,6,15,5,4,22,17,18,19,21,27,30,16
1269,0,1,2,12,3,8,9,10,6,15,5,4,22,17,18,19,21,27,30,16
1270,0,1,2,12,3,8,9,10,6,15,5,4,22,17,18,19,21,27,30,16
1271,0,1,2,12,3,8,9,10,6,15,5,4,22,17,18,19,21,27,30,16
1272,0,1,2,12,3,8,9,10,6,15,5,4,22,17,18,19,21,27,30,16
1273,0,1,2,12,3,8,9,10,6,15,5,4,22,17,18,19,21,27,30,16
1274,0,1,2,12,3,8,9,10,6,15,5,4,22,17,18,19,21,27,30,16
1275,0,1,2,12,3,8,9,10,6,15,5,4,22,17,18,19,21,27,30,16
1276,0,1,2,12,3,8,9,10,6,15,5,4,22,17,18,19,21,27,30,16
1277,0,1,2,12,3,8,9,10,6,15,5,4,22,17,18,19,21,27,30,16
1278,0,1,2,12,3,8,9,10,6,15,5,4,22,17,18,19,21,27,30,16
1279,0,1,2,12,3,8,9,10,6,15,5,4,22,17,18,19,21,27,30,16
1280,0,1,2,12,3,8,9,10,6,15,5,4,22,17,18,19,21,27,30,16
1281,0,1,2,12,3,8,9,10,6,15,5,4,22,17,18,19,21,27,30,16
1282,0,1,2,12,3,8,9,10,6,15,5,4,22,17,18,19,21,27,30,16
1283,0,1,2,12,3,8,9,10,6,15,5,4,22,17,18,19,21,27,30,16
1284,0,1,2,12,3,8,9,10,6,15,5,4,22,17,18,19,21,27,30,16
1285,0,1,2,12,3,8,9,10,6,15,5,4,22,17,18,19,21,27,30,16
1286,0,1,2,12,3,8,9,10,6,15,5,4,22,17,18,19,21,27,30,16
1287,0,1,2,12,3,8,9,10,6,15,5,4,22,17,18,19,21,27,30,16
1288,0,1,2,12,3,8,9,10,6,15,5,4,22,17,18,19,21,27,30,16
1289,0,1,2,12,3,8,9,10,6,15,5,4,22,17,18,19,21,27,30,16
1290,0,1,2,12,3,8,9,10,6,15,5,4,22,17,18,19,21,27,30,16
1291,0,1,2,12,3,8,9,10,6,15,5,4,22,17,18,19,21,27,30,16
1292,0,1,2,12,3,8,9,10,6,15,5,4,22,17,18,19,21,27,30,16
1293,0,1,2,12,3,8,9,10,6,15,5,4,22,17,18,19,21,27,30,16
1294,0,1,2,12,3,8,9,10,6,15,5,4,22,17,18,19,21,27,30,16
1295,0,1,2,12,3,8,9,10,6,15,5,4,22,17,18,19,21,27,30,16
1296,0,1,2,12,3,8,9,10,6,15,5,4,22,17,18,19,21,27,30,16
1297,0,1,2,12,3,8,9,10,6,15,5,4,22,17,18,19,21,27,30,16
1298,0,1,2,12,3,8,9,10,6,15,5,4,22,17,18,19,21,27,30,16
1299,0,1,2,12,3,8,9,10,6,15,5,4,22,17,18,19,21,27,30,16
1300,0,1,2,12,3,8,9,10,6,15,5,4,22,17,18,19,21,27,30,16
1301,0,1,2,12,3,8,9,10,6,15,5,4,22,17,18,19,21,27,30,16
1302,0,1,2,12,3,8,9,10,6,15,5,4,22,17,18,19,21,27,30,16
1303,0,1,2,12,3,8,9,10,6,15,5,4,22,17,18,19,21,27,30,16
1304,0,1,2,12,3,8,9,10,6,15,5,4,22,17,18,19,21,27,30,16
1305,0,1,2,12,3,8,9,10,6,15,5,4,22,17,18,19,21,27,30,16
1306,0,1,2,12,3,8,9,10,6,15,5,4,22,17,18,19,21,27,30,16
1307,0,1,2,12,3,8,9,10,6,15,5,4,22,17,18,19,21,27,16,30
1308,0,1,2,12,3,8,9,10,6,15,5,4,22,17,18,19,21,27,16,30
1309,0,1,2,12,3,8,9,10,6,15,5,4,22,17,18,19,21,27,16,30
1310,0,1,2,12,3,8,9,10,6,15,5,4,22,17,18,19,21,27,16,30
1311,0,1,2,12,3,8,9,10,6,15,5,4,22,17,18,19,21,27,16,30
1312,0,1,2,12,3,8,9,10,6,15,5,4,22,17,18,19,21,27,16,30
1313,0,1,2,12,3,8,9,10,6,15,5,4,22,17,18,19,21,27,16,30
1314,0,1,2,12,3,8,9,10,6,15,5,4,22,17,18,19,21,27,16,30
1315,0,1,2,12,3,8,9,10,6,15,5,4,22,17,18,19,21,27,16,30
1316,0,1,2,12,3,8,9,10,6,15,5,4,22,17,18,19,21,27,16,30
1317,0,1,2,12,3,8,9,10,6,15,5,4,22,17,18,19,21,27,16,30
1318,0,1,2,12,3,8,9,10,6,15,5,4,22,17,18,19,21,27,16,30
1319,0,1,2,12,3,8,9,10,6,15,5,4,22,17,18,19,21,27,16,30
1320,0,1,2,12,3,8,9,10,6,15,5,4,22,17,18,19,21,27,16,30
1321,0,1,2,12,3,8,9,10,6,15,5,4,22,17,18,19,21,27,16,30
1322,0,1,2,12,3,8,9,10,6,15,5,4,22,17,18,19,21,27,16,30
1323,0,1,2,12,3,8,9,10,6,15,5,4,22,17,18,19,21,27,16,30
1324,0,1,2,12,3,8,9,10,6,15,5,4,22,17,18,19,21,27,30,16
1325,0,1,2,12,3,8,9,10,6,15,5,4,22,17,18,19,21,27,30,16
1326,0,1,2,12,3,8,9,10,6,15,5,4,22,17,18,19,21,27,30,16
1327,0,1,2,12,3,8,9,10,6,15,5,4,22,17,18,19,21,27,16,30
1328,0,1,2,12,3,8,9,10,6,15,5,4,22,17,18,19,21,27,16,30
1329,0,1,2,12,3,8,9,10,6,15,5,4,22,17,18,19,21,27,16,30
1330,0,1,2,12,3,8,9,10,6,15,5,4,22,17,18,19,21,27,16,30
1331,0,1,2,12,3,8,9,10,6,15,5,4,22,17,18,19,21,27,16,30
1332,0,1,2,12,3,8,9,10,6,15,5,4,22,17,18,19,21,27,16,30
1333,0,1,2,12,3,8,9,10,6,15,5,4,22,17,18,19,21,27,16,30
1334,0,1,2,12,3,8,9,10,6,15,5,4,22,17,18,19,21,27,16,30
1335,0,1,2,12,3,8,9,10,6,15,5,4,22,17,18,19,21,27,16,30
1336,0,1,2,12,3,8,9,10,6,15,5,4,22,17,18,19,21,27,16,30
1337,0,1,2,12,3,8,9,10,6,15,5,4,22,17,18,19,21,27,16,30
1338,0,1,2,12,3,8,9,10,6,15,5,4,22,17,18,19,21,27,16,30
1339,0,1,2,12,3,8,9,10,6,15,5,4,22,17,18,19,21,27,16,30
1340,0,1,2,12,3,8,9,10,6,15,5,4,22,17,18,19,21,27,16,30
1341,0,1,2,12,3,8,9,10,6,15,5,4,22,17,18,19,21,27,16,30
1342,0,1,2,12,3,8,9,10,6,15,5,4,22,17,18,19,21,27,16,30
1343,0,1,2,12,3,8,9,10,6,15,5,4,22,17,18,19,21,27,16,30
1344,0,1,2,12,3,8,9,10,6,15,5,4,22,17,18,19,21,27,16,30
1345,0,1,2,12,3,8,9,10,6,15,5,4,22,17,18,19,21,27,16,30
1346,0,1,2,12,3,8,9,10,6,15,5,4,22,17,18,19,21,27,16,30
1347,0,1,2,12,3,8,9,10,6,15,5,4,22,17,18,19,21,16,27,30
1348,0,1,2,12,3,8,9,10,6,15,5,4,22,17,18,19,21,16,27,30
1349,0,1,2,12,3,8,9,10,6,15,5,4,22,17,18,19,21,16,27,30
1350,0,1,2,12,3,8,9,10,6,15,5,4,22,17,18,19,21,16,27,30
1351,0,1,2,12,3,8,9,10,6,15,5,4,22,17,18,19,21,16,27,30
1352,0,1,2,12,3,8,9,10,6,15,5,4,22,17,18,19,21,16,27,30
1353,0,1,2,12,3,8,9,10,6,15,5,4,22,17,18,19,21,16,27,30
1354,0,1,2,12,3,8,9,10,6,15,5,4,22,17,18,19,21,16,27,30
1355,0,1,2,12,3,8,9,10,6,15,5,4,22,17,18,19,21,16,27,30
1356,0,1,2,12,3,8,9,10,6,15,5,4,22,17,18,19,21,16,27,30
1357,0,1,2,12,3,8,9,10,6,15,5,4,22,17,18,19,21,16,27,30
1358,0,1,2,12,3,8,9,10,6,15,5,4,22,17,18,19,21,16,27,30
1359,0,1,2,12,3,8,9,10,6,15,5,4,22,17,18,19,21,16,27,30
1360,0,1,2,12,3,8,9,10,6,15,5,4,22,17,18,19,21,16,27,30
1361,0,1,2,12,3,8,9,10,6,15,5,4,22,17,18,19,21,16,27,30
1362,0,1,2,12,3,8,9,10,6,15,5,4,22,17,18,19,21,16,27,30
1363,0,1,2,12,3,8,9,10,6,15,5,4,22,17,18,19,21,16,27,30
1364,0,1,2,12,3,8,9,10,6,15,5,4,22,17,18,19,21,16,27,30
1365,0,1,2,12,3,8,9,10,6,15,5,4,22,17,18,19,21,16,27,30
1366,0,1,2,12,3,8,9,10,6,15,5,4,22,17,18,19,21,16,30,27
1367,0,1,2,12,3,8,9,10,6,15,5,4,22,17,18,19,21,16,30,27
1368,0,1,2,12,3,8,9,10,6,15,5,4,22,17,18,19,21,16,30,27
1369,0,1,2,12,3,8,9,10,6,15,5,4,22,17,18,19,21,16,30,27
1370,0,1,2,12,3,8,9,10,6,15,5,4,22,17,18,19,16,21,30,27
1371,0,1,2,12,3,8,9,10,6,15,5,4,22,17,18,19,16,21,30,27
1372,0,1,2,12,3,8,9,10,6,15,5,4,22,17,18,19,16,21,30,27
1373,0,1,2,12,3,8,9,10,6,15,5,4,22,17,18,19,16,21,30,27
1374,0,1,2,12,3,8,9,10,6,15,5,4,22,17,18,19,16,21,30,27
1375,0,1,2,12,3,8,9,10,6,15,5,4,22,17,18,19,16,21,30,27
1376,0,1,2,12,3,8,9,10,6,15,5,4,22,17,18,19,16,21,30,27
1377,0,1,2,12,3,8,9,10,6,15,5,4,22,17,18,19,16,21,30,27
1378,0,1,2,12,3,8,9,10,6,15,5,4,22,17,18,19,16,21,30,27
1379,0,1,2,12,3,8,9,10,6,15,5,4,22,17,18,19,16,21,30,27
1380,0,1,2,12,3,8,9,10,6,15,5,4,22,17,18,19,16,21,30,27
1381,0,1,2,12,3,8,9,10,6,15,5,4,22,17,18,19,16,21,30,27
1382,0,1,2,12,3,8,9,10,6,15,5,4,22,17,18,19,16,21,30,27
1383,0,1,2,12,3,8,9,10,6,15,5,4,22,17,18,19,16,21,30,27
1384,0,1,2,12,3,8,9,10,6,15,5,4,22,17,18,19,16,21,30,27
1385,0,1,2,12,3,8,9,10,6,15,5,4,22,17,18,19,16,21,30,27
1386,0,1,2,12,3,9,10,8,6,15,5,4,22,17,18,19,30,16,21,27
1387,0,1,2,12,3,9,10,8,6,15,5,4,17,18,22,19,30,16,21,27
1388,0,1,2,3,9,10,12,8,6,15,5,4,17,18,19,22,30,16,21,27
1389,0,1,2,3,9,10,12,6,15,8,5,4,17,18,19,22,30,16,21,27
1390,0,1,2,3,9,10,12,6,15,5,4,8,17,18,19,22,30,16,21,27
1391,0,1,2,3,9,10,12,6,15,5,4,8,17,18,19,22,30,16,21,27
1392,0,1,2,3,9,10,12,6,15,5,4,8,17,18,19,22,30,16,21,27
1393,0,1,2,3,9,10,12,6,15,5,4,8,17,18,19,22,30,16,21,27
1394,0,1,2,3,9,10,12,6,15,5,4,8,17,18,19,22,30,16,21,27
1395,0,1,2,3,9,10,12,6,15,5,4,8,17,18,19,22,30,16,21,27
1396,0,1,2,3,9,10,12,6,15,5,4,8,17,18,19,22,30,16,21,27
1397,0,1,2,3,9,10,12,6,15,5,4,8,17,18,19,22,30,16,21,27
1398,0,1,2,3,9,10,12,6,15,5,4,8,17,18,19,22,30,16,21,27
1399,0,1,2,3,9,10,12,6,15,5,4,8,17,18,19,22,30,16,21,27
1400,0,1,2,3,9,10,12,6,15,5,4,8,17,18,19,22,30,16,21,27
1401,0,1,2,3,9,10,12,6,15,5,4,8,17,18,19,22,30,16,21,27
1402,0,1,2,3,9,10,12,6,15,5,4,8,17,18,19,22,30,16,21,27
1403,0,1,2,3,9,10,12,6,15,5,4,8,17,18,19,22,30,16,21,27
1404,0,1,2,3,9,10,12,6,15,5,4,8,17,18,19,22,30,16,21,27
1405,0,1,2,3,9,10,12,6,15,5,4,8,17,18,19,22,30,16,21,27
1406,0,1,2,3,9,10,12,6,15,5,4,8,17,18,19,22,30,16,21,27
1407,0,1,2,3,9,10,12,6,15,5,4,8,17,18,19,22,30,16,21,27
1408,0,1,2,3,9,10,12,6,15,5,4,8,17,18,19,22,30,16,21,27
1409,0,1,2,3,9,10,12,6,15,5,4,8,17,18,19,22,30,16,21,27
1410,0,1,2,3,9,10,12,6,15,5,4,8,17,18,19,22,30,16,21,27
1411,0,1,2,3,9,10,12,6,15,5,4,8,17,18,19,22,30,16,21,27
1412,0,1,2,3,9,10,12,6,15,5,4,8,17,18,19,22,30,16,21,27
1413,0,1,2,3,9,10,12,6,15,5,4,8,17,18,19,22,30,16,21,27
1414,0,1,2,3,9,10,12,6,15,5,4,8,17,18,19,22,30,16,21,27
1415,0,1,2,3,9,10,12,6,15,5,4,8,17,18,19,22,30,16,21,27
1416,0,1,2,3,9,10,12,6,15,5,4,8,17,18,19,22,30,16,21,27
1417,0,1,2,3,9,10,12,6,15,5,4,8,17,18,19,22,30,16,21,27
1418,0,1,2,3,9,10,12,6,15,5,4,8,17,18,19,22,30,16,21,27
1419,0,1,2,3,9,10,12,6,15,5,4,8,17,18,19,22,30,16,21,27
1420,0,1,2,3,9,10,12,6,15,5,4,8,17,18,19,22,30,16,21,27
1421,0,1,2,3,9,10,12,6,15,5,4,8,17,18,19,22,30,16,21,27
1422,0,1,2,3,9,10,12,6,15,5,4,8,17,18,19,22,30,16,27,21
1423,0,1,2,3,9,10,12,6,15,5,4,8,17,18,19,30,22,16,27,21
1424,0,1,2,3,9,10,12,6,15,5,4,8,17,18,19,30,22,27,16,21
1425,0,1,2,3,9,10,12,6,15,5,4,8,17,18,19,30,22,27,16,21
1426,0,1,2,3,9,10,12,6,15,5,4,8,17,18,19,30,22,27,16,21
1427,0,1,2,3,9,10,12,6,15,5,4,8,17,18,19,30,22,27,16,21
1428,0,1,2,3,9,10,12,6,15,5,4,8,17,18,19,30,22,27,16,21
1429,0,1,2,3,9,10,12,6,15,5,4,8,17,18,19,30,22,27,16,21
1430,0,1,2,3,9,10,12,6,15,5,4,8,17,18,19,30,22,27,16,21
1431,0,1,2,3,9,10,12,6,15,5,4,8,17,18,19,30,22,27,16,21
1432,0,1,2,3,9,10,12,6,15,5,4,8,17,18,19,30,22,27,16,21
1433,0,1,2,3,9,10,12,6,15,5,4,8,17,18,19,30,22,27,16,21
1434,0,1,2,3,9,10,12,6,15,5,4,8,17,18,19,30,22,27,16,21
1435,0,1,2,3,9,10,12,6,15,5,4,8,17,18,19,30,22,27,16,21
1436,0,1,2,3,9,10,12,6,15,5,4,8,17,18,19,30,22,27,16,21
1437,0,1,2,3,9,10,12,6,15,5,4,8,17,18,19,30,22,27,16,21
1438,0,1,2,3,9,10,12,6,15,5,4,8,17,18,19,30,22,27,16,21
1439,0,1,2,3,9,10,12,6,15,5,4,8,17,18,19,30,22,27,16,21
1440,0,1,2,3,9,10,12,6,15,5,4,8,17,18,19,30,22,27,16,21
1441,0,1,2,9,10,3,12,6,15,5,4,8,17,18,19,30,22,27,16,21
1442,0,1,2,9,10,3,12,6,15,5,4,8,17,18,19,30,22,27,16,21
1443,0,1,2,9,10,3,12,6,15,5,4,8,17,18,19,30,22,27,16,21
1444,0,1,2,9,10,3,12,6,15,5,4,8,17,18,30,19,27,22,16,21
1445,0,1,2,9,10,3,12,6,15,5,4,8,17,18,30,19,27,22,16,21
1446,0,1,2,9,10,3,12,6,15,5,4,8,17,18,30,19,27,22,16,21
1447,0,1,2,9,10,3,12,6,15,5,4,8,17,18,19,30,22,27,16,21
1448,0,1,2,9,10,3,12,6,15,5,4,8,17,18,19,30,22,27,16,21
1449,0,1,2,9,10,3,12,6,15,5,4,8,17,18,19,30,22,27,16,21
1450,0,1,2,9,10,3,12,6,15,5,4,8,17,18,19,30,22,27,16,21
1451,0,1,2,9,10,3,12,6,15,5,4,8,17,18,19,30,22,27,16,21
1452,0,1,2,9,10,3,12,6,15,5,4,8,17,18,19,30,22,27,16,21
1453,0,1,2,9,10,3,12,6,15,5,4,8,17,18,19,30,22,27,16,21
1454,0,1,2,9,10,3,12,6,15,5,4,8,17,18,19,30,22,27,16,21
1455,0,1,2,9,10,3,12,6,15,5,4,8,17,18,19,30,22,27,16,21
1456,0,1,2,9,10,3,12,6,15,5,4,8,17,18,19,30,22,27,16,21
1457,0,1,2,9,10,3,12,6,15,5,4,8,17,18,19,30,22,27,16,21
1458,0,1,2,9,10,3,12,6,15,5,4,8,17,18,19,30,22,27,16,21
1459,0,1,2,9,10,3,12,6,15,5,4,8,17,18,19,30,22,27,16,21
1460,0,1,2,9,10,3,12,6,15,5,4,8,17,18,19,30,22,27,16,21
1461,0,1,2,9,10,3,12,6,15,5,4,8,17,18,19,30,22,27,16,21
1462,0,1,2,9,10,3,12,6,15,5,4,8,17,18,19,30,22,16,27,21
1463,0,1,2,9,10,3,12,6,15,5,4,8,17,18,19,22,30,16,27,21
1464,0,1,2,9,10,3,12,6,15,5,4,8,17,18,19,22,30,16,21,27
1465,0,1,2,9,10,3,12,6,15,5,4,8,17,18,19,22,30,16,21,27
1466,0,1,2,9,10,3,12,6,15,5,4,8,17,18,19,22,30,16,21,27
1467,0,1,2,9,10,3,12,6,15,5,4,8,17,18,19,22,30,16,21,27
1468,0,1,2,9,10,3,12,6,15,5,4,8,17,18,19,22,30,16,21,27
1469,0,1,2,9,10,3,12,6,15,5,4,8,17,18,19,22,30,16,21,27
1470,0,1,2,9,10,3,12,6,15,5,4,8,17,18,19,22,30,16,21,27
1471,0,1,2,9,10,3,12,6,15,5,4,8,17,18,19,22,30,16,21,27
1472,0,1,2,9,10,3,12,6,15,5,4,8,17,18,19,22,30,16,21,27
1473,0,1,2,9,10,3,12,6,15,5,4,8,17,18,19,22,30,16,21,27
1474,0,1,2,9,10,3,12,6,15,5,4,8,17,18,19,22,30,16,21,27
1475,0,1,2,9,10,3,12,6,15,5,4,8,17,18,19,22,30,16,21,27
1476,0,1,2,9,10,3,12,6,15,5,4,8,17,18,19,22,30,16,21,27
1477,0,1,2,9,10,3,12,6,15,5,4,8,17,18,19,22,30,16,21,27
1478,0,1,2,9,10,3,12,6,15,5,4,8,17,18,19,22,30,16,21,27
1479,0,1,2,9,10,3,12,6,15,5,4,8,17,18,19,22,30,16,21,27
1480,0,1,2,9,10,3,12,6,15,5,4,8,17,18,19,22,30,16,21,27
1481,0,1,2,9,10,3,12,6,15,5,4,8,17,18,19,22,30,16,21,27
1482,0,1,2,9,10,3,12,6,15,5,4,8,17,18,19,22,30,16,21,27
1483,0,1,2,9,10,3,12,6,15,5,4,8,17,18,19,22,30,16,21,27
1484,0,1,2,9,10,3,12,6,15,5,4,8,17,18,19,22,30,16,21,27
1485,0,1,2,9,10,3,12,6,15,5,4,8,17,18,19,22,30,16,21,27
1486,0,1,2,9,10,3,12,6,15,5,4,8,17,18,19,22,30,16,21,27
1487,0,1,2,9,10,3,12,6,15,5,4,8,17,18,19,22,30,16,21,27
1488,0,1,2,9,10,3,12,6,15,5,4,8,17,18,19,22,30,16,21,27
1489,0,1,2,9,10,3,12,6,15,5,4,8,17,18,19,22,30,16,21,27
1490,0,1,2,9,10,3,12,6,15,5,4,8,17,18,19,22,30,16,21,27
1491,0,1,2,9,10,3,12,6,15,5,4,8,17,18,19,22,30,16,21,27
1492,0,1,2,9,10,3,12,6,15,5,4,8,17,18,19,22,30,16,21,27
1493,0,1,2,9,10,3,12,6,15,5,4,8,17,18,19,22,30,16,21,27
1494,0,1,2,9,10,3,12,6,15,5,4,8,17,18,19,22,30,16,21,27
1495,0,1,2,9,10,3,12,6,15,5,4,8,17,18,19,22,30,16,21,27
1496,0,1,2,9,10,3,12,6,15,5,4,8,17,18,19,22,30,16,21,27
1497,0,1,2,9,10,3,12,6,15,5,4,8,17,18,19,22,30,16,21,27
1498,0,1,2,9,10,3,12,6,15,5,4,8,17,18,19,22,30,16,21,27
1499,0,1,2,9,10,3,12,6,15,5,4,8,17,18,19,22,30,16,21,27
1500,0,1,2,9,10,3,12,6,15,5,4,8,17,18,19,22,30,16,21,27
1501,0,1,2,9,10,3,12,6,15,5,4,8,17,18,19,22,30,16,21,27
1502,0,1,2,9,10,3,12,6,15,5,4,8,17,18,19,22,30,16,21,27
1503,0,1,2,9,10,3,12,6,15,5,4,8,17,18,19,22,30,16,21,27
1504,0,1,2,9,10,3,12,6,15,5,4,8,17,18,19,22,30,16,21,27
1505,0,1,2,9,10,3,12,6,15,5,4,8,17,18,19,22,30,16,21,27
1506,0,1,2,9,10,3,12,6,15,5,4,8,17,18,19,22,30,16,21,27
1507,0,1,2,9,10,3,12,6,15,5,4,8,17,18,19,22,30,16,21,27
1508,0,1,2,9,10,3,12,6,15,5,4,8,17,18,19,22,16,30,21,31
1509,0,1,2,9,10,3,12,6,15,5,4,8,17,18,19,22,16,21,30,31
1510,0,1,2,9,10,3,12,6,15,5,4,8,17,18,19,22,16,21,30,31
1511,0,1,2,9,10,3,12,6,15,5,4,8,17,18,19,22,16,21,30,31
1512,0,1,2,9,10,3,12,6,15,5,4,8,17,18,19,22,16,21,30,31
1513,0,1,2,9,10,3,12,6,15,5,4,8,17,18,19,22,16,21,30,31
1514,0,1,2,9,10,3,12,6,15,5,4,8,17,18,19,22,16,21,30,31
1515,0,1,2,9,10,3,12,6,15,5,4,8,17,18,19,22,16,21,30,31
1516,0,1,2,9,10,3,12,6,15,5,4,8,17,18,19,22,16,21,30,31
1517,0,1,2,9,10,3,12,6,15,5,4,8,17,18,19,22,16,21,30,31
1518,0,1,2,9,10,3,12,6,15,5,4,8,17,18,19,22,16,21,30,31
1519,0,1,2,9,10,3,12,6,15,5,4,8,17,18,19,22,16,21,30,31
1520,0,1,2,9,10,3,12,6,15,5,4,8,17,18,19,22,16,21,30,31
1521,0,1,2,9,10,3,12,6,15,5,4,8,17,18,19,22,16,21,30,31
1522,0,1,2,9,10,3,12,6,15,5,4,8,17,18,19,22,16,21,30,31
1523,0,1,2,9,10,3,12,6,15,5,4,8,17,18,19,22,16,21,30,31
1524,0,1,2,9,10,3,12,6,15,5,4,8,17,18,19,22,16,21,30,31
1525,0,1,2,9,10,3,12,6,15,5,4,8,17,18,19,22,16,21,30,31
1526,0,1,2,9,10,3,12,6,15,5,4,8,17,18,19,22,16,21,30,31
1527,0,1,2,9,10,3,12,6,15,5,4,8,17,18,19,22,16,21,30,31
1528,0,1,2,9,10,3,12,6,15,5,4,8,17,18,19,22,16,21,30,31
1529,0,1,2,9,10,3,12,6,15,5,4,8,17,18,19,22,16,21,30,31
1530,0,1,2,9,10,3,12,6,15,5,4,8,17,18,19,22,16,21,30,31
1531,0,1,2,9,10,3,12,6,15,5,4,8,17,18,19,22,16,21,30,31
1532,0,1,2,9,10,3,12,6,15,5,4,8,17,18,19,22,16,21,30,31
1533,0,1,2,9,10,3,12,6,15,5,4,8,17,18,19,22,16,21,30,31
1534,0,1,2,9,10,3,12,6,15,5,4,8,17,18,19,22,16,21,30,31
1535,0,1,2,9,10,3,12,6,15,5,4,8,17,18,19,22,16,21,30,31
1536,0,1,2,9,10,3,12,6,15,5,4,8,17,18,19,22,16,21,30,31
1537,0,1,2,9,10,3,12,6,15,5,4,8,17,18,19,22,16,21,30,31
1538,0,1,2,9,10,3,12,6,15,5,4,8,17,18,19,22,16,21,31,30
1539,0,1,2,9,10,3,12,6,15,5,4,8,17,18,19,22,16,21,31,30
1540,0,1,2,9,10,3,12,6,15,5,4,8,17,18,19,22,16,31,21,30
1541,0,1,2,9,10,3,12,6,15,5,4,8,17,18,19,22,16,31,21,30
1542,0,1,2,9,10,3,12,6,15,5,4,8,17,18,19,22,16,31,21,30
1543,0,1,2,9,10,3,12,6,15,5,4,8,17,18,19,22,16,31,21,30
1544,0,1,2,9,10,3,12,6,15,5,4,8,17,18,19,22,16,31,21,30
1545,0,1,2,9,10,3,12,6,15,5,4,8,17,18,19,22,16,31,21,30
1546,0,1,2,9,10,3,12,6,15,5,4,8,17,18,19,22,16,31,21,30
1547,0,1,2,9,10,3,12,6,15,5,4,8,17,18,19,22,16,31,21,30
1548,0,1,2,9,10,3,12,6,15,5,4,8,17,18,19,22,16,31,21,28
1549,0,1,2,9,10,3,12,6,15,5,4,8,17,18,19,22,16,31,21,28
1550,0,1,2,9,10,3,12,6,15,5,4,8,17,18,19,22,16,31,21,28
1551,0,1,2,9,10,3,12,6,15,5,4,8,17,18,19,22,16,31,21,28
1552,0,1,2,9,10,3,12,6,15,5,4,8,17,18,19,22,16,31,21,28
1553,0,1,2,9,10,3,12,6,15,5,4,8,17,18,19,22,16,31,21,28
1554,0,1,2,9,10,3,12,6,15,5,4,8,17,18,19,22,16,31,21,28
1555,0,1,2,9,10,3,12,6,15,5,4,8,17,18,19,22,16,31,21,28
1556,0,1,2,9,10,3,12,6,15,5,4,8,17,18,19,22,16,31,21,28
1557,0,1,2,9,10,3,12,6,15,5,4,8,17,18,19,22,16,31,21,28
1558,0,1,2,9,10,3,12,6,15,5,4,8,17,18,19,22,16,31,21,28
1559,0,1,2,9,10,3,12,6,15,5,4,8,17,18,19,22,16,31,21,28
1560,0,1,2,9,10,3,12,6,15,5,4,8,17,18,19,22,16,31,21,28
1561,0,1,2,9,10,3,12,6,15,5,4,8,17,18,19,22,16,31,21,28
1562,0,1,2,9,10,3,12,6,15,5,4,8,17,18,19,22,16,31,21,28
1563,0,1,2,9,10,3,12,6,15,5,4,8,17,18,19,22,16,31,21,28
1564,0,1,2,9,10,3,12,6,15,5,4,8,17,18,19,22,16,31,21,28
1565,0,1,2,9,10,3,12,6,15,5,4,8,17,18,19,22,16,31,21,28
1566,0,1,2,9,10,3,12,6,15,5,4,8,17,18,19,22,16,21,31,28
1567,0,1,2,9,10,3,12,6,15,5,4,8,17,18,19,22,16,21,31,28
1568,0,1,2,9,10,3,12,6,15,5,4,8,17,18,19,22,16,21,31,28
1569,0,1,2,9,10,3,12,6,15,5,4,8,17,18,19,22,16,21,31,28
1570,0,1,2,9,10,3,12,6,15,5,4,8,17,18,19,22,16,21,31,28
1571,0,1,2,9,10,3,12,6,15,5,4,8,17,18,19,22,16,21,31,28
1572,0,1,2,9,10,3,12,6,15,5,4,8,17,18,19,22,16,21,31,28
1573,0,1,2,9,10,3,12,6,15,5,4,8,17,18,19,22,16,21,31,28
1574,0,1,2,9,10,3,12,6,15,5,4,8,17,18,19,22,16,21,31,28
1575,0,1,2,9,10,3,12,6,15,5,4,8,17,18,19,22,16,21,31,28
1576,0,1,2,9,10,3,12,6,15,5,4,8,17,18,19,22,16,21,31,28
1577,0,1,2,9,10,3,12,6,15,5,4,8,17,18,19,22,16,21,31,28
1578,0,1,2,9,10,3,12,6,15,5,4,8,17,18,19,22,16,21,31,28
1579,0,1,2,9,10,3,12,6,15,5,4,8,17,18,19,22,16,21,31,28
1580,0,1,2,9,10,3,12,6,15,5,4,8,17,18,19,22,16,21,31,28
1581,0,1,2,9,10,3,12,6,15,5,4,8,17,18,19,22,16,21,31,28
1582,0,1,2,9,10,3,12,6,15,5,4,8,17,18,19,22,16,21,31,28
1583,0,1,2,9,10,3,12,6,15,5,4,8,17,18,19,22,16,21,31,28
1584,0,1,2,9,10,3,12,6,15,5,4,8,17,18,19,22,16,21,31,28
1585,0,1,2,9,10,3,12,6,15,5,4,8,17,18,19,22,16,21,31,28
1586,0,1,2,9,10,3,12,6,15,5,4,8,17,18,19,22,16,21,31,28
1587,0,1,2,9,10,3,12,6,15,5,4,8,17,18,19,22,16,21,31,28
1588,0,1,2,9,10,3,12,6,15,5,4,8,17,18,19,22,16,21,31,28
1589,0,1,2,9,10,3,12,6,15,5,4,8,17,18,19,22,16,21,31,28
1590,0,1,2,9,10,3,12,6,15,5,4,8,17,18,19,22,16,21,31,28
1591,0,1,2,9,10,3,12,6,15,5,4,8,17,18,19,22,16,21,31,28
1592,0,1,2,9,10,3,12,6,15,5,4,8,17,18,19,22,16,21,31,28
1593,0,1,2,9,10,3,12,6,15,5,4,8,17,18,19,22,16,21,31,30
1594,0,1,2,9,10,3,12,6,15,5,4,8,17,18,19,22,16,21,31,30
1595,0,1,2,9,10,3,12,6,15,5,4,8,17,18,19,22,16,21,30,31
1596,0,1,2,9,10,3,12,6,15,5,4,8,17,18,19,22,16,21,30,31
1597,0,1,2,9,10,3,12,6,15,5,4,8,17,18,19,22,16,21,30,31
1598,0,1,2,9,10,3,12,6,15,5,4,8,17,18,19,22,16,21,31,30
1599,0,1,2,9,10,3,12,6,15,5,4,8,17,18,19,22,16,21,31,30
1600,0,1,2,9,10,3,12,6,15,5,4,8,17,18,19,22,16,31,21,30
1601,0,1,2,9,10,3,12,6,15,5,4,8,17,18,19,22,16,31,21,30
1602,0,1,2,9,10,3,12,6,15,5,4,8,17,18,19,22,16,31,21,30
1603,0,1,2,9,10,3,12,6,15,5,4,8,17,18,19,22,16,31,21,30
1604,0,1,2,9,10,3,12,6,15,5,4,8,17,18,19,22,16,31,21,30
1605,0,1,2,9,10,3,12,6,15,5,4,8,17,18,19,22,16,31,21,30
1606,0,1,2,9,10,3,12,6,15,5,4,8,17,18,19,22,16,31,21,30
1607,0,1,2,9,10,3,12,6,15,5,4,8,17,18,19,22,31,16,21,30
1608,0,1,2,9,10,3,12,6,15,5,4,8,17,18,19,22,31,16,21,30
1609,0,1,2,9,10,3,12,6,15,5,4,8,17,18,19,22,31,16,21,30
1610,0,1,2,9,10,3,12,6,15,5,4,8,17,18,19,22,31,16,21,30
1611,0,1,2,9,10,3,12,6,15,5,4,8,17,18,19,22,31,16,21,30
1612,0,1,2,9,10,3,12,6,15,5,4,8,17,18,19,22,31,16,21,30
1613,0,1,2,9,10,3,12,6,15,5,4,8,17,18,19,22,31,16,21,30
1614,0,1,2,9,10,3,12,6,15,5,4,8,17,18,19,22,16,31,21,30
1615,0,1,2,9,10,3,12,6,15,5,4,8,17,18,19,22,16,31,21,30
1616,0,1,2,9,10,3,12,6,15,5,4,8,17,18,19,22,16,31,21,30
1617,0,1,2,9,10,3,12,6,15,5,4,8,17,18,19,22,16,31,21,30
1618,0,1,2,9,10,3,12,6,15,5,4,8,17,18,19,22,16,31,21,30
1619,0,1,2,9,10,3,12,6,15,5,4,8,17,18,19,22,16,31,21,30
1620,0,1,2,9,10,3,12,6,15,5,4,8,17,18,19,22,16,31,21,30
1621,0,1,2,9,10,3,12,6,15,5,4,8,17,18,19,22,16,31,21,30
1622,0,1,2,9,10,3,12,6,15,5,4,8,17,18,19,22,31,16,21,30
1623,0,1,2,9,10,3,12,6,15,5,4,8,17,18,19,22,31,16,21,30
1624,0,1,2,9,10,3,12,6,15,5,4,8,17,18,19,22,31,16,21,30
1625,0,1,2,9,10,3,12,6,15,5,4,8,17,18,19,22,31,16,21,30
1626,0,1,2,9,10,3,12,6,15,5,4,8,17,18,19,22,31,16,21,30
1627,0,1,2,9,10,3,12,6,15,5,4,8,17,18,19,22,31,16,21,30
1628,0,1,2,9,10,3,12,6,15,5,4,8,17,18,19,22,31,16,21,32
1629,0,1,2,9,10,3,12,6,15,5,4,8,17,18,19,22,16,31,21,32
1630,0,1,2,9,10,3,12,6,15,5,4,8,17,18,19,22,32,16,31,21
1631,0,1,2,9,10,3,12,6,15,5,4,8,17,18,19,22,32,16,31,21
1632,0,1,2,9,10,3,12,6,15,5,4,8,17,18,19,22,32,16,31,21
1633,0,1,2,9,10,3,12,6,15,5,4,8,17,18,19,22,32,16,31,21
1634,0,1,2,9,10,3,12,6,15,5,4,8,17,18,19,22,32,16,31,21
1635,0,1,2,9,10,3,12,6,15,5,4,8,17,18,19,22,32,16,31,21
1636,0,1,2,9,10,3,12,6,15,5,4,8,17,18,19,22,32,16,31,21
1637,0,1,2,9,10,3,12,6,15,5,4,8,17,18,19,22,32,16,31,21
1638,0,1,2,9,10,3,12,6,15,5,4,8,17,18,19,22,32,16,31,21
1639,0,1,2,9,10,3,12,6,15,5,4,8,17,18,19,22,32,16,31,21
1640,0,1,2,9,10,3,12,6,15,5,4,8,17,18,19,22,32,16,31,21
1641,0,1,2,9,10,3,12,6,15,5,4,8,17,18,19,22,32,16,31,21
1642,0,1,2,9,10,3,12,6,15,5,4,8,17,18,19,22,32,16,31,21
1643,0,1,2,9,10,3,12,6,15,5,4,8,17,18,19,22,32,16,31,21
1644,0,1,2,9,10,3,12,6,15,5,4,8,17,18,19,22,32,16,31,21
1645,0,1,2,9,10,3,12,6,15,5,4,8,17,18,19,22,32,16,31,21
1646,0,1,2,9,10,3,12,6,15,5,4,8,17,18,19,22,32,16,21,31
1647,0,1,2,9,10,3,12,6,15,5,4,8,17,18,19,22,32,16,21,31
1648,0,1,2,9,10,3,12,6,15,5,4,8,17,18,19,22,32,16,21,30
1649,0,1,2,9,10,3,12,6,15,5,4,8,17,18,19,22,32,16,21,30
1650,0,1,2,9,10,3,12,6,15,5,4,8,17,18,19,22,32,16,21,30
1651,0,1,2,9,10,3,12,6,15,5,4,8,17,18,19,22,32,16,21,30
1652,0,1,2,9,10,3,12,6,15,5,4,8,17,18,19,22,32,16,21,30
1653,0,1,2,9,10,3,12,6,15,5,4,8,17,18,19,22,32,16,21,30
1654,0,1,2,9,10,3,12,6,15,5,4,8,17,18,19,22,32,16,21,30
1655,0,1,2,9,10,3,12,6,15,5,4,8,17,18,19,22,32,16,21,30
1656,0,1,9,10,2,3,6,15,12,5,4,8,17,18,19,32,22,16,21,30
1657,0,1,9,10,3,2,6,15,5,4,12,8,17,18,19,32,22,16,21,30
1658,0,1,9,10,3,2,6,15,5,4,12,17,18,8,19,32,31,28,33,34
1659,0,1,9,10,3,6,15,5,4,2,12,17,18,19,8,32,31,28,33,34
1660,0,1,9,10,3,6,15,4,5,2,17,18,12,19,8,32,31,28,33,34
1661,0,1,9,10,3,6,15,4,5,2,17,18,12,19,8,32,31,28,33,34
1662,0,1,9,10,3,6,15,4,5,2,17,18,12,19,8,32,31,28,33,34
1663,0,1,9,10,3,6,15,4,5,2,17,18,12,19,8,32,31,28,33,34
1664,0,1,9,10,3,6,15,4,5,2,17,18,12,19,8,32,31,28,33,34
1665,0,1,9,10,3,6,15,4,5,2,17,18,12,19,8,32,31,28,33,34
1666,0,1,9,10,3,6,15,4,5,2,17,18,12,19,8,32,31,28,33,34
1667,0,1,9,10,3,6,15,4,5,2,17,18,12,19,8,32,31,28,33,34
1668,0,1,9,10,3,6,15,4,5,2,17,18,12,19,8,32,31,28,33,34
1669,0,1,9,10,3,6,15,4,5,2,17,18,12,19,8,32,31,28,33,34
1670,0,1,9,10,3,6,15,4,5,2,17,18,12,19,8,32,31,28,33,34
1671,0,1,9,10,3,6,15,4,5,2,17,18,12,19,8,32,31,28,33,34
1672,0,1,9,10,3,6,15,4,5,2,17,18,12,19,8,32,31,28,33,34
1673,0,1,9,10,3,6,15,4,5,2,17,18,12,19,8,32,31,28,33,34
1674,0,1,9,10,3,6,15,4,5,2,17,18,12,19,8,32,31,28,33,34
1675,0,1,9,10,3,6,15,4,5,2,17,18,12,19,8,32,31,28,33,34
1676,0,1,9,10,3,6,15,4,5,2,17,18,12,19,8,32,31,28,33,34
1677,0,1,9,10,3,6,15,4,5,2,17,18,12,19,8,32,31,28,33,34
1678,0,1,9,10,3,6,15,4,5,2,17,18,12,19,8,32,31,28,33,34
1679,0,1,9,10,3,6,15,4,5,2,17,18,12,19,8,32,31,28,33,34
1680,0,1,9,10,3,6,15,4,5,2,17,18,12,19,8,32,31,28,33,34
1681,0,1,9,10,3,6,15,4,5,2,17,18,12,19,8,32,31,28,33,34
1682,0,1,9,10,3,6,15,4,5,2,17,18,12,19,8,32,31,28,33,34
1683,0,1,9,10,3,6,15,4,5,2,17,18,12,19,8,32,31,28,33,34
1684,0,1,9,10,3,6,15,4,5,2,17,18,12,19,8,32,31,28,33,34
1685,0,1,9,10,3,6,15,4,5,2,17,18,12,19,8,32,31,28,33,34
1686,0,1,9,10,3,6,15,4,5,2,17,18,12,19,8,32,31,28,33,34
1687,0,1,9,10,3,6,15,4,5,2,17,18,12,19,8,32,31,28,33,34
1688,0,1,9,10,3,6,15,4,5,2,17,18,12,19,8,32,31,28,33,34
1689,0,1,9,10,3,6,15,4,5,2,17,18,12,19,8,32,31,28,33,34
1690,0,1,9,10,3,6,15,4,5,2,17,18,12,19,8,32,31,28,33,34
1691,0,1,9,10,3,6,15,4,5,2,17,18,12,19,8,32,31,28,33,34
1692,0,1,9,10,3,6,15,4,5,2,17,18,12,19,8,32,31,28,33,34
1693,0,1,9,10,3,6,15,4,5,2,17,18,12,19,8,32,31,28,33,34
1694,0,1,9,10,3,6,15,4,5,2,17,18,12,19,8,32,31,28,33,34
1695,0,1,9,10,3,6,15,4,5,2,17,18,12,19,8,32,28,31,33,34
1696,0,1,9,10,3,6,15,4,5,2,17,18,12,19,8,32,28,31,33,34
1697,0,1,9,10,3,6,15,4,5,2,17,18,12,19,8,32,28,31,33,34
1698,0,1,9,10,3,6,15,4,5,2,17,18,12,19,8,32,28,31,33,34
1699,0,1,9,10,3,6,15,4,5,2,17,18,12,19,8,32,28,31,33,34
1700,0,1,9,10,3,6,15,4,5,2,17,18,12,19,8,32,28,31,33,34
1701,0,1,9,10,3,6,15,4,5,2,17,18,12,19,8,32,31,28,33,34
1702,0,1,9,10,3,6,15,4,5,2,17,18,12,19,8,32,31,28,33,34
1703,0,1,9,10,3,6,15,4,5,2,17,18,12,19,8,32,31,28,33,34
1704,0,1,9,10,3,6,15,4,5,2,17,18,12,19,8,32,31,28,33,34
1705,0,1,9,10,3,6,15,4,5,2,17,18,12,19,8,32,31,28,33,34
1706,0,1,9,10,3,6,15,4,5,2,17,18,12,19,8,32,31,28,33,34
1707,0,1,9,10,3,6,15,4,5,2,17,18,12,19,8,32,31,28,33,34
1708,0,1,9,10,3,6,15,4,5,2,17,18,12,19,8,32,31,28,33,34
1709,0,1,9,10,3,6,15,4,5,2,17,18,12,19,8,32,31,28,33,34
1710,0,1,9,10,3,6,15,4,5,2,17,18,12,19,8,32,31,28,33,34
1711,0,1,9,10,3,6,15,4,5,2,17,18,12,19,8,32,31,28,33,34
1712,0,1,9,10,3,6,15,4,5,2,17,18,12,19,8,32,31,28,33,34
1713,0,1,9,10,3,6,15,4,5,2,17,18,12,19,8,32,31,28,33,34
1714,0,1,9,10,3,6,15,4,5,2,17,18,12,19,8,32,31,28,33,34
1715,0,1,9,10,3,6,15,4,5,2,17,18,12,19,8,32,31,28,33,34
1716,0,1,9,10,3,6,15,4,5,2,17,18,12,19,8,32,31,28,33,34
1717,0,1,9,10,3,6,15,4,5,2,17,18,12,19,8,32,31,28,33,34
1718,0,1,9,10,3,6,15,4,5,2,17,18,12,19,8,32,31,28,33,34
1719,0,1,9,10,3,6,15,4,5,2,17,18,12,19,8,32,31,28,33,34
1720,0,1,9,10,3,6,15,4,5,2,17,18,12,19,8,32,31,28,33,34
1721,0,1,9,10,3,6,15,4,5,2,17,18,12,19,8,32,31,28,33,34
1722,0,1,9,10,3,6,15,4,5,17,18,12,2,19,8,32,31,28,33,34
1723,0,1,9,10,3,6,15,4,5,17,18,12,19,2,8,32,31,28,33,34
1724,0,1,9,10,3,6,15,4,5,17,18,12,19,2,8,32,31,28,33,34
1725,0,1,9,10,3,6,15,4,5,17,18,12,19,8,2,32,31,28,33,34
1726,0,1,9,10,3,6,15,4,5,17,18,12,19,8,2,32,31,28,33,34
1727,0,1,9,10,3,6,15,4,5,17,18,12,19,8,2,32,31,28,33,34
1728,0,1,9,10,3,6,15,4,5,17,18,12,19,8,2,32,31,28,33,34
1729,0,1,9,10,3,6,15,4,5,17,18,12,19,8,2,32,31,28,33,34
1730,0,1,9,10,3,6,15,4,5,17,18,12,19,8,2,32,31,28,33,34
1731,0,1,9,10,3,6,15,4,5,17,18,12,19,8,2,32,31,28,33,34
1732,0,1,9,10,3,6,15,4,5,17,18,12,19,8,2,32,31,28,33,34
1733,0,1,9,10,3,6,15,4,5,17,18,12,19,8,2,32,31,28,33,34
1734,0,1,9,10,3,6,15,4,5,17,18,12,19,8,2,32,31,28,33,34
1735,0,1,9,10,3,6,15,4,5,17,18,12,19,8,2,32,31,28,33,34
1736,0,1,9,10,3,6,15,4,5,17,18,12,19,8,2,32,31,28,33,34
1737,0,1,9,10,3,6,15,4,5,17,18,12,19,8,2,32,31,28,33,34
1738,0,1,9,10,3,6,15,4,5,17,18,12,19,8,2,32,31,28,33,34
1739,0,1,9,10,3,6,15,4,5,17,18,12,19,8,2,32,31,28,33,34
1740,0,1,9,10,3,6,15,4,5,17,18,12,19,8,2,32,31,28,33,34
1741,0,1,9,10,3,6,15,4,5,17,18,12,19,8,2,32,31,28,33,34
1742,0,1,9,10,3,6,15,4,5,17,18,12,19,8,2,32,31,28,33,34
1743,0,1,9,10,3,6,15,4,5,17,18,12,19,8,2,32,31,28,33,34
1744,0,1,9,10,3,6,15,4,5,17,18,12,19,8,2,32,31,28,33,34
1745,0,1,9,10,3,6,15,4,5,17,18,12,19,8,2,32,31,28,33,34
1746,0,1,9,10,3,6,15,4,5,17,18,12,19,8,2,32,31,28,33,34
1747,0,1,9,10,3,6,15,4,5,17,18,12,19,8,2,32,31,28,33,34
1748,0,1,9,10,3,6,15,4,5,17,18,12,19,8,2,32,31,28,33,16
1749,0,1,9,10,3,6,15,4,5,17,18,12,19,8,2,32,31,28,33,16
1750,0,1,9,10,3,6,15,4,5,17,18,12,19,8,2,32,16,31,28,33
1751,0,1,9,10,3,6,15,4,5,17,18,12,19,8,2,32,16,31,28,33
1752,0,1,9,10,3,6,15,4,5,17,18,12,19,8,2,32,16,31,28,33
1753,0,1,9,10,3,6,15,4,5,17,18,12,19,8,2,32,16,31,28,33
1754,0,1,9,10,3,6,15,4,5,17,18,12,19,8,2,32,16,31,28,33
1755,0,1,9,10,3,6,15,4,5,17,18,12,19,8,2,32,16,31,28,33
1756,0,1,9,10,3,6,15,4,5,17,18,12,19,8,2,32,16,31,28,33
1757,0,1,9,10,3,6,15,4,5,17,18,12,19,8,2,32,16,31,28,33
1758,0,1,9,10,3,6,15,4,5,17,18,12,19,8,2,32,16,31,28,33
1759,0,1,9,10,3,6,15,4,5,17,18,12,19,8,2,32,16,31,28,33
1760,0,1,9,10,3,6,15,4,5,17,18,12,19,8,2,32,16,31,28,33
1761,0,1,9,10,3,6,15,4,5,17,18,12,19,8,2,32,16,31,28,33
1762,0,1,9,10,3,6,15,4,5,17,18,12,19,8,2,32,16,31,28,33
1763,0,1,9,10,3,6,15,4,5,17,18,12,19,8,2,32,16,31,28,33
1764,0,1,9,10,3,6,15,4,5,17,18,12,19,8,2,32,16,31,28,33
1765,0,1,9,10,3,6,15,4,5,17,18,12,19,8,2,32,16,31,28,33
1766,0,1,9,10,3,6,15,4,5,17,18,12,19,8,2,32,31,28,33,16
1767,0,1,9,10,3,6,15,4,5,17,18,12,19,8,2,32,31,28,33,16
1768,0,1,9,10,3,6,15,4,5,17,18,12,19,8,2,32,31,28,33,34
1769,0,1,9,10,3,6,15,4,5,17,18,12,19,8,2,32,31,28,33,34
1770,0,1,9,10,3,6,15,4,5,17,18,12,19,8,2,32,31,28,33,34
1771,0,1,9,10,3,6,15,4,5,17,18,12,19,8,2,32,31,33,34,28
1772,0,1,9,10,3,6,15,4,5,17,18,12,19,8,2,32,31,33,34,28
1773,0,1,9,10,3,6,15,4,5,17,18,12,19,8,2,32,31,33,34,26
1774,0,1,9,10,3,6,15,4,5,17,18,12,19,8,2,32,31,33,34,26
1775,0,1,9,10,3,6,15,4,5,17,18,12,19,8,2,32,31,33,26,34
1776,0,1,9,10,3,6,15,4,5,17,18,12,19,8,2,32,31,34,33,26
1777,0,1,9,10,3,6,15,4,5,17,18,12,19,8,2,32,31,34,33,26
1778,0,1,9,10,3,6,15,4,5,17,18,12,19,8,2,32,31,34,33,26
1779,0,1,9,10,3,6,15,4,5,17,18,12,19,8,2,32,31,34,33,26
1780,0,1,9,10,3,6,15,4,5,17,18,12,19,8,2,32,31,34,33,26
1781,0,1,9,10,3,6,15,4,5,17,18,12,19,8,2,32,31,34,33,26
1782,0,1,9,10,3,6,15,4,5,17,18,12,19,8,2,32,31,34,33,26
1783,0,1,9,10,3,6,15,4,5,17,18,12,19,8,2,32,31,34,33,26
1784,0,1,9,10,3,6,15,4,5,17,18,12,19,8,2,32,31,34,33,26
1785,0,1,9,10,3,6,15,4,5,17,18,12,19,8,2,32,31,34,33,26
1786,0,1,9,10,3,6,15,4,5,17,18,12,19,8,2,32,31,34,33,26
1787,0,1,9,10,3,6,15,4,5,17,18,12,19,8,2,32,31,34,33,26
1788,0,1,9,10,3,6,15,4,5,17,18,12,19,8,2,32,31,34,33,26
1789,0,1,9,10,3,6,15,4,5,17,18,12,19,8,2,32,31,34,33,26
1790,0,1,9,10,3,6,15,4,5,17,18,12,19,8,2,32,31,34,33,26
1791,0,1,9,10,3,6,15,4,5,17,18,12,19,8,2,32,31,34,33,26
1792,0,1,9,10,3,6,15,4,5,17,18,12,19,8,2,32,31,34,33,26
1793,0,1,9,10,3,6,15,4,5,17,18,12,19,8,2,32,31,34,33,26
1794,0,1,9,10,3,6,15,4,5,17,18,12,19,8,2,32,31,34,33,26
1795,0,1,9,10,3,6,15,4,5,17,18,12,19,8,2,32,31,34,33,26
1796,0,1,9,10,3,6,15,4,5,17,18,12,19,8,2,32,31,34,33,26
1797,0,1,9,10,3,6,15,4,5,17,18,12,19,8,2,32,31,34,33,26
1798,0,1,9,10,3,6,15,4,5,17,18,12,19,8,2,32,31,34,33,26
1799,0,1,9,10,3,6,15,4,5,17,18,12,19,8,2,32,34,31,33,26
1800,0,1,9,10,3,6,15,4,5,17,18,12,19,8,2,32,34,31,33,26
1801,0,1,9,10,3,6,15,4,5,17,12,19,18,8,2,32,34,31,26,33
1802,0,1,9,10,3,6,15,4,5,17,12,19,8,18,2,32,31,34,26,33
1803,0,1,9,10,3,6,15,4,5,17,12,19,8,2,32,18,31,34,26,22
1804,0,1,9,10,3,6,15,4,5,17,12,19,8,2,32,18,31,34,26,22
1805,0,1,9,10,3,6,15,4,5,17,12,19,8,2,32,31,34,18,26,22
1806,0,1,9,10,3,6,15,4,5,17,12,19,8,2,32,31,34,18,26,22
1807,0,1,9,10,3,6,15,4,5,17,12,19,8,2,32,31,34,18,26,22
1808,0,1,9,10,3,6,15,4,5,17,12,19,8,2,32,31,34,18,26,22
1809,0,1,9,10,3,6,15,4,5,17,12,19,8,2,32,31,34,18,26,22
1810,0,1,9,10,3,6,15,4,5,17,12,19,8,2,32,31,34,18,26,22
1811,0,1,9,10,3,6,15,4,5,17,12,19,8,2,32,31,34,18,26,22
1812,0,1,9,10,3,6,15,4,5,17,12,19,8,2,32,31,34,18,26,22
1813,0,1,9,10,3,6,15,4,5,17,12,19,8,2,32,31,34,18,26,22
1814,0,1,9,10,3,6,15,4,5,17,12,19,8,2,32,34,31,18,26,22
1815,0,1,9,10,3,6,15,4,5,17,12,19,8,2,32,34,31,18,26,22
1816,0,1,9,10,3,6,15,4,5,17,12,19,8,2,32,34,31,18,26,22
1817,0,1,9,10,3,6,15,4,5,17,12,19,8,2,32,34,31,18,26,22
1818,0,1,9,10,3,6,15,4,5,17,12,19,8,2,32,34,31,18,26,30
1819,0,1,9,10,3,6,15,4,5,17,12,19,8,2,32,34,31,18,26,30
1820,0,1,9,10,3,6,15,4,5,17,12,19,8,2,32,34,31,18,26,30
1821,0,1,9,10,3,6,15,4,5,17,12,19,8,2,32,34,31,18,26,30
1822,0,1,9,10,3,6,15,4,5,17,12,19,8,2,32,34,31,18,26,30
1823,0,1,9,10,3,6,15,4,5,17,12,19,8,2,32,34,18,31,26,30
1824,0,1,9,10,3,6,15,4,5,17,12,19,8,2,32,34,18,31,26,30
1825,0,1,9,10,3,6,15,4,5,17,12,19,8,2,32,34,18,26,31,30
1826,0,1,9,10,3,6,15,4,5,17,12,19,8,2,32,34,18,31,26,30
1827,0,1,9,10,3,6,15,4,5,17,12,19,8,2,32,34,18,31,26,30
1828,0,1,9,10,3,6,15,4,5,17,12,19,8,2,32,34,31,18,26,30
1829,0,1,9,10,3,6,15,4,5,17,12,19,8,2,32,34,31,18,26,30
1830,0,1,9,10,3,6,15,4,5,17,12,19,8,2,32,34,31,18,26,30
1831,0,1,9,10,3,6,15,4,5,17,12,19,8,2,32,34,31,18,26,30
1832,0,1,9,10,3,6,15,4,5,17,12,19,8,2,32,34,31,18,26,30
1833,0,1,9,10,3,6,15,4,5,17,12,19,8,2,32,34,31,18,26,30
1834,0,1,9,10,3,6,15,4,5,17,12,19,8,2,32,34,31,18,26,30
1835,0,1,9,10,3,6,15,4,5,17,12,19,8,2,32,34,31,18,26,30
1836,0,1,9,10,3,6,15,4,5,17,12,19,8,2,32,34,31,18,30,26
1837,0,1,9,10,3,6,15,4,5,17,12,19,8,2,32,31,34,18,30,26
1838,0,1,9,10,3,6,15,4,5,17,12,19,8,2,32,31,30,18,34,26
1839,0,1,9,10,3,6,15,4,5,17,12,19,8,2,32,30,31,18,34,26
1840,0,1,9,10,3,6,15,4,5,17,12,19,8,2,32,30,31,18,26,34
1841,0,1,9,10,3,6,15,4,5,17,12,19,8,2,32,30,31,18,26,34
1842,0,1,9,10,3,6,15,4,5,17,12,19,8,2,32,30,31,18,26,34
1843,0,1,9,10,3,6,15,4,5,17,12,19,8,2,32,30,31,18,26,34
1844,0,1,9,10,3,6,15,4,5,17,12,19,8,2,32,30,31,18,26,34
1845,0,1,9,10,3,6,15,4,5,17,12,19,8,2,32,30,31,18,26,34
1846,0,1,9,10,3,6,15,4,5,17,12,19,8,2,32,30,31,18,26,34
1847,0,1,9,10,3,6,15,4,5,17,12,19,8,2,32,30,31,18,26,34
1848,0,1,9,10,3,6,15,4,5,17,12,19,8,2,32,30,31,18,26,34
1849,0,1,9,10,3,6,15,4,5,17,12,19,8,2,32,30,31,18,26,34
1850,0,1,9,10,3,6,15,4,5,17,12,19,8,2,32,30,31,18,26,34
1851,0,1,9,10,3,6,15,4,5,17,12,19,8,2,32,30,31,18,26,34
1852,0,1,9,10,3,6,15,4,5,17,12,19,8,2,32,30,31,18,26,34
1853,0,1,9,10,3,6,15,4,5,17,12,19,8,2,32,30,31,18,26,34
1854,0,1,9,10,3,6,15,4,5,17,12,19,8,2,32,30,31,18,26,34
1855,0,1,9,10,3,6,15,4,5,17,12,19,8,2,32,30,31,18,26,34
1856,0,1,9,10,3,6,15,4,5,17,12,19,8,2,32,30,31,18,26,34
1857,0,1,9,10,3,6,15,4,5,17,12,19,8,2,32,30,31,18,26,34
1858,0,1,9,10,3,6,15,4,5,17,12,19,8,2,32,30,31,18,26,34
1859,0,1,9,10,3,6,15,4,5,17,12,19,8,2,32,30,31,18,26,34
1860,0,1,9,10,3,6,15,4,5,17,12,19,8,2,32,30,31,18,26,34
1861,0,1,9,10,3,6,15,4,5,17,12,19,8,2,32,30,31,18,26,34
1862,0,1,9,10,3,6,15,4,5,17,12,19,8,2,32,31,30,18,26,34
1863,0,1,9,10,3,6,15,4,5,17,12,19,8,2,32,31,30,18,26,34
1864,0,1,9,10,3,6,15,4,5,17,12,19,8,2,32,31,30,18,26,34
1865,0,1,9,10,3,6,15,4,5,17,12,19,8,2,32,31,30,18,26,34
1866,0,1,9,10,3,6,15,4,5,17,12,19,8,2,32,31,30,18,26,34
1867,0,1,9,10,3,6,15,4,5,17,12,19,8,2,32,31,30,18,26,34
1868,0,1,9,10,3,6,15,4,5,17,12,19,8,2,32,31,30,18,26,34
1869,0,1,9,10,3,6,15,4,5,17,12,19,8,2,32,31,30,18,26,34
1870,0,1,9,10,3,6,15,4,5,17,12,19,8,2,32,31,30,18,26,34
1871,0,1,9,10,3,6,15,4,5,17,12,19,8,2,32,31,30,18,26,34
1872,0,1,9,10,3,6,15,4,5,17,12,19,8,2,32,31,30,18,26,34
1873,0,1,9,10,3,6,15,4,5,17,12,19,8,2,32,31,30,18,26,34
1874,0,1,9,10,3,6,15,4,5,17,12,19,8,2,32,31,30,18,26,34
1875,0,1,9,10,3,6,15,4,5,17,12,19,8,2,32,31,30,18,26,34
1876,0,1,9,10,3,6,15,4,5,17,12,19,8,2,32,31,30,18,34,26
1877,0,1,9,10,3,6,15,4,5,17,12,19,8,2,32,31,30,34,18,26
1878,0,1,9,10,3,6,15,4,5,17,12,19,8,2,32,31,30,34,18,26
1879,0,1,9,10,3,6,15,4,5,17,12,19,8,2,32,31,30,34,18,26
1880,0,1,9,10,3,6,15,4,5,17,12,19,8,2,32,31,30,34,18,26
1881,0,1,9,10,3,6,15,4,5,17,12,19,8,2,32,31,30,34,18,26
1882,0,1,9,10,3,6,15,4,5,17,12,19,8,2,32,31,30,34,18,26
1883,0,1,9,10,3,6,15,4,5,17,12,19,8,2,32,31,30,34,18,26
1884,0,1,9,10,3,6,15,4,5,17,12,19,8,2,32,31,30,18,34,26
1885,0,1,9,10,3,6,15,4,5,17,12,19,8,2,32,31,30,18,26,34
1886,0,1,9,10,3,6,15,4,5,17,12,19,8,2,32,31,30,18,34,26
1887,0,1,9,10,3,6,15,4,5,17,12,19,8,2,32,31,30,18,34,26
1888,0,1,9,10,3,6,15,4,5,17,12,19,8,2,32,31,30,18,34,16
1889,0,1,9,10,3,6,15,4,5,17,12,19,8,2,32,31,30,18,34,16
1890,0,1,9,10,3,6,15,4,5,17,12,19,8,2,32,31,16,30,18,34
1891,0,1,9,10,3,6,15,4,5,17,12,19,8,2,32,31,16,30,18,34
1892,0,1,9,10,3,6,15,4,5,17,12,19,8,2,32,31,16,30,18,34
1893,0,1,9,10,3,6,15,4,5,17,12,19,8,2,32,31,16,30,18,27
1894,0,1,9,10,3,6,15,4,5,17,12,19,8,2,32,30,16,31,18,27
1895,0,1,9,10,3,6,15,4,5,17,12,19,8,2,32,30,16,31,27,18
1896,0,1,9,10,3,6,15,4,5,17,12,19,8,2,32,30,16,31,27,18
1897,0,1,9,10,3,6,15,4,5,17,12,19,8,2,32,30,16,31,27,18
1898,0,1,9,10,3,6,15,4,5,17,12,19,8,2,32,30,16,31,27,18
1899,0,1,9,10,3,6,15,4,5,17,12,19,8,2,32,30,16,27,31,18
1900,0,1,9,10,3,6,15,4,5,17,12,19,8,2,32,30,16,27,31,18
1901,0,1,9,10,3,6,15,4,5,17,12,19,8,2,32,30,16,27,31,18
1902,0,1,9,10,3,6,15,4,5,17,12,19,8,2,32,30,16,27,31,18
1903,0,1,9,10,3,6,15,4,5,17,12,19,8,2,32,30,16,27,31,18
1904,0,1,9,10,3,6,15,4,5,17,12,19,8,2,32,30,16,27,31,18
1905,0,1,9,10,3,6,15,4,5,17,12,19,8,2,32,30,16,27,31,18
1906,0,1,9,10,3,6,15,4,5,17,12,19,8,2,32,30,16,27,31,18
1907,0,1,9,10,3,6,15,4,5,17,12,19,8,2,32,30,16,27,31,18
1908,0,1,9,10,3,6,15,4,5,17,12,19,8,2,32,30,16,27,31,18
1909,0,1,9,10,3,6,15,4,5,17,12,19,8,2,32,30,16,27,31,18
1910,0,1,9,10,3,6,15,4,5,17,12,19,8,2,32,30,16,27,31,18
1911,0,1,9,10,3,6,15,4,5,17,12,19,8,2,32,30,16,27,31,18
1912,0,1,9,10,3,6,15,4,5,17,12,19,8,2,32,30,16,27,31,18
1913,0,1,9,10,3,6,15,4,5,17,12,19,8,2,32,30,16,27,31,18
1914,0,1,9,10,3,6,15,4,5,17,12,19,8,2,32,30,16,27,31,18
1915,0,1,9,10,3,6,15,4,5,17,12,19,8,2,32,30,16,27,31,18
1916,0,1,9,10,3,6,15,4,5,17,12,19,8,2,32,30,16,27,31,18
1917,0,1,9,10,3,6,15,4,5,17,12,19,8,2,32,30,16,27,31,18
1918,0,1,9,10,3,6,15,4,5,17,12,19,8,2,32,30,16,27,31,18
1919,0,1,9,10,3,6,15,4,5,17,12,19,8,2,32,30,16,27,31,18
1920,0,1,9,10,3,6,15,4,5,17,12,19,8,2,32,30,16,27,31,18
1921,0,1,9,10,3,6,15,4,5,17,12,19,8,2,32,30,16,27,31,18
1922,0,1,9,10,3,6,15,4,5,17,12,19,8,2,32,30,16,31,27,18
1923,0,1,9,10,3,6,15,4,5,17,12,19,8,2,32,30,16,31,27,18
1924,0,1,9,10,3,6,15,4,5,17,12,19,8,2,32,30,16,31,27,18
1925,0,1,9,10,3,6,15,4,5,17,12,19,8,2,32,30,16,31,27,18
1926,0,1,9,10,3,6,15,4,5,17,12,19,8,2,32,30,16,31,27,18
1927,0,1,9,10,3,6,15,4,5,17,12,19,8,2,32,30,31,16,27,18
1928,0,1,9,10,3,6,15,4,5,17,12,19,8,2,32,30,31,16,27,18
1929,0,1,9,10,3,6,15,4,5,17,12,19,8,2,32,30,31,16,27,18
1930,0,1,9,10,3,6,15,4,5,17,12,19,8,2,32,30,31,16,27,18
1931,0,1,9,10,3,6,15,4,5,17,12,19,8,2,32,30,31,16,27,18
1932,0,1,9,10,3,6,15,4,5,17,12,19,8,2,32,30,31,16,27,18
1933,0,1,9,10,3,6,15,4,5,17,12,19,8,2,32,30,31,16,27,18
1934,0,1,9,10,3,6,15,4,5,17,12,19,8,2,32,30,31,16,27,18
1935,0,1,9,10,3,6,15,4,5,17,12,19,8,2,32,30,31,16,27,18
1936,0,1,9,10,3,6,15,4,5,17,12,19,8,2,32,30,31,16,27,18
1937,0,1,9,10,3,6,15,4,5,17,12,19,8,2,32,30,31,16,27,18
1938,0,1,9,10,3,6,15,4,5,17,12,19,8,2,32,30,31,16,27,18
1939,0,1,9,10,3,6,15,4,5,17,12,19,8,2,32,30,31,16,27,18
1940,0,1,9,10,3,6,15,4,5,17,12,19,8,2,32,30,31,16,27,18
1941,0,1,9,10,3,6,15,4,5,17,12,19,8,2,32,31,30,16,27,18
1942,0,1,9,10,3,6,15,4,5,17,12,19,8,2,32,31,30,16,27,18
1943,0,1,9,10,3,6,15,4,5,17,12,19,8,2,32,31,30,16,27,18
1944,0,1,9,10,3,6,15,4,5,17,12,19,8,31,2,32,30,16,27,18
1945,0,1,9,10,3,6,15,4,5,17,12,19,8,31,2,32,30,16,27,18
1946,0,1,9,10,3,6,15,4,5,17,12,19,8,31,2,32,30,16,27,18
1947,0,1,9,10,3,6,15,4,5,17,12,19,8,31,2,32,30,16,27,18
1948,0,1,9,10,3,6,15,4,5,17,12,19,8,31,2,32,30,16,27,18
1949,0,1,9,10,3,6,15,4,5,17,12,19,8,31,2,32,30,16,27,18
1950,0,1,9,10,3,6,15,4,5,17,12,19,8,31,2,32,30,16,27,18
1951,0,1,9,10,3,6,15,4,5,17,12,19,8,31,2,32,30,16,27,18
1952,0,1,9,10,3,6,15,4,5,17,12,19,8,31,2,32,30,16,27,18
1953,0,1,9,10,3,6,15,4,5,17,12,19,8,31,2,32,30,16,27,18
1954,0,1,9,10,3,6,15,4,5,17,12,19,31,8,2,32,30,16,27,18
1955,0,1,9,10,3,6,15,4,5,17,12,19,31,8,2,32,30,16,27,18
1956,0,1,9,10,3,6,15,4,5,17,12,19,31,8,2,32,30,16,27,18
1957,0,1,9,10,3,6,15,4,5,17,12,19,31,8,2,32,30,16,27,18
1958,0,1,9,10,3,6,15,4,5,17,12,19,31,8,2,32,30,16,27,18
1959,0,1,9,10,3,6,15,4,5,17,12,19,31,8,2,32,30,27,16,18
1960,0,1,9,10,3,6,15,4,5,17,12,19,31,8,2,32,30,27,16,18
1961,0,1,9,10,3,6,15,4,5,17,19,12,31,8,2,32,30,27,18,16
1962,0,1,9,10,3,6,15,4,5,17,19,31,12,2,32,8,30,27,18,16
1963,0,1,9,10,3,6,15,4,5,17,19,31,2,32,12,30,27,8,18,26
1964,0,1,9,10,3,6,15,4,5,17,19,31,2,32,12,30,27,8,18,26
1965,0,1,9,10,3,6,15,4,5,17,19,31,2,32,12,27,30,18,8,26
1966,0,1,9,10,3,6,15,4,5,17,19,31,2,32,12,27,30,18,8,26
1967,0,1,9,10,3,6,15,4,5,17,19,31,2,32,12,27,30,18,8,26
1968,0,1,9,10,3,6,15,4,5,17,19,31,2,32,12,27,30,18,8,26
1969,0,1,9,10,3,6,15,4,5,17,19,31,2,32,12,27,30,18,8,26
1970,0,1,9,10,3,6,15,4,5,17,19,31,2,32,12,27,30,18,8,26
1971,0,1,9,10,3,6,15,4,5,17,19,31,2,32,12,27,30,18,8,26
1972,0,1,9,10,3,6,15,4,5,17,19,31,2,32,12,27,30,18,8,26
1973,0,1,9,10,3,6,15,4,5,17,19,31,2,32,12,27,30,18,8,35
1974,0,1,9,10,3,6,15,4,5,17,19,31,2,32,12,27,30,18,8,35
1975,0,1,9,10,3,6,15,4,5,17,19,31,2,32,12,27,30,18,8,35
1976,0,1,9,10,3,6,15,4,5,17,19,31,2,32,12,27,18,8,35,30
1977,0,1,9,10,3,6,15,4,5,17,19,31,2,32,12,27,18,8,35,30
1978,0,1,9,10,3,6,15,4,5,17,19,31,2,32,12,27,18,8,35,26
1979,0,1,9,10,3,6,15,4,5,17,19,31,2,32,12,27,18,8,35,26
1980,0,1,9,10,3,6,15,4,5,17,19,31,2,32,12,18,8,35,26,27
1981,0,1,9,10,3,6,15,4,5,17,19,31,2,32,12,18,8,35,26,27
1982,0,1,9,10,3,6,15,4,5,17,19,31,2,32,12,18,8,35,26,27
1983,0,1,9,10,3,6,15,4,5,17,19,31,2,32,12,18,8,35,26,27
1984,0,1,9,10,3,6,15,4,5,17,19,31,2,32,12,18,8,35,26,27
1985,0,1,9,10,3,6,15,4,5,17,19,31,2,32,12,18,8,35,26,27
1986,0,1,9,10,3,6,15,4,5,17,19,31,2,32,12,27,18,8,35,26
1987,0,1,9,10,3,6,15,4,5,17,19,31,2,32,12,27,18,8,35,26
1988,0,1,9,10,3,6,15,4,5,17,19,31,2,32,12,27,18,8,35,30
1989,0,1,9,10,3,6,15,4,5,17,19,31,2,32,12,27,18,8,35,30
1990,0,1,9,10,3,6,15,4,5,17,19,31,2,32,12,27,30,18,8,35
1991,0,1,9,10,3,6,15,4,5,17,19,31,2,32,12,27,30,18,8,35
1992,0,1,9,10,3,6,15,4,5,17,19,31,2,32,12,27,30,18,8,35
1993,0,1,9,10,3,6,15,4,5,17,19,31,2,32,12,27,30,18,8,35
1994,0,1,9,10,3,6,15,4,5,17,19,31,2,32,12,27,30,18,8,35
1995,0,1,9,10,3,6,15,4,5,17,19,31,2,32,12,27,30,18,8,35
1996,0,1,9,10,3,6,15,4,5,17,19,31,2,32,12,27,30,18,8,35
1997,0,1,9,10,3,6,15,4,5,17,19,31,2,32,12,27,30,18,8,35
1998,0,1,9,10,3,6,15,4,5,17,19,31,2,32,12,27,30,18,8,35
1999,0,1,9,10,3,6,15,4,5,17,19,31,2,32,12,27,30,18,8,35
2000,0,1,9,10,3,6,15,4,5,17,19,31,2,32,12,27,30,18,8,35
2001,0,1,9,10,3,6,15,4,5,17,19,31,2,32,12,27,30,35,18,8
2002,0,1,9,10,3,6,15,4,5,17,19,31,2,32,12,27,30,35,18,8
2003,0,1,9,10,3,6,15,4,5,17,19,31,2,32,12,27,30,35,18,8
2004,0,1,9,10,3,6,15,4,5,17,19,31,2,32,35,12,27,30,18,8
2005,0,1,9,10,3,6,15,4,5,17,19,31,2,32,35,12,27,30,18,8
2006,0,1,9,10,3,6,15,4,5,17,19,31,2,32,35,12,27,30,18,8
2007,0,1,9,10,3,6,15,4,5,17,19,31,2,32,35,12,27,30,18,8
2008,0,1,9,10,3,6,15,4,5,17,19,31,2,32,35,12,27,30,18,8
2009,0,1,9,10,3,6,15,4,5,17,19,31,2,32,35,12,27,30,18,8
2010,0,1,9,10,3,6,15,4,5,17,19,31,2,32,35,12,27,30,18,8
2011,0,1,9,10,3,6,15,4,5,17,19,31,2,32,35,12,27,30,18,8
2012,0,1,9,10,3,6,15,4,5,17,19,31,2,32,35,12,27,30,18,8
2013,0,1,9,10,3,6,15,4,5,17,19,31,2,32,35,12,27,30,18,8
2014,0,1,9,10,3,6,15,4,5,17,19,31,2,32,35,12,27,30,18,8
2015,0,1,9,10,3,6,15,4,5,17,19,31,2,32,35,12,27,30,18,8
2016,0,1,9,10,3,6,15,4,5,17,19,31,2,32,35,12,27,30,18,8
2017,0,1,9,10,3,6,15,4,5,17,19,31,2,32,35,12,27,30,18,8
2018,0,1,9,10,3,6,15,4,5,17,19,31,2,32,35,12,27,30,18,8
2019,0,1,9,10,3,6,15,4,5,17,19,31,2,32,35,12,27,30,18,8
2020,0,1,9,10,3,6,15,4,5,17,19,31,2,32,35,12,27,30,18,8
2021,0,1,9,10,3,6,15,4,5,17,19,31,2,32,35,12,27,30,18,8
2022,0,1,9,10,3,6,15,4,5,17,19,31,2,32,35,12,27,30,18,8
2023,0,1,9,10,3,6,15,4,5,17,19,31,2,32,35,12,27,30,18,8
2024,0,1,9,10,3,6,15,4,5,17,19,31,2,32,35,12,27,30,18,8
2025,0,1,9,10,3,6,15,4,5,17,19,31,2,32,35,12,27,30,18,8
2026,0,1,9,10,3,15,4,6,5,17,19,2,32,31,35,12,27,30,18,8
2027,0,1,9,10,3,15,4,6,5,17,19,2,32,31,35,12,27,30,18,8
2028,0,1,9,10,15,4,3,6,5,17,19,2,32,31,35,12,27,30,18,8
2029,0,1,9,10,15,4,3,6,5,17,19,2,32,31,35,12,27,30,18,8
2030,0,1,9,10,15,4,3,5,6,17,19,2,32,31,35,12,27,30,18,8
2031,0,1,9,10,15,4,3,5,6,17,19,2,32,31,35,12,27,30,18,8
2032,0,1,9,10,15,4,3,5,6,17,19,2,32,31,35,12,27,30,18,8
2033,0,1,9,10,15,4,3,5,6,17,19,2,32,31,35,12,27,30,18,8
2034,0,1,9,10,15,4,3,5,6,17,19,2,32,31,35,12,27,30,18,8
2035,0,1,9,10,15,4,3,5,6,17,19,2,32,31,35,12,27,30,18,8
2036,0,1,9,10,15,4,3,5,6,17,19,2,32,31,35,12,27,30,18,8
2037,0,1,9,10,15,4,3,5,6,17,19,2,32,31,35,12,27,30,18,8
2038,0,1,9,10,15,4,3,5,6,17,19,2,32,31,35,12,27,30,18,8
2039,0,1,9,10,15,4,3,5,6,17,19,2,32,31,35,12,27,30,18,8
2040,0,1,9,10,15,4,3,5,6,17,19,2,32,31,35,12,27,30,18,8
2041,0,1,9,10,15,4,3,5,6,17,19,2,32,31,35,12,27,30,18,8
2042,0,1,9,10,15,4,3,5,6,17,19,2,32,31,35,12,27,30,18,8
2043,0,1,9,10,15,4,3,5,6,17,19,2,32,31,35,12,27,30,18,8
2044,0,1,9,10,15,4,3,5,6,17,19,2,32,35,31,12,27,30,18,8
2045,0,1,9,10,15,4,3,5,6,17,19,2,32,35,31,12,27,30,18,8
2046,0,1,9,10,15,4,3,5,6,17,19,2,32,35,31,12,27,30,18,8
2047,0,1,9,10,15,4,3,5,6,17,19,2,32,35,31,12,27,30,18,8
2048,0,1,9,10,15,4,3,5,6,17,19,2,32,35,31,12,27,30,18,8
2049,0,1,9,10,15,4,3,5,6,17,19,2,32,35,31,12,27,30,18,8
2050,0,1,9,10,15,4,3,5,6,17,19,2,32,35,31,12,27,30,18,8
2051,0,1,9,10,15,4,3,5,6,17,19,2,32,35,31,12,27,18,8,30
2052,0,1,9,10,15,4,3,5,6,17,19,2,32,35,31,12,27,18,8,30
2053,0,1,9,10,3,15,4,5,6,17,19,2,32,35,31,12,27,18,8,26
2054,0,1,9,10,3,15,4,5,6,17,19,2,32,35,31,12,18,27,8,26
2055,0,1,9,10,3,15,4,5,6,17,19,2,32,35,31,12,18,8,26,27
2056,0,1,9,10,3,15,4,5,6,17,19,35,2,32,31,12,18,8,26,27
2057,0,1,9,10,3,15,4,5,6,17,19,35,2,32,31,12,18,8,26,27
2058,0,1,9,10,3,15,4,5,6,17,19,35,2,32,31,12,18,8,26,27
2059,0,1,9,10,3,15,4,5,6,17,19,35,2,32,31,12,18,8,26,27
2060,0,1,9,10,3,15,4,5,6,17,19,35,2,32,31,12,18,8,26,27
2061,0,1,9,10,3,15,4,5,6,17,19,35,2,32,31,12,18,8,26,27
2062,0,1,9,10,3,15,4,5,6,17,19,35,2,32,31,12,18,8,26,27
2063,0,1,9,10,3,15,4,5,6,17,19,35,2,32,31,12,18,8,26,27
2064,0,1,9,10,3,15,4,5,6,17,19,35,31,2,32,12,18,8,26,27
2065,0,1,9,10,3,15,4,5,6,17,19,35,31,2,32,12,18,8,26,27
2066,0,1,9,10,3,15,4,5,6,17,19,35,31,2,32,12,18,8,26,27
2067,0,1,9,10,3,15,4,5,6,17,19,35,31,2,32,12,18,8,26,27
2068,0,1,9,10,3,15,4,5,6,17,19,35,31,2,32,12,18,8,26,27
2069,0,1,9,10,3,15,4,5,6,17,19,35,31,2,32,12,18,8,26,27
2070,0,1,9,10,3,15,4,5,6,17,19,35,31,2,32,12,18,8,26,27
2071,0,1,9,10,3,15,4,5,6,17,19,35,31,2,32,12,18,8,27,26
2072,0,1,9,10,3,15,4,5,6,17,19,35,2,32,31,12,18,8,27,26
2073,0,1,9,10,3,15,4,5,6,17,19,35,2,32,31,12,18,8,27,30
2074,0,1,9,10,3,15,4,5,6,17,19,35,2,32,31,12,18,8,27,30
2075,0,1,9,10,3,15,4,5,6,17,19,35,2,32,31,12,18,8,27,30
2076,0,1,9,10,3,15,4,5,6,17,19,35,2,32,31,12,18,8,27,30
2077,0,1,9,10,3,15,4,5,6,17,19,35,2,32,31,12,18,8,27,30
2078,0,1,9,10,3,15,4,5,6,17,19,35,2,32,31,12,18,8,27,30
2079,0,1,9,10,3,15,4,5,6,17,19,35,2,32,31,12,18,8,27,30
2080,0,1,9,10,3,15,4,5,6,17,19,35,2,32,31,12,18,8,27,30
2081,0,1,9,10,3,15,4,5,6,17,19,35,2,32,31,12,18,8,27,30
2082,0,1,9,10,3,15,4,5,6,17,19,35,2,32,31,12,18,8,27,30
2083,0,1,9,10,3,15,4,5,6,17,19,35,2,32,31,12,18,8,27,30
2084,0,1,9,10,3,15,4,5,6,17,19,35,2,32,31,12,18,8,27,30
2085,0,1,9,10,3,15,4,5,6,17,19,35,2,32,31,12,18,8,27,30
2086,0,1,9,10,3,15,4,5,6,17,19,35,2,32,31,12,18,8,27,30
2087,0,1,9,10,3,15,4,5,6,17,19,35,2,32,31,12,18,8,27,30
2088,0,1,9,10,3,15,4,5,6,17,19,35,2,32,31,12,18,8,27,30
2089,0,1,9,10,3,15,4,5,6,17,19,35,2,32,31,12,18,8,27,30
2090,0,1,9,10,3,15,4,5,6,17,19,35,2,32,31,12,18,8,27,30
2091,0,1,9,10,3,15,4,5,6,35,2,32,31,17,19,12,18,8,27,30
2092,0,1,3,9,10,15,4,5,6,35,2,32,31,36,37,17,19,38,39,12
2093,0,1,3,9,10,5,6,15,4,35,36,37,2,32,31,38,39,40,41,42
2094,0,1,36,37,3,38,39,9,10,5,6,15,4,35,40,31,2,32,41,42
2095,0,1,36,37,38,39,3,40,5,6,9,10,41,35,4,15,42,31,2,32
2096,0,1,36,37,38,39,3,40,5,6,9,10,41,35,4,15,42,31,2,32
2097,0,1,36,37,38,39,3,40,5,6,9,10,41,35,4,15,42,31,2,32
2098,0,1,36,37,38,39,3,40,5,6,9,10,41,35,4,15,42,31,2,32
2099,0,1,36,37,38,39,3,40,5,6,9,10,41,35,4,15,42,31,2,32
2100,0,1,36,37,38,39,3,40,5,6,9,10,41,35,4,15,42,31,2,32
2101,0,1,36,37,38,39,3,40,5,6,9,10,41,35,4,15,42,31,2,32
2102,0,1,36,37,38,39,3,40,5,6,9,10,41,35,4,15,42,31,2,32
2103,0,1,36,37,38,39,3,40,5,6,9,10,41,35,4,15,42,31,2,32
2104,0,1,36,37,38,39,3,40,5,6,9,10,41,35,4,15,42,31,2,32
2105,0,1,36,37,38,39,3,40,5,6,9,10,41,4,15,31,35,42,2,32
2106,0,1,36,37,38,39,3,40,5,6,9,10,41,4,15,31,35,42,2,32
2107,0,1,36,37,38,39,3,40,5,6,9,10,41,4,15,31,35,42,2,32
2108,0,1,36,37,38,39,3,40,5,6,9,10,41,4,15,31,35,42,2,32
2109,0,1,36,37,38,39,3,40,5,6,9,10,41,4,15,31,35,42,2,32
2110,0,1,36,37,38,39,3,40,5,6,9,10,41,4,15,31,35,42,2,32
2111,0,1,36,37,38,39,3,40,5,6,9,10,41,4,15,31,35,42,2,32
2112,0,1,36,37,38,39,3,40,5,6,9,10,41,4,15,31,35,42,2,32
2113,0,1,36,37,38,39,3,40,5,6,9,10,41,4,15,31,35,42,2,32
2114,0,1,36,37,38,39,3,40,5,6,9,10,41,4,15,31,35,42,2,32
2115,0,1,36,37,38,39,3,40,5,6,9,10,41,4,15,31,35,42,2,32
2116,0,1,36,37,38,39,3,40,5,6,9,10,41,4,15,31,35,42,2,32
2117,0,1,36,37,38,39,3,40,5,6,9,10,41,4,15,31,35,42,2,32
2118,0,1,36,37,38,39,3,40,5,6,9,10,41,4,15,31,35,42,2,32
2119,0,1,36,37,38,39,3,40,5,6,9,10,41,4,15,31,35,42,2,32
2120,0,1,36,37,38,39,3,40,5,6,9,10,41,4,15,31,35,42,2,32
2121,0,1,36,37,38,39,3,40,5,6,9,10,41,4,15,31,35,42,2,32
2122,0,1,36,37,38,39,3,40,5,6,9,10,41,4,15,31,35,42,2,32
2123,0,1,36,37,38,39,3,40,5,6,9,10,41,4,15,31,35,42,2,32
2124,0,1,36,37,38,39,3,40,5,6,9,10,41,4,15,31,35,42,2,32
2125,0,1,36,37,38,39,3,40,5,6,9,10,41,4,15,31,35,42,2,32
2126,0,1,36,37,38,39,3,40,5,6,9,10,41,4,15,31,35,42,2,32
2127,0,1,36,37,38,39,3,40,5,6,9,10,41,4,15,31,35,42,2,32
2128,0,1,36,37,38,39,3,40,5,6,9,10,41,4,15,31,35,42,2,32
2129,0,1,36,37,38,39,3,40,5,6,9,10,41,4,15,31,35,42,2,32
2130,0,1,36,37,38,39,3,40,5,6,9,10,41,4,15,31,35,42,2,32
2131,0,1,36,37,38,39,3,40,5,6,9,10,41,4,15,31,35,42,2,32
2132,0,1,36,37,38,39,3,40,5,6,9,10,41,4,15,31,35,42,2,32
2133,0,1,36,37,38,39,3,40,5,6,9,10,41,4,15,31,35,42,2,32
2134,0,1,36,37,38,39,3,40,5,6,9,10,41,4,15,31,35,42,2,32
2135,0,1,36,37,38,39,3,40,5,6,9,10,41,4,15,31,35,42,2,32
2136,0,1,36,37,38,39,3,40,5,6,9,10,41,4,15,31,35,42,2,32
2137,0,1,36,37,38,39,3,40,5,6,9,10,41,4,15,31,35,42,2,32
2138,0,1,36,37,38,39,3,40,5,6,9,10,41,4,15,31,35,42,2,12
2139,0,1,36,37,38,39,3,40,5,6,9,10,41,4,15,31,35,42,2,12
2140,0,1,36,37,38,39,3,40,5,6,9,10,41,4,15,31,35,42,2,12
2141,0,1,36,37,38,39,3,40,5,6,9,10,41,31,35,4,15,42,2,12
2142,0,1,36,37,38,39,3,40,5,6,9,10,41,31,35,4,15,42,2,12
2143,0,1,36,37,38,39,3,40,5,6,9,10,41,31,35,4,15,42,2,17
2144,0,1,36,37,38,39,3,40,5,6,9,10,41,31,35,4,15,42,2,17
2145,0,1,36,37,38,39,3,40,5,6,9,10,41,31,35,4,15,42,2,17
2146,0,1,36,37,38,39,3,40,5,6,9,10,41,31,35,4,15,42,2,17
2147,0,1,36,37,38,39,3,40,5,6,9,10,41,31,35,4,15,42,2,17
2148,0,1,36,37,38,39,3,40,5,6,9,10,41,31,35,4,15,42,2,17
2149,0,1,36,37,38,39,3,40,5,6,9,10,41,31,35,4,15,42,2,17
2150,0,1,36,37,38,39,3,40,5,6,9,10,31,35,41,4,15,42,2,17
2151,0,1,36,37,38,39,3,40,5,6,9,10,31,35,41,4,15,42,2,17
2152,0,1,36,37,38,39,3,40,5,6,9,10,31,35,41,4,15,42,2,17
2153,0,1,36,37,38,39,3,40,5,6,9,10,31,35,41,4,15,42,2,17
2154,0,1,36,37,38,39,3,40,5,6,9,10,31,35,41,4,15,42,2,17
2155,0,1,36,37,38,39,3,40,5,6,9,10,31,35,41,4,15,42,2,17
2156,0,1,36,37,38,39,3,40,5,6,9,10,31,35,41,4,15,42,2,17
2157,0,1,36,37,38,39,3,40,5,6,9,10,31,35,41,4,15,42,2,17
2158,0,1,36,37,38,39,3,40,5,6,9,10,31,35,41,4,15,42,2,17
2159,0,1,36,37,38,39,3,40,5,6,9,10,31,35,41,4,15,42,2,17
2160,0,1,36,37,38,39,3,40,5,6,9,10,31,35,41,4,15,42,2,17
2161,0,1,36,37,38,39,3,40,5,6,9,10,31,35,41,4,15,42,2,17
2162,0,1,36,37,38,39,3,40,5,6,9,10,31,35,41,4,15,42,2,17
2163,0,1,36,37,38,39,3,40,5,6,9,10,31,35,41,4,15,42,2,17
2164,0,1,36,37,38,39,3,40,5,6,9,10,31,35,41,4,15,42,2,17
2165,0,1,36,37,38,39,3,40,5,6,9,10,31,35,41,4,15,42,2,17
2166,0,1,36,37,38,39,3,40,5,6,9,10,31,35,41,4,15,42,2,17
2167,0,1,36,37,38,39,3,40,5,6,9,10,31,35,41,4,15,42,2,17
2168,0,1,36,37,38,39,3,40,5,6,9,10,31,35,41,4,15,42,2,17
2169,0,1,36,37,38,39,3,40,5,6,9,10,31,35,41,4,15,42,2,17
2170,0,1,36,37,38,39,3,40,5,6,9,10,31,35,41,4,15,42,2,17
2171,0,1,36,37,38,39,3,40,5,6,9,10,31,35,41,4,15,42,2,17
2172,0,1,36,37,38,39,3,40,5,6,9,10,31,35,41,4,15,42,2,17
2173,0,1,36,37,38,39,3,40,5,6,9,10,31,35,41,4,15,42,2,30
2174,0,1,36,37,38,39,3,40,5,6,9,10,31,35,41,4,15,42,2,30
2175,0,1,36,37,38,39,3,40,5,6,9,10,31,35,41,4,15,42,2,30
2176,0,1,36,37,38,39,3,40,5,6,9,10,31,35,41,4,15,42,2,30
2177,0,1,36,37,38,39,3,40,5,6,9,10,31,35,41,4,15,42,2,30
2178,0,1,36,37,38,39,3,40,5,6,9,10,31,35,41,4,15,42,2,30
2179,0,1,36,37,38,39,3,40,5,6,9,10,31,35,41,4,15,42,2,30
2180,0,1,36,37,38,39,3,40,5,6,9,10,31,35,41,4,15,42,2,30
2181,0,1,36,37,38,39,40,3,9,10,35,41,31,6,5,4,15,42,2,30
2182,0,1,36,37,38,39,40,3,9,10,35,41,31,6,5,4,15,42,2,30
2183,0,1,36,37,38,39,40,3,9,10,35,41,31,6,4,15,42,5,2,30
2184,0,1,36,37,38,39,40,3,9,10,35,41,31,4,15,42,6,5,2,30
2185,0,1,36,37,38,39,40,3,9,10,35,41,31,4,15,42,2,6,5,30
2186,0,1,36,37,38,39,40,3,9,10,35,41,31,4,15,42,2,6,5,30
2187,0,1,36,37,38,39,40,3,9,10,35,41,31,4,15,42,2,6,5,30
2188,0,1,36,37,38,39,40,3,9,10,35,41,31,4,15,42,2,6,5,30
2189,0,1,36,37,38,39,40,3,9,10,35,41,31,4,15,42,2,6,5,30
2190,0,1,36,37,38,39,40,3,9,10,35,41,31,4,15,42,2,6,5,30
2191,0,1,36,37,38,39,40,3,9,10,35,41,31,4,15,42,2,6,5,30
2192,0,1,36,37,38,39,40,3,9,10,35,41,31,4,15,42,2,6,5,30
2193,0,1,36,37,38,39,40,3,9,10,35,41,31,4,15,42,2,6,5,30
2194,0,1,36,37,38,39,40,3,9,10,35,41,31,4,15,42,2,6,5,30
2195,0,1,36,37,38,39,40,3,9,10,35,41,31,4,15,42,2,6,5,30
2196,0,1,36,37,38,39,40,3,9,10,35,41,31,4,15,42,6,5,30,2
2197,0,1,36,37,38,39,40,3,9,10,35,41,31,4,15,42,6,5,30,2
2198,0,1,36,37,38,39,40,3,9,10,35,41,31,4,15,42,6,5,30,17
2199,0,1,36,37,38,39,40,3,9,10,35,41,31,4,15,42,6,5,30,17
2200,0,1,36,37,38,39,40,3,9,10,35,41,31,4,15,42,6,5,17,30
2201,0,1,36,37,38,39,40,3,9,10,35,41,31,4,15,42,6,5,17,30
2202,0,1,36,37,38,39,40,3,9,10,35,41,31,4,15,42,6,5,17,30
2203,0,1,36,37,38,39,40,3,9,10,35,41,31,4,15,42,6,5,17,30
2204,0,1,36,37,38,39,40,3,9,10,35,41,31,4,15,42,6,5,17,30
2205,0,1,36,37,38,39,40,3,9,10,35,41,31,4,15,42,6,5,17,30
2206,0,1,36,37,38,39,40,3,9,10,35,41,31,4,15,42,6,5,17,30
2207,0,1,36,37,38,39,40,3,9,10,35,41,31,4,15,42,6,5,17,30
2208,0,1,36,37,38,39,40,3,9,10,35,41,31,4,15,42,6,5,17,30
2209,0,1,36,37,38,39,40,3,9,10,35,41,31,4,15,42,6,5,17,30
2210,0,1,36,37,38,39,40,3,9,10,35,41,31,4,15,42,6,5,17,30
2211,0,1,36,37,38,39,40,3,9,10,35,41,31,4,15,42,6,5,17,30
2212,0,1,36,37,38,39,40,3,9,10,35,41,31,4,15,42,6,5,17,30
2213,0,1,36,37,38,39,40,3,9,10,35,41,31,4,15,42,6,5,17,30
2214,0,1,36,37,38,39,40,3,9,10,35,41,31,4,15,42,6,5,17,30
2215,0,1,36,37,38,39,40,3,9,10,35,41,31,4,15,42,6,5,17,30
2216,0,1,36,37,38,39,40,3,9,10,35,41,31,4,15,42,6,5,17,30
2217,0,1,36,37,38,39,40,3,9,10,35,41,31,4,15,42,6,5,17,30
2218,0,1,36,37,38,39,40,3,9,10,35,41,31,4,15,42,6,5,17,30
2219,0,1,36,37,38,39,40,3,9,10,35,41,31,4,15,42,6,5,17,30
2220,0,1,36,37,38,39,40,3,9,10,31,35,41,4,15,42,6,5,17,30
2221,0,1,36,37,38,39,40,3,9,10,31,35,41,4,15,42,6,5,17,30
2222,0,1,36,37,38,39,40,3,9,10,31,35,41,4,15,42,6,5,17,30
2223,0,1,36,37,38,39,40,3,9,10,31,35,41,4,15,42,6,5,17,19
2224,0,1,36,37,38,39,40,3,9,10,31,35,41,4,15,42,6,5,17,19
2225,0,1,36,37,38,39,40,3,9,10,31,35,41,4,15,42,6,5,17,19
2226,0,1,36,37,38,39,40,3,9,10,31,35,41,4,15,42,6,5,17,19
2227,0,1,36,37,38,39,40,3,9,10,31,35,41,4,15,42,6,5,17,19
2228,0,1,36,37,38,39,40,3,9,10,31,35,41,4,15,42,6,5,17,19
2229,0,1,36,37,38,39,40,3,9,10,31,35,41,4,15,42,6,5,17,19
2230,0,1,36,37,38,39,40,3,9,10,31,35,41,4,15,42,6,5,17,19
2231,0,1,36,37,38,39,40,3,9,10,31,35,41,4,15,42,6,5,17,19
2232,0,1,36,37,38,39,40,3,9,10,31,35,41,4,15,42,6,5,17,19
2233,0,1,36,37,38,39,40,3,9,10,31,35,41,4,15,42,6,5,17,19
2234,0,1,36,37,38,39,40,3,9,10,31,35,41,4,15,42,6,5,17,19
2235,0,1,36,37,38,39,40,3,9,10,31,35,41,4,15,42,6,5,17,19
2236,0,1,36,37,38,39,40,3,9,10,31,35,41,4,15,42,6,5,17,19
2237,0,1,36,37,38,39,40,3,9,10,31,35,41,4,15,42,6,5,17,19
2238,0,1,36,37,38,39,40,3,9,10,31,35,41,4,15,42,6,5,17,19
2239,0,1,36,37,38,39,40,3,9,10,31,35,41,4,15,42,6,5,17,19
2240,0,1,36,37,38,39,40,3,9,10,31,35,41,4,15,42,6,5,17,19
2241,0,1,36,37,38,39,40,3,9,10,31,35,41,4,15,42,6,5,17,19
2242,0,1,36,37,38,39,40,3,9,10,31,35,41,4,15,42,6,5,17,19
2243,0,1,36,37,38,39,40,3,9,10,31,35,41,4,15,42,6,5,17,19
2244,0,1,36,37,38,39,40,3,9,10,31,35,41,4,15,42,6,5,17,19
2245,0,1,36,37,38,39,40,3,9,10,31,35,41,4,15,42,6,5,17,19
2246,0,1,36,37,38,39,40,3,9,10,31,35,41,4,15,42,6,5,17,19
2247,0,1,36,37,38,39,40,3,9,10,31,35,41,4,15,42,6,5,17,19
2248,0,1,36,37,38,39,40,3,9,10,31,35,41,4,15,42,6,5,17,19
2249,0,1,36,37,38,39,40,3,9,10,31,35,41,4,15,42,6,5,17,19
2250,0,1,36,37,38,39,40,3,9,10,31,35,41,4,15,42,6,5,17,19
2251,0,1,36,37,38,39,40,3,9,10,31,35,41,4,15,42,6,5,17,19
2252,0,1,36,37,38,39,40,3,9,10,31,35,41,4,15,42,6,5,17,19
2253,0,1,36,37,38,39,40,3,9,10,31,35,41,4,15,42,6,5,17,19
2254,0,1,36,37,38,39,40,3,9,10,31,35,41,4,15,42,6,5,17,19
2255,0,1,36,37,38,39,40,3,9,10,31,35,41,4,15,42,6,5,17,19
2256,0,1,36,37,38,39,40,3,9,10,35,41,31,4,15,42,6,5,17,19
2257,0,1,36,37,38,39,40,3,9,10,35,41,31,4,15,42,6,5,17,19
2258,0,1,36,37,38,39,40,3,9,10,35,41,31,4,15,42,6,5,17,19
2259,0,1,36,37,38,39,40,3,9,10,35,41,31,4,15,42,6,5,17,19
2260,0,1,36,37,38,39,40,3,9,10,35,41,31,4,15,42,6,5,17,19
2261,0,1,36,37,38,39,40,3,9,10,35,41,31,4,15,42,6,5,17,19
2262,0,1,36,37,38,39,40,3,9,10,35,41,31,4,15,42,6,5,17,19
2263,0,1,36,37,38,39,40,3,9,10,35,41,31,4,15,42,6,5,17,19
2264,0,1,36,37,38,39,40,3,9,10,35,41,31,4,15,42,6,5,17,19
2265,0,1,36,37,38,39,40,3,9,10,35,41,31,4,15,42,6,5,17,19
2266,0,1,36,37,38,39,40,3,9,10,35,41,31,4,15,42,6,5,17,19
2267,0,1,36,37,38,39,40,3,9,10,35,41,31,4,15,42,6,5,17,19
2268,0,1,36,37,38,39,40,3,9,10,35,41,31,4,15,42,6,5,17,19
2269,0,1,36,37,38,39,40,3,9,10,35,41,31,4,15,42,6,5,17,19
2270,0,1,36,37,38,39,40,3,9,10,35,41,31,4,15,42,6,5,17,19
2271,0,1,36,37,38,39,40,3,9,10,35,41,31,4,15,42,6,5,17,19
2272,0,1,36,37,38,39,40,3,9,10,35,41,31,4,15,42,6,5,17,19
2273,0,1,36,37,38,39,40,3,9,10,35,41,31,4,15,42,6,5,17,19
2274,0,1,36,37,38,39,40,3,9,10,35,41,31,4,15,42,6,5,17,19
2275,0,1,36,37,38,39,40,3,9,10,35,41,4,15,31,42,6,5,17,19
2276,0,1,36,37,38,39,40,3,35,9,10,41,31,4,15,42,6,5,17,19
2277,0,1,36,37,38,39,40,3,35,9,10,41,31,4,15,42,6,5,17,19
2278,0,1,36,37,38,39,40,3,35,9,10,41,31,4,15,42,6,5,17,19
2279,0,1,36,37,38,39,40,3,35,9,10,41,31,4,15,42,6,5,17,19
2280,0,1,36,37,38,39,40,3,35,9,10,41,31,4,15,42,6,5,17,19
2281,0,1,36,37,38,39,40,3,35,9,10,41,31,4,15,42,6,5,17,19
2282,0,1,36,37,38,39,40,3,35,9,10,41,31,4,15,42,6,5,17,19
2283,0,1,36,37,38,39,40,3,35,9,10,41,31,4,15,42,6,5,17,19
2284,0,1,36,37,38,39,40,3,35,9,10,41,31,4,15,42,6,5,17,19
2285,0,1,36,37,38,39,40,3,35,9,10,41,31,4,15,42,6,5,17,19
2286,0,1,36,37,38,39,40,3,35,9,10,41,31,4,15,42,6,5,17,19
2287,0,1,36,37,38,39,40,3,35,9,10,41,31,4,15,42,6,5,17,19
2288,0,1,36,37,38,39,40,3,35,9,10,41,31,4,15,42,6,5,17,19
2289,0,1,36,37,38,39,40,3,35,9,10,41,31,4,15,42,6,5,17,19
2290,0,1,36,37,38,39,40,3,35,9,10,41,31,4,15,42,6,5,17,19
2291,0,1,36,37,38,39,40,3,35,9,10,41,31,4,15,42,6,5,17,19
2292,0,1,36,37,38,39,40,3,35,9,10,41,31,4,15,42,6,5,17,19
2293,0,1,36,37,38,39,40,3,35,9,10,41,31,4,15,42,6,5,17,19
2294,0,1,36,37,38,39,40,3,35,9,10,41,31,4,15,42,6,5,17,19
2295,0,1,36,37,38,39,40,3,35,9,10,41,31,4,15,42,6,5,17,19
2296,0,1,36,37,38,39,40,3,35,9,10,41,31,4,15,42,6,5,17,19
2297,0,1,36,37,38,39,40,3,35,9,10,41,31,4,15,42,6,5,17,19
2298,0,1,36,37,38,39,40,3,35,9,10,41,31,4,15,42,6,5,17,19
2299,0,1,36,37,38,39,40,3,35,9,10,41,31,4,15,42,6,5,17,19
2300,0,1,36,37,38,39,40,3,35,9,10,41,31,4,15,42,6,5,17,19
2301,0,1,36,37,38,39,40,3,35,9,10,41,31,4,15,42,6,5,17,19
2302,0,1,36,37,38,39,40,3,35,9,10,41,31,4,15,42,6,5,17,19
2303,0,1,36,37,38,39,40,3,35,9,10,41,31,4,15,42,6,5,17,19
2304,0,1,36,37,38,39,40,3,35,9,10,41,31,4,15,42,6,5,17,19
2305,0,1,36,37,38,39,40,3,35,9,10,41,31,4,15,42,6,5,17,19
2306,0,1,36,37,38,39,40,3,35,9,10,41,31,4,15,42,6,5,17,19
2307,0,1,36,37,38,39,40,3,35,9,10,41,31,4,15,42,6,5,17,19
2308,0,1,36,37,38,39,40,3,35,9,10,41,31,4,15,42,6,5,17,19
2309,0,1,36,37,38,39,40,3,35,9,10,41,31,4,15,42,6,5,17,19
2310,0,1,36,37,38,39,40,3,35,9,10,41,31,4,15,42,6,5,17,19
2311,0,1,36,37,38,39,40,3,35,9,10,41,31,4,15,42,6,5,17,19
2312,0,1,36,37,38,39,40,3,35,9,10,41,31,4,15,42,6,5,17,19
2313,0,1,36,37,38,39,40,3,35,9,10,41,31,4,15,42,6,5,17,19
2314,0,1,36,37,38,39,40,3,35,9,10,41,31,4,15,42,6,5,17,19
2315,0,1,36,37,38,39,40,3,35,9,10,41,31,4,15,42,6,5,17,19
2316,0,1,36,37,38,39,40,3,35,9,10,41,31,4,15,42,6,5,17,19
2317,0,1,36,37,38,39,40,3,35,9,10,41,31,4,15,42,6,5,17,19
2318,0,1,36,37,38,39,40,3,35,9,10,41,31,4,15,42,6,5,17,19
2319,0,1,36,37,38,39,40,3,35,9,10,41,31,4,15,42,6,5,17,19
2320,0,1,36,37,38,39,40,3,9,10,31,35,41,4,15,42,6,5,17,19
2321,0,1,36,37,38,39,40,3,9,10,31,35,41,4,15,42,6,5,17,19
2322,0,1,36,37,38,39,40,3,9,10,31,35,41,4,15,42,6,5,17,19
2323,0,1,36,37,38,39,40,3,9,10,31,35,41,4,15,42,6,5,17,19
2324,0,1,36,37,38,39,40,3,9,10,31,35,41,4,15,42,6,5,17,19
2325,0,1,36,37,38,39,40,3,9,10,31,35,41,4,15,42,6,5,17,19
2326,0,1,36,37,38,39,40,3,9,10,31,35,41,4,15,42,6,5,17,19
2327,0,1,36,37,38,39,40,3,9,10,31,35,41,4,15,42,6,5,17,19
2328,0,1,36,37,38,39,40,3,9,10,31,35,41,4,15,42,6,5,17,19
2329,0,1,36,37,38,39,40,3,9,10,31,35,41,4,15,42,6,5,17,19
2330,0,1,36,37,38,39,40,3,9,10,31,35,41,4,15,42,6,5,17,19
2331,0,1,36,37,38,39,40,3,35,31,9,10,41,4,15,42,6,5,17,19
2332,0,1,36,37,38,39,40,35,3,31,9,10,41,4,15,42,6,5,17,19
2333,0,1,36,37,38,39,40,35,3,31,9,10,41,4,15,42,6,5,17,19
2334,0,1,36,37,38,39,40,35,3,31,9,10,41,4,15,42,6,5,17,19
2335,0,1,36,37,38,39,40,35,3,31,9,10,41,4,15,42,6,5,17,19
2336,0,1,36,37,38,39,40,35,3,31,9,10,41,4,15,42,6,5,17,19
2337,0,1,36,37,38,39,40,35,3,31,9,10,41,4,15,42,6,5,17,19
2338,0,1,36,37,38,39,40,35,3,31,9,10,41,4,15,42,6,5,17,19
2339,0,1,36,37,38,39,40,35,3,31,9,10,41,4,15,42,6,5,17,19
2340,0,1,36,37,38,39,40,35,3,31,9,10,41,4,15,42,6,5,17,19
2341,0,1,36,37,38,39,40,35,3,31,9,10,41,4,15,42,6,5,17,19
2342,0,1,36,37,38,39,40,35,3,31,9,10,41,4,15,42,6,5,17,19
2343,0,1,36,37,38,39,40,35,3,31,9,10,41,4,15,42,6,5,17,19
2344,0,1,36,37,38,39,40,35,3,31,9,10,41,4,15,42,6,5,17,19
2345,0,1,36,37,38,39,40,35,3,31,9,10,41,4,15,42,6,5,17,19
2346,0,1,36,37,38,39,40,35,3,31,9,10,41,4,15,42,6,5,17,19
2347,0,1,36,37,38,39,40,35,3,31,9,10,41,4,15,42,6,5,17,19
2348,0,1,36,37,38,39,40,35,3,31,9,10,41,4,15,42,6,5,17,19
2349,0,1,36,37,38,39,40,35,3,31,9,10,41,4,15,42,6,5,17,19
2350,0,1,36,37,38,39,40,35,3,31,9,10,41,4,15,42,6,5,17,19
2351,0,1,36,37,38,39,40,35,3,31,9,10,41,4,15,42,6,5,17,19
2352,0,1,36,37,38,39,40,35,3,31,9,10,41,4,15,42,6,5,17,19
2353,0,1,36,37,38,39,40,35,3,31,9,10,41,4,15,42,6,5,17,19
2354,0,1,36,37,38,39,40,35,3,31,9,10,41,4,15,42,6,5,17,19
2355,0,1,36,37,38,39,40,35,3,31,9,10,41,4,15,42,6,5,17,19
2356,0,1,36,37,38,39,40,35,3,31,9,10,41,4,15,42,6,5,17,19
2357,0,1,36,37,38,39,40,35,3,31,9,10,41,4,15,42,6,5,17,19
2358,0,1,36,37,38,39,40,35,3,31,9,10,41,4,15,42,6,5,17,19
2359,0,1,36,37,38,39,40,35,3,31,9,10,41,4,15,42,6,5,17,19
2360,0,1,36,37,38,39,40,35,3,31,9,10,41,4,15,42,6,5,17,19
2361,0,1,36,37,38,39,40,35,3,31,9,10,41,4,15,42,6,5,17,19
2362,0,1,36,37,38,39,40,35,3,31,9,10,41,4,15,42,6,5,17,19
2363,0,1,36,37,38,39,40,35,3,31,9,10,41,4,15,42,6,5,17,19
2364,0,1,36,37,38,39,40,35,3,31,9,10,41,4,15,42,6,5,17,19
2365,0,1,36,37,38,39,40,35,3,31,9,10,41,4,15,42,6,5,17,19
2366,0,1,36,37,38,39,40,35,3,31,9,10,41,4,15,42,6,5,17,19
2367,0,1,36,37,38,39,40,35,3,31,9,10,41,4,15,42,6,5,17,19
2368,0,1,36,37,38,39,40,35,3,31,9,10,41,4,15,42,6,5,17,19
2369,0,1,36,37,38,39,40,35,3,31,9,10,41,4,15,42,6,5,17,19
2370,0,1,36,37,38,39,40,35,3,31,9,10,41,4,15,42,6,5,17,19
2371,0,1,36,37,38,39,40,35,3,31,9,10,41,4,15,42,6,5,17,19
2372,0,1,36,37,38,39,40,35,31,3,9,10,41,4,15,42,6,5,17,19
2373,0,1,36,37,38,39,40,35,31,3,9,10,41,4,15,42,6,5,17,19
2374,0,1,36,37,38,39,40,35,31,3,9,10,41,4,15,42,6,5,17,19
2375,0,1,36,37,38,39,40,35,31,3,9,10,41,4,15,42,6,5,17,19
2376,0,1,36,37,38,39,40,35,31,3,9,10,41,4,15,42,6,5,17,19
2377,0,1,36,37,38,39,40,35,31,3,9,10,41,4,15,42,6,5,17,19
2378,0,1,36,37,38,39,40,35,31,3,9,10,41,4,15,42,6,5,17,19
2379,0,1,36,37,38,39,40,35,31,3,9,10,41,4,15,42,6,5,17,19
2380,0,1,36,37,38,39,40,35,31,3,9,10,41,4,15,42,6,5,17,19
2381,0,1,36,37,38,39,40,35,31,3,9,10,41,4,15,42,6,5,17,19
2382,0,1,36,37,38,39,40,35,31,3,9,10,41,4,15,42,6,5,17,19
2383,0,1,36,37,38,39,40,35,31,3,9,10,41,4,15,42,6,5,17,19
2384,0,1,36,37,38,39,40,35,31,3,9,10,41,4,15,42,6,5,17,19
2385,0,1,36,37,38,39,40,35,31,3,9,10,41,4,15,42,6,5,17,19
2386,0,1,36,37,38,39,40,35,31,3,9,10,41,4,15,42,6,5,17,19
2387,0,1,36,37,38,39,40,35,31,3,9,10,41,4,15,42,6,5,17,19
2388,0,1,36,37,38,39,40,35,31,3,9,10,41,4,15,42,6,5,17,19
2389,0,1,36,37,38,39,40,35,31,3,9,10,41,4,15,42,6,5,17,19
2390,0,1,36,37,38,39,40,35,31,3,9,10,41,4,15,42,6,5,17,19
2391,0,1,36,37,38,39,40,35,31,3,9,10,41,4,15,42,6,5,17,19
2392,0,1,36,37,38,39,40,35,31,3,9,10,41,4,15,42,6,5,17,19
2393,0,1,36,37,38,39,40,35,31,3,9,10,41,4,15,42,6,5,17,19
2394,0,1,36,37,38,39,40,35,3,31,9,10,41,4,15,42,6,5,17,19
2395,0,1,36,37,38,39,40,35,3,31,9,10,41,4,15,42,6,5,17,19
2396,0,1,36,37,38,39,40,35,3,31,9,10,41,4,15,42,6,5,17,19
2397,0,1,36,37,38,39,40,35,3,31,9,10,41,4,15,42,6,5,17,19
2398,0,1,36,37,38,39,40,35,3,31,9,10,41,4,15,42,6,5,17,19
2399,0,1,36,37,38,39,40,3,35,31,9,10,41,4,15,42,6,5,17,19
2400,0,1,36,37,38,39,40,3,9,10,31,35,41,4,15,42,6,5,17,19
2401,0,1,36,37,38,39,40,3,31,35,9,10,41,4,15,42,6,5,17,19
2402,0,1,36,37,38,39,40,3,31,35,9,10,41,4,15,42,6,5,17,19
2403,0,1,36,37,38,39,40,3,31,35,9,10,41,4,15,42,6,5,17,19
2404,0,1,36,37,38,39,40,3,31,35,9,10,41,4,15,42,6,5,17,19
2405,0,1,36,37,38,39,40,3,31,35,9,10,41,4,15,42,6,5,17,19
2406,0,1,36,37,38,39,40,3,31,35,9,10,41,4,15,42,6,5,17,19
2407,0,1,36,37,38,39,40,3,31,35,9,10,41,4,15,42,6,5,17,19
2408,0,1,36,37,38,39,40,3,31,35,9,10,41,4,15,42,6,5,17,19
2409,0,1,36,37,38,39,40,3,31,35,9,10,41,4,15,42,6,5,17,19
2410,0,1,36,37,38,39,40,3,31,35,9,10,41,4,15,42,6,5,17,19
2411,0,1,36,37,38,39,40,3,31,35,9,10,41,15,42,4,6,5,17,19
2412,0,1,36,37,38,39,40,3,31,35,9,10,41,15,42,6,5,4,17,19
2413,0,1,36,37,38,39,40,3,31,35,9,10,41,15,42,6,5,4,17,19
2414,0,1,36,37,38,39,40,3,31,35,9,10,41,15,42,6,5,4,17,19
2415,0,1,36,37,38,39,40,3,31,35,9,10,41,15,42,6,5,17,4,19
2416,0,1,36,37,38,39,40,3,31,35,9,10,41,15,42,6,5,17,4,19
2417,0,1,36,37,38,39,40,3,31,35,9,10,41,15,42,6,5,17,4,19
2418,0,1,36,37,38,39,40,3,31,35,9,10,41,15,42,6,5,17,4,19
2419,0,1,36,37,38,39,40,3,31,35,9,10,41,15,42,6,5,17,4,19
2420,0,1,36,37,38,39,40,3,9,10,31,35,41,15,42,6,5,17,4,19
2421,0,1,36,37,38,39,40,3,9,10,31,35,41,15,42,6,5,17,4,19
2422,0,1,36,37,38,39,40,3,9,10,31,35,41,15,42,6,5,17,4,19
2423,0,1,36,37,38,39,40,3,9,10,31,35,41,15,42,6,5,17,4,19
2424,0,1,36,37,38,39,40,3,9,10,31,35,41,15,42,6,5,17,4,19
2425,0,1,36,37,38,39,40,3,9,10,31,35,41,15,42,6,5,17,4,19
2426,0,1,36,37,38,39,40,3,9,10,31,35,41,15,42,6,5,17,4,19
2427,0,1,36,37,38,39,40,3,9,10,31,35,41,15,42,6,5,17,4,19
2428,0,1,36,37,38,39,40,3,9,10,31,35,41,15,42,6,5,17,4,19
2429,0,1,36,37,38,39,40,3,9,10,31,35,41,15,42,6,5,17,4,19
2430,0,1,36,37,38,39,40,3,9,10,31,35,41,15,42,6,5,17,4,19
2431,0,1,36,37,38,39,40,3,31,9,10,35,41,15,42,6,5,17,4,19
2432,0,1,36,37,38,39,40,3,31,9,10,35,41,15,42,6,5,17,4,19
2433,0,1,36,37,38,39,40,3,31,9,10,35,41,15,42,6,5,17,4,19
2434,0,1,36,37,38,39,40,3,31,9,10,35,41,15,42,6,5,17,4,19
2435,0,1,36,37,38,39,40,3,31,9,10,35,41,15,42,6,5,17,4,19
2436,0,1,36,37,38,39,40,3,31,9,10,35,41,15,42,6,5,17,4,19
2437,0,1,36,37,38,39,40,3,31,9,10,35,41,15,42,6,5,17,4,19
2438,0,1,36,37,38,39,40,3,31,9,10,35,41,15,42,6,5,17,4,19
2439,0,1,36,37,38,39,40,3,31,9,10,35,41,15,42,6,5,17,4,19
2440,0,1,36,37,38,39,40,3,31,9,10,35,41,15,42,6,5,17,4,19
2441,0,1,36,37,38,39,40,3,31,9,10,35,41,15,42,6,5,17,19,4
2442,0,1,36,37,38,39,40,3,31,9,10,35,41,15,42,6,5,17,19,4
2443,0,1,36,37,38,39,3,31,9,10,35,41,40,15,42,6,5,17,19,43
2444,0,1,36,37,38,39,3,31,9,10,35,41,40,15,42,6,5,17,19,43
2445,0,1,36,37,38,39,3,31,9,10,35,41,15,42,40,6,5,17,19,43
2446,0,1,36,37,38,39,3,31,9,10,35,41,15,42,5,40,6,17,19,43
2447,0,1,36,37,38,39,3,31,9,10,35,41,15,42,5,40,6,17,19,43
2448,0,1,36,37,38,39,3,31,9,10,35,41,5,15,42,40,6,17,19,43
2449,0,1,36,37,3,38,39,31,9,10,35,41,5,15,42,40,6,17,19,43
2450,0,1,36,37,3,38,39,31,5,9,10,35,41,15,42,40,6,17,19,43
2451,0,1,36,37,3,38,39,31,5,9,10,35,41,15,42,40,6,17,19,43
2452,0,1,36,37,3,38,39,31,5,9,10,35,41,15,42,40,6,17,19,43
2453,0,1,36,37,3,38,39,31,5,9,10,35,41,15,42,40,6,17,19,43
2454,0,1,36,37,3,38,39,31,5,9,10,35,41,15,42,40,6,17,19,43
2455,0,1,36,37,3,38,39,31,5,9,10,35,41,15,42,40,6,17,19,43
2456,0,1,36,37,3,38,39,31,5,9,10,35,41,15,42,40,6,17,19,43
2457,0,1,36,37,3,38,39,31,5,9,10,35,41,15,42,40,6,17,19,43
2458,0,1,36,37,3,38,39,31,5,9,10,35,41,15,42,40,6,17,19,43
2459,0,1,36,37,3,38,39,31,5,9,10,35,41,15,42,40,6,17,19,43
2460,0,1,36,37,3,38,39,31,5,9,10,35,41,15,42,40,6,17,19,43
2461,0,1,36,37,3,38,39,31,5,9,10,35,41,15,42,40,6,17,19,43
2462,0,1,36,37,3,38,39,31,5,9,10,35,41,15,42,40,6,17,19,43
2463,0,1,36,37,3,38,39,31,5,9,10,35,41,15,42,40,6,17,19,43
2464,0,1,36,37,3,38,39,31,5,9,10,35,41,15,42,40,6,17,19,43
2465,0,1,36,37,3,38,39,31,5,9,10,35,41,15,42,40,6,17,19,43
2466,0,1,36,37,3,38,39,31,5,9,10,35,41,15,42,40,6,17,19,43
2467,0,1,36,37,3,38,39,31,5,9,10,35,41,15,42,40,6,17,19,43
2468,0,1,36,37,3,38,39,31,5,9,10,35,41,15,42,40,6,17,19,43
2469,0,1,36,37,3,38,39,31,5,9,10,35,41,15,42,40,6,17,19,43
2470,0,1,36,37,3,38,39,31,5,9,10,35,41,15,42,40,6,17,19,43
2471,0,1,36,37,3,38,39,31,5,9,10,35,41,15,42,40,6,17,19,43
2472,0,1,36,37,3,38,39,31,5,9,10,35,41,15,42,40,6,17,19,43
2473,0,1,36,37,3,38,39,31,5,9,10,35,41,15,42,40,6,17,19,43
2474,0,1,36,37,3,38,39,31,5,9,10,35,41,15,42,40,6,17,19,43
2475,0,1,36,37,3,38,39,31,5,9,10,35,41,15,42,40,6,17,19,43
2476,0,1,36,37,3,38,39,31,5,9,10,35,41,15,42,40,6,17,19,43
2477,0,1,36,37,3,38,39,31,5,9,10,35,41,15,42,40,6,17,19,43
2478,0,1,36,37,3,38,39,31,5,9,10,35,41,15,42,40,6,17,19,43
2479,0,1,36,37,3,38,39,31,5,9,10,35,41,15,42,40,6,17,19,43
2480,0,1,36,37,3,38,39,31,5,9,10,35,41,15,42,40,6,17,19,43
2481,0,1,36,37,3,38,39,31,5,9,10,35,41,15,42,40,6,17,19,43
2482,0,1,36,37,3,38,39,31,5,9,10,35,41,15,42,40,6,17,19,43
2483,0,1,36,37,3,38,39,31,5,9,10,35,41,15,42,40,6,17,19,43
2484,0,1,36,37,3,38,39,31,5,9,10,35,41,15,42,40,6,17,19,43
2485,0,1,36,37,3,38,39,31,5,9,10,35,41,15,42,40,6,17,19,43
2486,0,1,36,37,3,38,39,31,5,9,10,35,41,15,42,40,6,17,43,19
2487,0,1,36,37,3,38,39,31,5,9,10,35,41,15,42,40,6,17,43,19
2488,0,1,36,37,3,38,39,31,5,9,10,35,41,15,42,40,6,43,17,4
2489,0,1,36,37,3,38,39,31,5,9,10,35,41,15,42,40,6,43,17,4
2490,0,1,36,37,3,38,39,31,5,9,10,35,41,15,42,40,6,43,17,4
2491,0,1,36,37,3,38,39,31,5,9,10,35,41,15,42,40,6,43,17,4
2492,0,1,36,37,3,38,39,31,5,9,10,35,41,15,42,40,6,43,17,4
2493,0,1,36,37,3,38,39,31,5,9,10,35,41,15,42,40,6,43,17,4
2494,0,1,36,37,3,38,39,31,5,9,10,35,41,15,42,40,6,43,17,4
2495,0,1,36,37,3,38,39,31,5,9,10,35,41,15,42,40,6,43,17,4
2496,0,1,36,37,3,38,39,31,35,5,9,10,41,15,42,40,6,43,17,4
2497,0,1,36,37,3,38,39,31,35,5,9,10,41,15,42,40,6,43,17,4
2498,0,1,36,37,3,38,39,31,35,5,9,10,41,15,42,40,6,43,17,4
2499,0,1,36,37,3,38,39,31,35,5,9,10,41,15,42,40,6,43,17,4
2500,0,1,36,37,3,38,39,31,35,5,9,10,41,15,42,40,6,43,17,4
2501,0,1,36,37,3,38,39,31,35,5,9,10,41,15,42,40,6,43,17,4
2502,0,1,36,37,3,38,39,31,35,5,9,10,41,15,42,40,6,43,17,4
2503,0,1,36,37,3,38,39,31,35,5,9,10,41,15,42,40,6,43,17,4
2504,0,1,36,37,3,38,39,31,35,5,9,10,41,15,42,40,6,43,17,4
2505,0,1,36,37,3,38,39,31,35,5,9,10,41,15,42,40,6,43,17,4
2506,0,1,36,37,3,38,39,31,35,5,9,10,41,15,42,40,6,43,17,4
2507,0,1,36,37,3,38,39,31,35,5,9,10,41,15,42,40,6,43,17,4
2508,0,1,36,37,3,38,39,31,35,5,9,10,41,15,42,40,6,43,17,4
2509,0,1,36,37,3,38,39,31,35,5,9,10,41,15,42,40,6,43,17,4
2510,0,1,36,37,3,38,39,31,35,5,9,10,41,15,42,40,6,43,17,4
2511,0,1,36,37,3,38,39,31,35,5,9,10,41,15,42,40,6,43,17,4
2512,0,1,36,37,3,38,39,31,35,5,9,10,41,15,42,40,6,43,17,4
2513,0,1,36,37,3,38,39,31,35,5,9,10,41,15,42,40,6,43,17,4
2514,0,1,36,37,3,38,39,31,35,5,9,10,41,15,42,40,6,43,17,4
2515,0,1,36,37,3,38,39,31,35,5,9,10,41,15,42,40,6,43,17,4
2516,0,1,36,37,3,38,39,31,35,5,9,10,41,15,42,40,6,43,17,4
2517,0,1,36,37,3,38,39,31,35,5,9,10,41,15,42,40,6,43,17,4
2518,0,1,36,37,3,38,39,31,35,5,9,10,41,15,42,40,6,43,17,4
2519,0,1,36,37,3,38,39,31,35,5,9,10,41,15,42,40,6,43,17,4
2520,0,1,36,37,3,38,39,31,35,5,9,10,41,15,42,40,6,43,17,4
2521,0,1,36,37,3,38,39,35,31,5,9,10,41,15,42,40,6,43,17,4
2522,0,1,36,37,3,38,39,35,31,5,9,10,41,15,42,40,6,43,17,4
2523,0,1,36,37,3,38,39,35,31,5,9,10,41,15,42,40,6,43,17,4
2524,0,1,36,37,3,38,39,35,31,5,9,10,41,15,42,40,6,43,17,4
2525,0,1,36,37,3,38,39,35,31,5,9,10,41,15,42,40,6,43,17,4
2526,0,1,36,37,3,38,39,35,31,5,9,10,41,15,42,40,6,43,17,4
2527,0,1,36,37,3,38,39,35,31,5,9,10,41,15,42,40,6,43,17,4
2528,0,1,36,37,3,38,39,35,31,5,9,10,41,15,42,40,6,43,17,4
2529,0,1,36,37,3,38,39,35,31,5,9,10,41,15,42,40,6,43,17,4
2530,0,1,36,37,3,38,39,35,31,5,9,10,41,15,42,40,6,43,17,4
2531,0,1,36,37,3,38,39,35,31,5,9,10,41,15,42,40,6,43,17,4
2532,0,1,36,37,3,38,39,35,31,5,9,10,41,15,42,40,6,43,17,4
2533,0,1,36,37,3,38,39,35,31,5,9,10,41,15,42,40,6,43,17,4
2534,0,1,36,37,3,38,39,35,31,5,9,10,41,15,42,40,6,43,17,4
2535,0,1,36,37,3,38,39,35,31,5,9,10,41,15,42,40,6,43,17,4
2536,0,1,36,37,3,38,39,35,31,5,9,10,41,15,42,40,6,43,17,4
2537,0,1,36,37,3,38,39,35,31,5,9,10,41,15,42,40,6,43,17,4
2538,0,1,36,37,3,38,39,35,31,5,9,10,41,15,42,40,6,43,17,4
2539,0,1,36,37,3,38,39,35,31,5,9,10,41,15,42,40,6,43,17,4
2540,0,1,36,37,3,38,39,35,31,5,9,10,41,15,42,40,6,43,17,4
2541,0,1,36,37,3,38,39,35,31,5,9,10,41,15,42,40,6,17,4,43
2542,0,1,36,37,3,38,39,35,31,5,9,10,41,15,42,40,6,17,4,43
2543,0,1,36,37,3,38,39,35,31,5,9,10,41,15,42,40,6,17,4,19
2544,0,1,36,37,3,38,39,35,31,5,9,10,41,15,42,40,6,17,4,19
2545,0,1,36,37,3,38,39,5,9,10,31,35,41,15,42,40,6,17,4,19
2546,0,1,36,37,3,38,39,35,31,5,9,10,41,15,42,40,6,17,4,19
2547,0,1,36,37,3,38,39,35,31,5,9,10,41,15,42,40,6,17,4,19
2548,0,1,36,37,3,38,39,35,31,5,9,10,41,15,42,40,6,17,4,43
2549,0,1,36,37,3,38,39,35,31,5,9,10,41,15,42,40,6,17,4,43
2550,0,1,36,37,3,38,39,35,31,5,9,10,41,15,42,40,6,43,17,4
2551,0,1,36,37,3,38,39,35,31,5,9,10,41,15,42,40,6,43,17,4
2552,0,1,36,37,3,38,39,35,31,5,9,10,41,15,42,40,6,43,17,4
2553,0,1,36,37,3,38,39,35,31,5,9,10,41,15,42,40,6,43,17,4
2554,0,1,36,37,3,38,39,35,31,5,9,10,41,15,42,40,6,43,17,4
2555,0,1,36,37,3,38,39,5,9,10,31,35,41,15,42,40,6,43,17,4
2556,0,1,36,37,3,38,39,5,9,10,31,35,41,15,42,40,6,43,17,4
2557,0,1,36,37,3,38,39,5,9,10,31,35,41,15,42,40,6,43,17,4
2558,0,1,36,37,3,38,39,5,9,10,31,35,41,15,42,40,6,43,17,4
2559,0,1,36,37,3,38,39,5,9,10,31,35,41,15,42,40,6,43,17,4
2560,0,1,36,37,3,38,39,5,9,10,31,35,41,15,42,40,6,43,17,4
2561,0,1,36,37,3,38,39,5,9,10,31,35,41,15,42,40,6,43,17,4
2562,0,1,36,37,3,38,39,5,9,10,31,35,41,15,42,40,6,43,17,4
2563,0,1,36,37,3,38,39,5,9,10,31,35,41,15,42,40,6,43,17,4
2564,0,1,36,37,3,38,39,5,9,10,31,35,41,15,42,40,6,43,17,4
2565,0,1,36,37,3,38,39,5,9,10,31,35,41,15,42,40,6,43,17,4
2566,0,1,36,37,3,38,39,35,31,5,9,10,41,15,42,40,6,43,17,4
2567,0,1,36,37,3,38,39,35,31,5,9,10,41,15,42,40,43,6,17,4
2568,0,1,36,37,3,38,39,35,31,5,9,10,41,15,42,43,40,6,17,4
2569,0,1,36,37,3,38,39,35,31,5,9,10,41,15,42,43,40,6,17,4
2570,0,1,36,37,3,38,39,35,31,5,9,10,41,43,15,42,40,6,17,4
2571,0,1,36,37,3,38,39,35,31,5,9,10,41,43,15,42,40,6,17,4
2572,0,1,36,37,3,38,39,35,31,5,9,10,41,43,15,42,40,6,17,4
2573,0,1,36,37,3,38,39,35,31,5,9,10,41,43,15,42,40,6,17,4
2574,0,1,36,37,3,38,39,35,31,5,9,10,41,43,15,42,40,6,17,4
2575,0,1,36,37,3,38,39,35,31,5,9,10,41,43,15,42,40,6,17,4
2576,0,1,36,37,3,38,39,35,31,5,9,10,41,43,15,42,40,6,17,4
2577,0,1,36,37,3,38,39,35,31,5,9,10,41,43,15,42,40,6,17,4
2578,0,1,36,37,3,38,39,35,31,5,9,10,41,43,15,42,40,6,17,4
2579,0,1,36,37,3,38,39,35,31,5,9,10,41,43,15,42,40,6,17,4
2580,0,1,36,37,3,38,39,35,31,5,9,10,41,43,15,42,40,6,17,4
2581,0,1,36,37,3,38,39,35,31,5,9,10,41,43,15,42,40,6,17,4
2582,0,1,36,37,3,38,39,35,31,5,9,10,41,43,15,42,40,6,17,4
2583,0,1,36,37,3,38,39,35,31,5,9,10,41,43,15,42,40,6,17,4
2584,0,1,36,37,3,38,39,35,31,5,9,10,41,43,15,42,40,6,17,4
2585,0,1,36,37,3,38,39,35,31,5,9,10,41,43,15,42,40,6,17,4
2586,0,1,36,37,3,38,39,35,31,5,9,10,41,43,15,42,40,6,17,4
2587,0,1,36,37,3,38,39,35,31,5,9,10,41,43,15,42,40,6,17,4
2588,0,1,36,37,3,38,39,35,31,5,9,10,41,43,15,42,40,6,17,4
2589,0,1,36,37,3,38,39,35,31,5,9,10,41,43,15,42,40,6,17,4
2590,0,1,36,37,3,38,39,35,31,5,9,10,41,43,15,42,40,6,17,4
2591,0,1,36,37,3,38,39,35,31,5,9,10,41,43,15,42,40,6,17,4
2592,0,1,36,37,3,38,39,35,31,5,9,10,41,43,15,42,40,6,17,4
2593,0,1,36,37,3,38,39,35,31,5,9,10,41,43,15,42,40,6,17,19
2594,0,1,36,37,3,38,39,35,31,5,9,10,41,43,15,42,40,6,17,19
2595,0,1,36,37,3,38,39,35,5,9,10,31,41,43,15,42,40,6,17,19
2596,0,1,36,37,3,38,39,35,31,5,9,10,41,43,15,42,40,6,17,19
2597,0,1,36,37,3,38,39,35,31,5,9,10,41,43,15,42,40,6,17,19
2598,0,1,36,37,3,38,39,35,31,5,9,10,41,43,15,42,40,6,17,19
2599,0,1,36,37,3,38,39,35,31,5,9,10,41,43,15,42,40,6,17,19
2600,0,1,36,37,3,38,39,35,31,5,9,10,41,43,15,42,40,6,17,19
2601,0,1,36,37,3,38,39,35,31,5,9,10,41,15,42,43,40,6,17,19
2602,0,1,36,37,3,38,39,35,31,5,9,10,41,15,42,43,40,6,17,19
2603,0,1,36,37,3,38,39,35,31,5,9,10,41,15,42,40,43,6,17,19
2604,0,1,36,37,3,38,39,35,31,5,9,10,41,15,42,40,6,43,17,19
2605,0,1,36,37,3,38,39,5,9,10,31,35,41,15,42,40,6,43,17,19
2606,0,1,36,37,3,38,39,5,9,10,35,41,31,15,42,40,6,43,17,19
2607,0,1,36,37,3,38,39,5,9,10,35,41,31,15,42,40,6,43,17,19
2608,0,1,36,37,3,38,39,5,9,10,35,41,31,15,42,40,6,43,17,19
2609,0,1,36,37,3,38,39,5,9,10,35,41,31,15,42,40,6,43,17,19
2610,0,1,36,37,3,38,39,5,9,10,35,41,31,15,42,40,6,43,17,19
2611,0,1,36,37,3,38,39,5,9,10,35,41,31,15,42,40,6,43,17,19
2612,0,1,36,37,3,38,39,5,9,10,35,41,31,15,42,40,6,43,17,19
2613,0,1,36,37,3,38,39,5,9,10,35,41,31,15,42,40,6,43,17,19
2614,0,1,36,37,3,38,39,5,9,10,35,41,31,15,42,40,6,43,17,19
2615,0,1,36,37,3,38,39,5,9,10,35,41,31,15,42,40,6,43,17,19
2616,0,1,36,37,3,38,39,5,9,10,35,41,31,15,42,40,6,43,17,19
2617,0,1,36,37,3,38,39,5,9,10,35,41,31,15,42,40,6,43,17,19
2618,0,1,36,37,3,38,39,5,9,10,35,41,31,15,42,40,6,43,17,19
2619,0,1,36,37,3,38,39,5,9,10,35,41,31,15,42,40,6,43,17,19
2620,0,1,36,37,3,38,39,5,9,10,35,41,31,15,42,40,6,43,17,19
2621,0,1,36,37,3,38,39,5,9,10,35,41,31,15,42,40,6,43,17,19
2622,0,1,36,37,3,38,39,5,9,10,35,41,31,15,42,40,6,43,17,19
2623,0,1,36,37,3,38,39,5,9,10,35,41,31,15,42,40,6,43,17,19
2624,0,1,36,37,3,38,39,5,9,10,35,41,31,15,42,40,6,43,17,19
2625,0,1,36,37,3,38,39,5,9,10,35,41,31,15,42,40,6,43,17,19
2626,0,1,36,37,3,38,39,5,9,10,35,41,31,15,42,40,6,43,17,19
2627,0,1,36,37,3,38,39,5,9,10,35,41,31,15,42,40,6,43,17,19
2628,0,1,36,37,3,38,39,5,9,10,35,41,31,15,42,40,6,17,43,19
2629,0,1,36,37,3,38,39,5,9,10,35,41,31,15,42,40,6,17,43,19
2630,0,1,36,37,3,38,39,5,9,10,35,41,31,15,42,40,6,17,19,43
2631,0,1,36,37,3,38,39,5,9,10,35,41,31,15,42,40,6,17,19,43
2632,0,1,36,37,3,38,39,5,9,10,35,41,31,15,42,40,6,17,19,43
2633,0,1,36,37,3,38,39,5,9,10,35,41,31,15,42,40,6,17,19,43
2634,0,1,36,37,3,38,39,5,9,10,35,41,31,15,42,40,6,17,19,43
2635,0,1,36,37,3,38,39,5,9,10,31,35,41,15,42,40,6,17,19,43
2636,0,1,36,37,3,38,39,5,9,10,31,35,41,15,42,40,6,17,19,43
2637,0,1,36,37,3,38,39,5,9,10,31,35,41,15,42,40,6,17,19,43
2638,0,1,36,37,3,38,39,5,9,10,31,35,41,15,42,40,6,17,19,43
2639,0,1,36,37,3,38,39,5,9,10,31,35,41,15,42,40,6,17,19,43
2640,0,1,36,37,3,38,39,5,9,10,31,35,41,15,42,40,6,17,19,43
2641,0,1,36,37,3,38,39,5,9,10,31,35,41,15,42,40,6,17,19,43
2642,0,1,36,37,3,38,39,5,9,10,31,35,41,15,42,40,6,17,19,43
2643,0,1,36,37,3,38,39,5,9,10,31,35,41,15,42,40,6,17,19,43
2644,0,1,36,37,3,38,39,5,9,10,31,35,41,15,42,40,6,17,19,43
2645,0,1,36,37,3,38,39,5,9,10,31,35,41,15,42,40,6,17,19,43
2646,0,1,36,37,3,38,39,5,9,10,31,35,41,15,42,40,6,17,19,43
2647,0,1,36,37,3,38,39,5,9,10,31,35,41,15,42,40,6,17,19,43
2648,0,1,36,37,3,38,39,5,9,10,31,35,41,15,42,40,6,17,19,43
2649,0,1,36,37,3,38,39,5,9,10,31,35,41,15,42,40,6,17,19,43
2650,0,1,36,37,3,38,39,5,9,10,31,35,41,15,42,40,6,17,19,43
2651,0,1,36,37,3,38,39,5,9,10,35,41,31,15,42,40,6,17,19,43
2652,0,1,36,37,3,38,39,5,9,10,35,41,31,15,42,40,6,17,19,43
2653,0,1,36,37,3,38,39,5,9,10,35,41,31,15,42,40,6,17,19,43
2654,0,1,36,37,3,38,39,5,9,10,35,41,31,15,42,40,6,17,19,43
2655,0,1,36,37,3,38,39,5,9,10,35,41,31,15,42,40,6,17,19,43
2656,0,1,36,37,3,38,39,5,9,10,35,41,31,15,42,40,6,17,19,43
2657,0,1,36,37,3,38,39,5,9,10,35,41,31,15,42,40,6,17,19,43
2658,0,1,36,37,3,38,39,5,9,10,35,41,31,15,42,40,6,17,19,43
2659,0,1,36,37,3,38,39,5,9,10,35,41,31,15,42,40,6,17,19,43
2660,0,1,36,37,3,38,39,5,9,10,35,41,31,15,42,40,6,17,19,43
2661,0,1,36,37,3,38,39,5,9,10,35,41,31,15,42,40,6,17,19,43
2662,0,1,36,37,3,38,39,5,9,10,35,41,31,15,42,40,6,17,19,43
2663,0,1,36,37,3,38,39,5,9,10,35,41,31,15,42,40,6,17,19,43
2664,0,1,36,37,3,38,39,5,9,10,35,41,31,15,42,40,6,17,19,43
2665,0,1,36,37,3,38,39,5,9,10,35,41,15,31,42,40,6,17,19,43
2666,0,1,36,37,3,38,39,5,9,10,35,41,15,31,42,40,6,17,19,43
2667,0,1,36,37,3,38,39,5,9,10,35,41,15,31,42,40,6,17,19,43
2668,0,1,36,37,3,38,39,5,9,10,35,41,15,31,42,40,6,17,19,43
2669,0,1,36,37,3,38,39,5,9,10,35,41,15,31,42,40,6,17,19,43
2670,0,1,36,37,3,38,39,5,9,10,35,41,15,31,42,40,6,17,19,43
2671,0,1,36,37,3,38,39,5,9,10,35,41,15,42,31,40,6,17,19,43
2672,0,1,36,37,3,38,39,5,9,10,35,41,15,42,31,40,6,17,19,43
2673,0,1,36,37,3,38,39,5,9,10,35,41,15,42,31,40,6,17,19,43
2674,0,1,36,37,3,38,39,5,9,10,35,41,15,42,31,40,6,17,19,43
2675,0,1,36,37,3,38,39,5,9,10,35,41,15,42,31,40,6,17,19,43
2676,0,1,36,37,3,38,39,5,9,10,35,41,15,42,31,40,6,17,19,43
2677,0,1,36,37,3,38,39,5,9,10,35,41,15,42,31,40,6,17,19,43
2678,0,1,36,37,3,38,39,5,9,10,35,41,15,42,31,40,6,17,19,43
2679,0,1,36,37,3,38,39,5,9,10,35,41,15,42,31,40,6,17,19,43
2680,0,1,36,37,3,38,39,5,9,10,35,41,15,42,31,40,6,17,19,43
2681,0,1,36,37,3,38,39,5,9,10,35,41,15,42,31,40,6,17,19,43
2682,0,1,36,37,3,38,39,5,9,10,35,41,15,42,31,40,6,17,19,43
2683,0,1,36,37,3,38,39,5,9,10,35,41,15,42,31,40,6,17,19,43
2684,0,1,36,37,3,38,39,5,9,10,35,41,15,42,31,40,6,17,19,43
2685,0,1,36,37,3,38,39,5,9,10,35,41,15,42,31,40,6,17,19,43
2686,0,1,36,37,3,38,39,5,9,10,35,41,15,42,31,40,6,17,19,43
2687,0,1,36,37,3,38,39,5,9,10,35,41,15,42,31,40,6,17,19,43
2688,0,1,36,37,3,38,39,5,9,10,35,41,15,42,31,40,6,17,19,43
2689,0,1,36,37,3,38,39,5,9,10,35,41,15,42,31,40,6,17,19,43
2690,0,1,36,37,3,38,39,5,9,10,35,41,15,31,42,40,6,17,19,43
2691,0,1,36,37,3,38,39,5,9,10,35,41,15,31,42,40,6,17,19,43
2692,0,1,36,37,3,38,39,5,9,10,35,41,15,31,42,40,6,17,19,43
2693,0,1,36,37,3,38,39,5,9,10,35,41,15,31,42,40,6,17,19,43
2694,0,1,36,37,3,38,39,5,9,10,35,41,15,31,42,40,6,17,19,43
2695,0,1,36,37,3,38,39,5,9,10,35,41,15,31,42,40,6,17,19,43
2696,0,1,36,37,3,38,39,5,9,10,35,41,15,31,42,40,6,17,19,43
2697,0,1,36,37,3,38,39,5,9,10,35,41,15,31,42,40,6,17,19,43
2698,0,1,36,37,3,38,39,5,9,10,35,41,15,31,42,40,6,17,19,43
2699,0,1,36,37,3,38,39,5,9,10,35,41,15,31,42,40,6,17,19,43
2700,0,1,36,37,3,38,39,5,9,10,35,41,15,31,42,40,6,17,19,43
2701,0,1,36,37,3,38,39,5,9,10,35,41,15,31,42,40,6,17,19,43
2702,0,1,36,37,3,38,39,5,9,10,35,41,15,31,42,40,6,17,19,43
2703,0,1,36,37,3,38,39,5,9,10,35,41,15,31,42,40,6,17,19,43
2704,0,1,36,37,3,38,39,5,9,10,35,41,15,31,42,40,6,17,19,43
2705,0,1,36,37,3,38,39,5,9,10,35,41,15,31,42,40,6,17,19,43
2706,0,1,36,37,3,38,39,5,9,10,35,41,15,31,42,40,6,17,19,43
2707,0,1,36,37,3,38,39,5,9,10,35,41,15,31,42,40,6,17,19,43
2708,0,1,36,37,3,38,39,5,9,10,35,41,15,31,42,40,6,17,19,43
2709,0,1,36,37,3,38,39,5,9,10,35,41,15,31,42,40,6,17,19,43
2710,0,1,36,37,3,38,39,5,9,10,35,41,15,31,42,40,6,17,19,43
2711,0,1,36,37,3,38,39,5,9,10,35,41,31,15,42,40,6,17,19,43
2712,0,1,36,37,3,38,39,5,9,10,35,41,31,15,42,40,6,17,19,43
2713,0,1,36,37,3,38,39,5,9,10,35,41,31,15,42,40,6,17,19,43
2714,0,1,36,37,3,38,39,5,9,10,35,41,31,15,42,40,6,17,19,43
2715,0,1,36,37,3,38,39,5,9,10,35,41,31,15,42,40,6,17,19,43
2716,0,1,36,37,3,38,39,5,9,10,35,41,31,15,42,40,6,17,19,43
2717,0,1,36,37,3,38,39,5,9,10,35,41,31,15,42,40,6,17,19,43
2718,0,1,36,37,3,38,39,5,9,10,35,41,31,15,42,40,6,17,19,43
2719,0,1,36,37,3,38,39,5,9,10,35,41,31,15,42,40,6,17,19,43
2720,0,1,36,37,3,38,39,5,9,10,35,41,31,15,42,40,6,17,19,43
2721,0,1,36,37,3,38,39,5,9,10,35,41,31,15,42,40,6,17,19,43
2722,0,1,36,37,3,38,39,5,9,10,35,41,31,15,42,40,6,17,19,43
2723,0,1,36,37,3,38,39,5,9,10,35,41,31,15,42,40,6,17,19,43
2724,0,1,36,37,3,38,39,5,9,10,35,41,31,15,42,40,6,17,19,43
2725,0,1,36,37,3,38,39,5,9,10,35,41,31,15,42,40,6,17,19,43
2726,0,1,36,37,3,38,39,5,9,10,35,41,31,15,42,40,6,17,19,43
2727,0,1,36,37,3,38,39,5,9,10,35,41,31,15,42,40,6,17,19,43
2728,0,1,36,37,3,38,39,5,9,10,35,41,31,15,42,40,6,17,19,43
2729,0,1,36,37,3,38,39,5,9,10,35,41,31,15,42,40,6,17,19,43
2730,0,1,36,37,3,38,39,5,9,10,35,41,31,15,42,40,6,17,19,43
2731,0,1,36,37,3,38,39,5,9,10,35,41,31,15,42,40,6,17,43,19
2732,0,1,36,37,3,38,39,5,9,10,35,41,31,15,42,40,6,17,43,19
2733,0,1,36,37,3,38,39,5,9,10,35,41,31,15,42,40,6,43,17,19
2734,0,1,36,37,3,38,39,5,9,10,35,41,31,15,42,40,6,43,17,19
2735,0,1,36,37,3,38,39,5,9,10,31,35,41,15,42,40,6,43,17,19
2736,0,1,36,37,3,38,39,5,9,10,35,41,31,15,42,40,6,43,17,19
2737,0,1,36,37,3,38,39,5,9,10,35,41,31,15,42,40,6,43,17,19
2738,0,1,36,37,3,38,39,5,9,10,35,41,31,15,42,40,6,17,43,19
2739,0,1,36,37,3,38,39,5,9,10,35,41,31,15,42,40,6,17,43,19
2740,0,1,36,37,3,38,39,5,9,10,35,41,31,15,42,40,6,17,19,43
2741,0,1,36,37,3,38,39,5,9,10,35,41,31,15,42,40,6,17,19,43
2742,0,1,36,37,3,38,39,5,9,10,35,41,31,15,42,40,6,17,19,43
2743,0,1,36,37,3,38,39,5,9,10,35,41,31,15,42,40,6,17,19,43
2744,0,1,36,37,3,38,39,5,9,10,35,41,31,15,42,40,6,17,19,43
2745,0,1,36,37,3,38,39,5,9,10,35,41,31,15,42,40,6,17,19,43
2746,0,1,36,37,3,38,39,5,9,10,35,41,31,15,42,40,6,17,19,43
2747,0,1,36,37,3,38,39,5,9,10,35,41,31,15,42,40,6,17,19,43
2748,0,1,36,37,3,38,39,5,9,10,35,41,31,15,42,40,6,17,19,43
2749,0,1,36,37,3,38,39,5,9,10,35,41,31,15,42,40,6,17,19,43
2750,0,1,36,37,3,38,39,5,9,10,35,41,31,15,42,40,6,17,19,43
2751,0,1,36,37,3,38,39,5,9,10,35,41,31,15,42,40,6,17,19,43
2752,0,1,36,37,3,38,39,5,9,10,35,41,31,15,42,40,6,17,19,43
2753,0,1,36,37,3,38,39,5,9,10,35,41,31,15,42,40,6,17,19,43
2754,0,1,36,37,3,38,39,5,9,10,35,41,31,15,42,40,6,17,19,43
2755,0,1,36,37,3,38,39,5,9,10,35,41,31,15,42,40,6,17,19,43
2756,0,1,36,37,3,38,39,5,9,10,35,41,31,15,42,40,6,17,19,43
2757,0,1,36,37,3,38,39,5,9,10,35,41,31,15,42,40,6,17,19,43
2758,0,1,36,37,3,38,39,5,9,10,35,41,31,15,42,40,6,17,19,43
2759,0,1,36,37,3,38,39,5,9,10,35,41,31,15,42,40,6,17,19,43
2760,0,1,36,37,3,38,39,5,9,10,35,41,15,31,42,40,6,17,19,43
2761,0,1,36,37,3,38,39,5,9,10,35,41,15,31,42,40,6,17,19,43
2762,0,1,36,37,3,38,39,5,9,10,35,41,15,31,42,40,6,17,19,43
2763,0,1,36,37,3,38,39,5,9,10,35,41,15,31,42,40,6,17,19,43
2764,0,1,36,37,3,38,39,5,9,10,35,41,15,31,42,40,6,17,19,43
2765,0,1,36,37,3,38,39,5,9,10,35,41,15,31,42,40,6,17,19,43
2766,0,1,36,37,3,38,39,5,9,10,35,41,15,42,31,40,6,17,19,43
2767,0,1,36,37,3,38,39,5,9,10,35,41,15,42,31,40,6,17,19,43
2768,0,1,36,37,3,38,39,5,9,10,35,41,15,42,31,40,6,17,18,33
2769,0,1,36,37,3,38,39,5,9,10,35,41,15,42,31,40,6,17,18,33
2770,0,1,36,37,3,38,39,5,9,10,35,41,15,42,31,40,6,17,18,33
2771,0,1,36,37,3,38,39,5,9,10,35,41,15,42,31,40,6,17,18,33
2772,0,1,36,37,3,38,39,5,9,10,35,41,15,42,31,40,6,17,18,33
2773,0,1,36,37,3,38,39,5,9,10,35,41,15,42,31,40,6,17,18,33
2774,0,1,36,37,3,38,39,5,9,10,35,41,15,42,31,40,6,17,18,33
2775,0,1,36,37,3,38,39,5,9,10,35,41,15,42,31,40,6,17,18,33
2776,0,1,36,37,3,38,39,5,9,10,35,41,15,42,31,40,6,17,18,33
2777,0,1,36,37,3,38,39,5,9,10,35,41,15,42,31,40,6,17,18,33
2778,0,1,36,37,3,38,39,5,9,10,35,41,15,42,31,40,6,17,18,33
2779,0,1,36,37,3,38,39,5,9,10,35,41,15,42,31,40,6,17,18,33
2780,0,1,36,37,3,38,39,5,9,10,35,41,15,42,31,40,6,17,18,33
2781,0,1,36,37,3,38,39,5,9,10,35,41,15,42,31,40,6,17,18,33
2782,0,1,36,37,3,38,39,5,9,10,35,41,15,42,31,40,6,17,18,33
2783,0,1,36,37,3,38,39,5,9,10,35,41,15,42,31,40,6,17,18,33
2784,0,1,36,37,3,38,39,5,9,10,35,41,15,42,31,40,6,17,18,33
2785,0,1,36,37,3,38,39,5,9,10,35,41,15,42,31,40,6,17,18,33
2786,0,1,36,37,3,38,39,5,9,10,35,41,15,42,31,40,6,17,18,33
2787,0,1,36,37,3,38,39,5,9,10,35,41,15,42,31,40,6,17,18,33
2788,0,1,36,37,3,38,39,5,9,10,35,41,15,42,31,40,6,17,18,33
2789,0,1,36,37,3,38,39,5,9,10,35,41,15,42,31,40,6,17,18,33
2790,0,1,36,37,3,38,39,5,9,10,35,41,15,31,42,40,6,17,18,33
2791,0,1,36,37,3,38,39,5,9,10,35,41,15,31,42,40,6,17,18,33
2792,0,1,36,37,3,38,39,5,9,10,35,41,15,31,42,40,6,17,18,33
2793,0,1,36,37,3,38,39,5,9,10,35,41,15,31,42,40,6,17,18,33
2794,0,1,36,37,3,38,39,5,9,10,35,41,15,31,42,40,6,17,18,33
2795,0,1,36,37,3,38,39,5,9,10,35,41,15,31,42,40,6,17,18,33
2796,0,1,36,37,3,38,39,35,5,9,10,41,31,15,42,40,6,17,18,33
2797,0,1,36,37,3,38,39,35,5,9,10,41,31,15,42,40,6,17,18,33
2798,0,1,36,37,3,38,39,35,5,9,10,41,31,15,42,40,6,17,18,33
2799,0,1,36,37,3,38,39,35,5,9,10,41,31,15,42,40,6,17,18,33
2800,0,1,36,37,3,38,39,35,5,9,10,41,31,15,42,40,6,17,18,33
2801,0,1,36,37,3,38,39,35,5,9,10,41,31,15,42,40,6,17,18,33
2802,0,1,36,37,3,38,39,35,5,9,10,41,31,15,42,40,6,17,18,33
2803,0,1,36,37,3,38,39,35,5,9,10,41,31,15,42,40,6,17,18,33
2804,0,1,36,37,3,38,39,35,5,9,10,41,31,15,42,40,6,17,18,33
2805,0,1,36,37,3,38,39,35,5,9,10,41,31,15,42,40,6,17,18,33
2806,0,1,36,37,3,38,39,35,5,9,10,41,31,15,42,40,6,17,18,33
2807,0,1,36,37,3,38,39,35,5,9,10,41,31,15,42,40,6,17,18,33
2808,0,1,36,37,3,38,39,35,5,9,10,41,31,15,42,40,6,17,18,33
2809,0,1,36,37,3,38,39,35,5,9,10,41,31,15,42,40,6,17,18,33
2810,0,1,36,37,3,38,39,5,9,10,35,41,31,15,42,40,6,17,18,33
2811,0,1,36,37,3,38,39,5,9,10,35,41,31,15,42,40,6,17,18,33
2812,0,1,36,37,3,38,39,5,9,10,35,41,31,15,42,40,6,17,18,33
2813,0,1,36,37,3,38,39,5,9,10,35,41,31,15,42,40,6,17,18,33
2814,0,1,36,37,3,38,39,5,9,10,35,41,31,15,42,40,6,17,18,33
2815,0,1,36,37,3,38,39,5,9,10,35,41,31,15,42,40,6,17,18,33
2816,0,1,36,37,3,38,39,5,9,10,35,41,31,15,42,40,6,17,18,33
2817,0,1,36,37,3,38,39,5,9,10,35,41,31,15,42,40,6,17,18,33
2818,0,1,36,37,3,38,39,5,9,10,35,41,31,15,42,40,6,17,18,33
2819,0,1,36,37,3,38,39,5,9,10,35,41,31,15,42,40,6,17,18,33
2820,0,1,36,37,3,38,39,5,9,10,35,41,31,15,42,40,6,17,18,33
2821,0,1,36,37,3,38,39,5,9,10,35,41,31,15,42,40,6,17,18,33
2822,0,1,36,37,3,38,39,5,9,10,35,41,31,15,42,40,6,17,18,33
2823,0,1,36,37,3,38,39,5,9,10,35,41,31,15,42,40,6,17,18,33
2824,0,1,36,37,3,38,39,5,9,10,35,41,31,15,42,40,6,17,18,33
2825,0,1,36,37,3,38,39,5,9,10,35,41,15,31,42,40,6,17,18,33
2826,0,1,36,37,3,38,39,5,9,10,35,41,15,31,42,40,6,17,18,33
2827,0,1,36,37,3,38,39,5,9,10,35,41,15,31,42,40,6,17,18,33
2828,0,1,36,37,3,38,39,5,9,10,35,41,15,31,42,40,6,17,18,33
2829,0,1,36,37,3,38,39,5,9,10,35,41,15,31,42,40,6,17,18,33
2830,0,1,36,37,3,38,39,5,9,10,35,41,15,31,42,40,6,17,18,33
2831,0,1,36,37,3,38,39,5,9,10,35,41,15,31,42,40,6,17,18,33
2832,0,1,36,37,3,38,39,5,9,10,35,41,15,31,42,40,6,17,18,33
2833,0,1,36,37,3,38,39,5,9,10,35,41,15,31,42,40,6,17,18,33
2834,0,1,36,37,3,38,39,5,9,10,35,41,15,31,42,40,6,17,18,33
2835,0,1,36,37,3,38,39,5,9,10,35,41,15,31,42,40,6,17,18,33
2836,0,1,36,37,3,38,39,5,9,10,35,41,15,31,42,40,6,17,18,33
2837,0,1,36,37,3,38,39,5,9,10,35,41,15,31,42,40,6,17,18,33
2838,0,1,36,37,3,38,39,5,9,10,35,41,15,31,42,40,6,17,18,33
2839,0,1,36,37,3,38,39,5,9,10,35,41,15,31,42,40,6,17,18,33
2840,0,1,36,37,3,38,39,5,9,10,35,41,15,31,42,40,6,17,18,33
2841,0,1,36,37,3,38,39,5,9,10,35,41,15,31,42,40,6,17,18,33
2842,0,1,36,37,3,38,39,5,9,10,35,41,15,31,42,40,6,17,18,33
2843,0,1,36,37,3,38,39,5,9,10,35,41,15,31,42,40,6,17,18,33
2844,0,1,36,37,3,38,39,5,9,10,35,41,15,31,42,40,6,17,18,33
2845,0,1,36,37,3,38,39,5,9,10,35,41,15,31,42,40,6,17,18,33
2846,0,1,36,37,3,38,39,5,9,10,35,41,15,31,42,40,6,17,18,33
2847,0,1,36,37,3,38,39,5,9,10,35,41,15,31,42,40,6,17,18,33
2848,0,1,36,37,3,38,39,5,9,10,35,41,15,31,42,40,6,17,18,33
2849,0,1,36,37,3,38,39,5,9,10,35,41,15,31,42,40,6,17,18,33
2850,0,1,36,37,3,38,39,5,9,10,35,41,15,31,42,40,6,17,18,33
2851,0,1,36,37,3,38,39,5,9,10,41,35,15,42,31,40,6,17,18,33
2852,0,1,36,37,3,38,39,5,9,10,41,35,15,42,31,40,6,17,18,33
2853,0,1,36,37,3,38,39,5,9,10,41,35,15,42,31,40,6,17,18,33
2854,0,1,36,37,3,38,39,5,9,10,41,35,15,42,31,40,6,17,18,33
2855,0,1,36,37,3,38,39,5,9,10,41,35,15,42,31,40,6,17,18,33
2856,0,1,36,37,3,38,39,5,9,10,41,35,15,42,31,40,6,17,18,33
2857,0,1,36,37,3,38,39,5,9,10,41,35,15,42,31,40,6,17,18,33
2858,0,1,36,37,3,38,39,5,9,10,41,35,15,42,31,40,6,17,18,33
2859,0,1,36,37,3,38,39,5,9,10,41,35,15,42,31,40,6,17,18,33
2860,0,1,36,37,3,38,39,5,9,10,41,35,15,42,31,40,6,17,18,33
2861,0,1,36,37,3,38,39,5,9,10,41,35,15,42,31,40,6,17,18,33
2862,0,1,36,37,3,38,39,5,9,10,41,35,15,42,31,40,6,17,18,33
2863,0,1,36,37,3,38,39,5,9,10,41,35,15,42,31,40,6,17,18,33
2864,0,1,36,37,3,38,39,5,9,10,41,35,15,42,31,40,6,17,18,33
2865,0,1,36,37,3,38,39,5,9,10,41,35,15,42,31,40,6,17,18,33
2866,0,1,36,37,3,38,39,5,9,10,41,35,15,42,31,40,6,17,18,33
2867,0,1,36,37,3,38,39,5,9,10,41,35,15,42,31,40,6,17,18,33
2868,0,1,36,37,3,38,39,5,9,10,41,35,15,42,31,40,6,17,18,33
2869,0,1,36,37,3,38,39,5,9,10,41,35,15,42,31,40,6,17,18,33
2870,0,1,36,37,3,38,39,5,9,10,41,35,15,42,31,40,6,17,18,33
2871,0,1,36,37,3,38,39,5,9,10,41,15,42,35,40,31,6,17,18,33
2872,0,1,36,37,3,38,39,5,9,10,41,15,42,35,40,31,6,17,18,33
2873,0,1,36,37,3,38,39,5,9,10,41,15,42,35,40,31,6,17,18,33
2874,0,1,36,37,3,38,39,5,9,10,41,15,42,35,40,31,6,17,18,33
2875,0,1,36,37,3,38,39,5,9,10,41,15,42,40,35,6,31,17,18,33
2876,0,1,36,37,3,38,39,5,9,10,41,15,42,40,35,6,31,17,18,33
2877,0,1,36,37,3,38,39,5,9,10,41,15,42,40,35,31,6,17,18,33
2878,0,1,36,37,3,38,39,5,9,10,41,15,42,40,35,31,6,17,18,33
2879,0,1,36,37,3,38,39,5,9,10,41,15,42,40,35,31,6,17,18,33
2880,0,1,36,37,3,38,39,5,9,10,41,15,42,31,40,35,6,17,18,33
2881,0,1,36,37,3,38,39,5,9,10,41,15,42,31,40,35,6,17,18,33
2882,0,1,36,37,3,38,39,5,9,10,41,15,42,31,40,35,6,17,18,33
2883,0,1,36,37,3,38,39,5,9,10,41,15,42,31,40,35,6,17,18,33
2884,0,1,36,37,3,38,39,5,9,10,41,15,42,31,40,35,6,17,18,33
2885,0,1,36,37,3,38,39,5,9,10,41,15,42,31,40,35,6,17,18,33
2886,0,1,36,37,3,38,39,5,9,10,41,15,42,31,40,35,6,17,18,33
2887,0,1,36,37,3,38,39,5,9,10,41,15,42,31,40,35,6,17,18,33
2888,0,1,36,37,3,38,39,5,9,10,41,15,42,31,40,35,6,17,18,33
2889,0,1,36,37,3,38,39,5,9,10,41,15,42,31,40,35,6,17,18,33
2890,0,1,36,37,3,38,39,5,9,10,41,15,42,31,40,35,6,17,18,33
2891,0,1,36,37,3,38,39,5,9,10,41,15,42,40,31,6,35,17,18,33
2892,0,1,36,37,3,38,39,5,9,10,41,15,42,40,31,6,35,17,18,33
2893,0,1,36,37,3,38,39,5,9,10,41,15,42,40,31,6,35,17,18,33
2894,0,1,36,37,3,38,39,5,9,10,41,15,42,40,6,31,35,17,18,33
2895,0,1,36,37,3,38,39,5,9,10,41,15,42,40,6,31,35,17,18,33
2896,0,1,36,37,3,38,39,5,9,10,41,15,42,40,6,31,35,17,18,33
2897,0,1,36,37,3,38,39,5,9,10,41,15,42,40,6,31,35,17,18,33
2898,0,1,36,37,3,38,39,5,9,10,41,15,42,40,6,31,35,17,18,33
2899,0,1,36,37,3,38,39,5,9,10,41,15,42,40,6,31,35,17,18,33
2900,0,1,36,37,3,38,39,5,9,10,41,15,42,40,6,31,35,17,18,33
2901,0,1,36,37,3,38,39,5,9,10,41,15,42,40,6,35,31,17,18,33
2902,0,1,36,37,3,38,39,5,9,10,41,15,42,40,6,35,31,17,18,33
2903,0,1,36,37,3,38,39,5,9,10,41,15,42,40,6,35,31,17,18,33
2904,0,1,36,37,3,38,39,5,9,10,41,15,42,40,6,35,31,17,18,33
2905,0,1,36,37,3,38,39,5,9,10,41,15,42,40,35,6,31,17,18,33
2906,0,1,36,37,3,38,39,5,9,10,41,15,42,40,35,6,31,17,18,33
2907,0,1,36,37,3,38,39,5,9,10,41,15,42,40,35,6,31,17,18,33
2908,0,1,36,37,3,38,39,5,9,10,41,15,42,40,35,6,31,17,18,33
2909,0,1,36,37,3,38,39,5,9,10,41,15,42,40,35,6,31,17,18,33
2910,0,1,36,37,3,38,39,5,9,10,41,15,42,40,35,6,31,17,18,33
2911,0,1,36,37,3,38,39,5,9,10,41,15,42,40,35,6,31,17,18,33
2912,0,1,36,37,3,38,39,5,9,10,41,15,42,40,35,6,31,17,18,33
2913,0,1,36,37,3,38,39,5,9,10,41,15,42,40,35,6,31,17,18,33
2914,0,1,36,37,3,38,39,5,9,10,41,15,42,40,35,6,31,17,18,33
2915,0,1,36,37,3,38,39,5,9,10,41,15,42,40,35,6,31,17,18,33
2916,0,1,36,37,3,38,39,5,9,10,41,15,42,40,35,6,31,17,18,33
2917,0,1,36,37,3,38,39,5,9,10,41,15,42,40,35,6,31,17,18,33
2918,0,1,36,37,3,38,39,5,9,10,41,15,42,40,35,6,31,17,18,33
2919,0,1,36,37,3,38,39,5,9,10,41,15,42,40,35,6,31,17,18,33
2920,0,1,36,37,3,38,39,5,9,10,41,15,42,40,35,6,31,17,18,33
2921,0,1,36,37,3,38,39,5,9,10,41,15,42,40,35,6,31,17,18,33
2922,0,1,36,37,3,38,39,5,9,10,41,15,42,40,35,6,31,17,18,33
2923,0,1,36,37,3,38,39,5,9,10,41,15,42,40,35,6,31,17,18,33
2924,0,1,36,37,3,38,39,5,9,10,41,15,42,40,35,6,31,17,18,33
2925,0,1,36,37,3,38,39,5,9,10,41,15,42,40,35,6,31,17,18,33
2926,0,1,36,37,3,38,39,5,9,10,41,15,42,40,35,6,31,17,18,33
2927,0,1,36,37,3,38,39,5,9,10,41,15,42,40,35,6,31,17,18,33
2928,0,1,36,37,3,38,39,5,9,10,41,15,42,40,35,6,31,17,18,33
2929,0,1,36,37,3,38,39,5,9,10,41,15,42,40,35,6,31,17,18,33
2930,0,1,36,37,3,38,39,5,9,10,41,15,42,40,35,6,31,17,18,33
2931,0,1,36,37,3,38,39,5,9,10,41,15,42,40,35,6,31,17,18,33
2932,0,1,36,37,3,38,39,5,9,10,41,15,42,40,35,31,6,17,18,33
2933,0,1,36,37,3,38,39,5,9,10,41,15,42,40,35,31,6,17,18,33
2934,0,1,36,37,3,38,39,5,9,10,41,15,42,40,35,31,6,17,18,33
2935,0,1,36,37,3,38,39,5,9,10,41,15,42,31,40,35,6,17,18,33
2936,0,1,36,37,3,38,39,5,9,10,41,15,42,40,35,31,6,17,18,33
2937,0,1,36,37,3,38,39,5,9,10,41,15,42,40,35,31,6,17,18,33
2938,0,1,36,37,3,38,39,5,9,10,41,15,42,40,35,31,6,17,18,33
2939,0,1,36,37,3,38,39,5,9,10,41,15,42,40,35,6,31,17,18,33
2940,0,1,36,37,3,38,39,5,9,10,41,15,42,40,35,6,31,17,18,33
2941,0,1,36,37,3,38,39,5,9,10,41,15,42,40,35,6,31,17,18,33
2942,0,1,36,37,3,38,39,5,9,10,41,15,42,40,35,6,31,17,18,33
2943,0,1,36,37,3,38,39,5,9,10,41,15,42,40,35,6,31,17,18,33
2944,0,1,36,37,3,38,39,5,9,10,41,15,42,40,35,6,31,17,18,33
2945,0,1,36,37,3,38,39,5,9,10,41,15,42,40,35,6,31,17,18,33
2946,0,1,36,37,3,38,39,5,9,10,41,15,42,40,35,6,31,17,18,33
2947,0,1,36,37,3,38,39,5,9,10,41,15,42,40,35,6,31,17,18,33
2948,0,1,36,37,3,38,39,5,9,10,41,15,42,40,35,6,31,17,18,33
2949,0,1,36,37,3,38,39,5,9,10,41,15,42,40,35,6,31,17,18,33
2950,0,1,36,37,3,38,39,5,9,10,41,15,42,40,35,6,31,17,18,33
2951,0,1,36,37,3,38,39,5,9,10,41,15,42,40,35,6,31,17,18,33
2952,0,1,36,37,3,38,39,5,9,10,41,15,42,40,35,6,31,17,18,33
2953,0,1,36,37,3,38,39,5,9,10,41,15,42,40,35,6,31,17,18,33
2954,0,1,36,37,3,38,39,5,9,10,41,15,42,40,35,6,31,17,18,33
2955,0,1,36,37,3,38,39,5,9,10,41,15,42,40,35,6,31,17,18,33
2956,0,1,36,37,3,38,39,5,9,10,41,15,42,40,35,6,31,17,18,33
2957,0,1,36,37,3,38,39,5,9,10,41,15,42,40,35,6,31,17,18,33
2958,0,1,36,37,3,38,39,5,9,10,41,15,42,40,35,6,31,17,18,33
2959,0,1,36,37,3,38,39,5,9,10,41,15,42,40,35,6,31,17,18,33
2960,0,1,36,37,3,38,39,5,9,10,41,15,42,40,35,6,31,17,18,33
2961,0,1,36,37,3,38,39,5,9,10,41,15,42,40,35,6,31,17,18,33
2962,0,1,36,37,3,38,39,5,9,10,41,15,42,40,35,6,31,17,18,33
2963,0,1,36,37,3,38,39,5,9,10,41,15,42,40,35,6,31,17,18,33
2964,0,1,36,37,3,38,39,5,9,10,41,15,42,40,35,6,31,17,18,33
2965,0,1,36,37,3,38,39,5,9,10,41,15,42,40,35,6,31,17,18,33
2966,0,1,36,37,3,38,39,5,9,10,41,15,42,40,35,6,31,17,18,33
2967,0,1,36,37,3,38,39,5,9,10,41,15,42,40,35,6,31,17,18,33
2968,0,1,36,37,3,38,39,5,9,10,41,15,42,40,35,6,31,17,18,33
2969,0,1,36,37,3,38,39,5,9,10,41,15,42,40,35,6,31,17,18,33
2970,0,1,36,37,3,38,39,5,9,10,41,15,42,40,35,6,31,17,18,33
2971,0,1,36,37,3,38,39,5,9,10,41,15,42,40,35,6,31,17,18,33
2972,0,1,36,37,3,38,39,5,9,10,41,15,42,40,35,6,31,17,18,33
2973,0,1,36,37,3,38,39,5,9,10,41,15,42,40,35,6,31,17,18,33
2974,0,1,36,37,3,38,39,5,9,10,41,15,42,40,35,6,31,17,18,33
2975,0,1,36,37,3,38,39,5,9,10,41,15,42,40,35,6,31,17,18,33
2976,0,1,36,37,3,38,39,5,9,10,41,15,42,35,40,6,31,17,18,33
2977,0,1,36,37,3,38,39,5,9,10,41,15,42,35,40,6,31,17,18,33
2978,0,1,36,37,3,38,39,5,9,10,41,15,42,35,40,6,31,17,18,43
2979,0,1,36,37,3,38,39,5,9,10,41,15,42,35,40,6,31,17,18,43
2980,0,1,36,37,3,38,39,5,9,10,41,35,15,42,40,6,31,43,17,18
2981,0,1,36,37,3,38,39,5,9,10,41,35,15,42,40,6,31,43,17,18
2982,0,1,36,37,3,38,39,5,9,10,41,35,15,42,40,6,43,31,17,18
2983,0,1,36,37,3,38,39,5,9,10,41,35,15,42,40,6,43,31,17,18
2984,0,1,36,37,3,38,39,5,9,10,41,35,15,42,40,6,43,31,17,18
2985,0,1,36,37,3,38,39,5,9,10,41,35,15,42,40,6,43,31,17,18
2986,0,1,36,37,3,38,39,5,9,10,41,35,15,42,40,6,43,31,17,18
2987,0,1,36,37,3,38,39,5,9,10,41,35,15,42,40,6,43,31,17,18
2988,0,1,36,37,3,38,39,5,9,10,41,35,15,42,40,6,43,31,17,18
2989,0,1,36,37,3,38,39,5,9,10,41,35,15,42,40,6,43,31,17,18
2990,0,1,36,37,3,38,39,5,9,10,41,35,15,42,40,6,43,31,17,18
2991,0,1,36,37,3,38,39,5,9,10,41,35,15,42,40,6,43,31,17,18
2992,0,1,36,37,3,38,39,5,9,10,41,35,15,42,40,6,43,31,17,18
2993,0,1,36,37,3,38,39,5,9,10,41,35,15,42,40,6,43,31,17,18
2994,0,1,36,37,3,38,39,5,9,10,41,35,15,42,40,6,43,31,17,18
2995,0,1,36,37,3,38,39,5,9,10,41,35,15,42,40,6,43,31,17,18
2996,0,1,36,37,3,38,39,5,9,10,41,35,15,42,40,6,43,31,17,18
2997,0,1,36,37,3,38,39,5,9,10,41,35,15,42,40,6,43,31,17,18
2998,0,1,36,37,3,38,39,5,9,10,41,35,15,42,40,6,43,31,17,18
2999,0,1,36,37,3,38,39,5,9,10,41,35,15,42,40,6,43,31,17,18
3000,0,1,36,37,3,38,39,5,9,10,41,35,15,42,40,6,43,31,17,18
3001,0,1,36,37,3,38,39,5,9,10,41,15,42,35,40,6,43,31,17,18
3002,0,1,36,37,3,38,39,5,9,10,41,15,42,35,40,6,43,31,17,18
3003,0,1,36,37,3,38,39,5,9,10,41,15,42,35,40,6,43,31,17,18
3004,0,1,36,37,3,38,39,5,9,10,41,15,42,35,40,6,43,31,17,18
3005,0,1,36,37,3,38,39,5,9,10,41,15,42,40,35,6,43,31,17,18
3006,0,1,36,37,3,38,39,5,9,10,41,15,42,40,35,6,43,31,17,18
3007,0,1,36,37,3,38,39,5,9,10,41,15,42,40,35,6,43,31,17,18
3008,0,1,36,37,3,38,39,5,9,10,41,15,42,40,35,6,43,31,17,18
3009,0,1,36,37,3,38,39,5,9,10,41,15,42,40,35,6,43,31,17,18
3010,0,1,36,37,3,38,39,5,9,10,41,15,42,40,35,6,43,31,17,18
3011,0,1,36,37,3,38,39,5,9,10,41,15,42,40,35,6,43,31,17,18
3012,0,1,36,37,3,38,39,5,9,10,41,15,42,40,35,6,43,31,17,18
3013,0,1,36,37,3,38,39,5,9,10,41,15,42,40,35,6,43,31,17,18
3014,0,1,36,37,3,38,39,5,9,10,41,15,42,40,35,6,43,31,17,18
3015,0,1,36,37,3,38,39,5,9,10,41,15,42,40,35,6,43,31,17,18
3016,0,1,36,37,3,38,39,5,9,10,41,15,42,40,35,6,43,31,17,18
3017,0,1,36,37,3,38,39,5,9,10,41,15,42,40,35,6,43,31,17,18
3018,0,1,36,37,3,38,39,5,9,10,41,15,42,40,35,6,43,31,17,18
3019,0,1,36,37,3,38,39,5,9,10,41,15,42,40,35,6,43,31,17,18
3020,0,1,36,37,3,38,39,5,9,10,41,15,42,40,35,6,43,31,17,18
3021,0,1,36,37,3,38,39,5,9,10,41,15,42,40,35,6,43,31,17,18
3022,0,1,36,37,3,38,39,5,9,10,41,15,42,40,35,6,43,31,17,18
3023,0,1,36,37,3,38,39,5,9,10,41,15,42,40,35,6,43,31,17,18
3024,0,1,36,37,3,38,39,5,9,10,41,15,42,40,35,6,43,31,17,18
3025,0,1,36,37,3,38,39,5,9,10,41,15,42,40,35,6,43,31,17,18
3026,0,1,36,37,3,38,39,5,9,10,41,15,42,40,35,6,43,31,17,18
3027,0,1,36,37,3,38,39,5,9,10,41,15,42,40,35,6,43,31,17,18
3028,0,1,36,37,3,38,39,5,9,10,41,15,42,40,35,6,43,31,17,18
3029,0,1,36,37,3,38,39,5,9,10,41,15,42,40,35,6,43,31,17,18
3030,0,1,36,37,3,38,39,5,9,10,41,15,42,40,35,6,43,31,17,18
3031,0,1,36,37,3,38,39,5,9,10,41,15,42,40,35,6,43,31,17,18
3032,0,1,36,37,3,38,39,5,9,10,41,15,42,40,35,6,43,31,17,18
3033,0,1,36,37,3,38,39,5,9,10,41,15,42,40,35,6,43,31,17,18
3034,0,1,36,37,3,38,39,5,9,10,41,15,42,40,35,6,43,31,17,18
3035,0,1,36,37,3,38,39,5,9,10,41,15,42,40,35,6,43,31,17,18
3036,0,1,36,37,3,38,39,5,9,10,41,15,42,40,35,6,43,31,17,18
3037,0,1,36,37,3,38,39,5,9,10,41,15,42,40,35,6,43,31,17,18
3038,0,1,36,37,3,38,39,5,9,10,41,15,42,40,35,6,43,31,17,18
3039,0,1,36,37,3,38,39,5,9,10,41,15,42,40,35,6,43,31,17,18
3040,0,1,36,37,3,38,39,5,9,10,41,15,42,40,35,6,43,31,17,18
3041,0,1,36,37,3,38,39,5,9,10,41,15,42,40,35,6,43,31,17,18
3042,0,1,36,37,3,38,39,5,9,10,41,15,42,40,35,6,43,31,17,18
3043,0,1,36,37,3,38,39,5,9,10,41,15,42,40,35,6,43,31,17,18
3044,0,1,36,37,3,38,39,5,9,10,41,15,42,40,35,6,43,31,17,18
3045,0,1,36,37,3,38,39,5,9,10,41,15,42,40,35,6,43,31,17,18
3046,0,1,36,37,3,38,39,5,9,10,41,15,42,40,35,6,43,31,17,18
3047,0,1,36,37,3,38,39,5,9,10,41,15,42,40,35,6,43,31,17,18
3048,0,1,36,37,3,38,39,5,9,10,41,15,42,40,35,6,43,31,17,18
3049,0,1,36,37,3,38,39,5,9,10,41,15,42,40,35,6,43,31,17,18
3050,0,1,36,37,3,38,39,5,9,10,41,15,42,40,35,6,43,31,17,18
3051,0,1,36,37,3,38,39,5,9,10,41,15,42,40,35,6,43,31,17,18
3052,0,1,36,37,3,38,39,5,9,10,41,15,42,40,35,6,43,31,17,18
3053,0,1,36,37,3,38,39,5,9,10,41,15,42,40,35,6,43,31,17,18
3054,0,1,36,37,3,38,39,5,9,10,41,15,42,40,35,6,43,31,17,18
3055,0,1,36,37,3,38,39,5,9,10,41,15,42,40,35,6,43,31,17,18
3056,0,1,36,37,3,38,39,5,9,10,41,15,42,40,35,6,43,31,17,18
3057,0,1,36,37,3,38,39,5,9,10,41,15,42,40,35,6,43,31,17,18
3058,0,1,36,37,3,38,39,5,9,10,41,15,42,40,35,6,43,31,17,18
3059,0,1,36,37,3,38,39,5,9,10,41,15,42,40,35,6,43,31,17,18
3060,0,1,36,37,3,38,39,5,9,10,41,15,42,40,35,6,43,31,17,18
3061,0,1,36,37,3,38,39,5,9,10,41,15,42,40,35,6,43,31,17,18
3062,0,1,36,37,3,38,39,5,9,10,41,15,42,40,35,6,43,31,17,18
3063,0,1,36,37,3,38,39,5,9,10,41,15,42,40,35,6,43,31,17,18
3064,0,1,36,37,3,38,39,5,9,10,41,15,42,40,35,6,43,31,17,18
3065,0,1,36,37,3,38,39,5,9,10,41,15,42,40,35,6,43,31,17,18
3066,0,1,36,37,3,38,39,5,9,10,41,15,42,40,35,6,43,31,17,18
3067,0,1,36,37,3,38,39,5,9,10,41,15,42,40,35,6,43,31,17,18
3068,0,1,36,37,3,38,39,5,9,10,41,15,42,40,35,6,43,31,17,18
3069,0,1,36,37,3,38,39,5,9,10,41,15,42,40,35,6,43,31,17,18
3070,0,1,36,37,3,38,39,5,9,10,41,15,42,40,35,6,43,31,17,18
3071,0,1,36,37,3,38,39,5,9,10,41,15,42,40,35,6,43,31,17,18
3072,0,1,36,37,3,38,39,5,9,10,41,15,42,40,35,6,43,31,17,18
3073,0,1,36,37,3,38,39,5,9,10,41,15,42,40,35,6,43,31,17,18
3074,0,1,36,37,3,38,39,5,9,10,41,15,42,40,35,6,43,31,17,18
3075,0,1,36,37,3,38,39,5,9,10,41,15,42,40,35,6,43,31,17,18
3076,0,1,36,37,3,38,39,5,9,10,41,15,42,6,40,35,43,31,17,18
3077,0,1,36,37,3,38,39,5,9,10,41,6,15,42,40,35,43,31,17,18
3078,0,1,36,37,3,38,39,5,9,10,41,6,15,42,40,35,43,31,17,18
3079,0,1,36,37,3,38,39,5,9,10,41,6,15,42,40,35,43,31,17,18
3080,0,1,3,36,37,5,38,39,6,9,10,41,15,42,40,35,43,31,17,18
3081,0,1,3,36,37,5,38,39,6,9,10,41,15,42,40,35,43,31,17,18
3082,0,1,3,36,37,5,38,39,6,9,10,41,15,42,40,35,43,31,17,18
3083,0,1,3,36,37,5,38,39,6,9,10,41,15,42,40,35,43,31,17,18
3084,0,1,3,36,37,5,38,39,6,9,10,41,15,42,40,35,43,31,17,18
3085,0,1,3,36,37,5,38,39,6,9,10,41,15,42,40,35,43,31,17,18
3086,0,1,3,36,37,5,38,39,6,9,10,41,15,42,40,35,43,31,17,18
3087,0,1,3,36,37,5,38,39,6,9,10,41,15,42,40,35,43,31,17,18
3088,0,1,3,36,37,5,38,39,6,9,10,41,15,42,40,35,43,31,17,18
3089,0,1,3,36,37,5,38,39,6,9,10,41,15,42,40,35,43,31,17,18
3090,0,1,3,36,37,5,38,39,6,9,10,41,15,42,40,35,43,31,17,18
3091,0,1,3,36,37,5,38,39,6,9,10,41,15,42,40,35,43,31,17,18
3092,0,1,3,36,37,5,38,39,6,9,10,41,15,42,40,35,43,31,17,18
3093,0,1,3,36,37,5,38,39,6,9,10,41,15,42,40,35,43,31,17,18
3094,0,1,3,36,37,5,38,39,6,9,10,41,15,42,40,35,43,31,17,18
3095,0,1,3,36,37,5,38,39,6,9,10,41,15,42,40,35,43,31,17,18
3096,0,1,3,36,37,5,38,39,6,9,10,41,15,42,40,35,43,31,17,18
3097,0,1,3,36,37,5,38,39,6,9,10,41,15,42,40,35,43,31,17,18
3098,0,1,3,36,37,5,38,39,6,9,10,41,15,42,40,35,43,31,17,18
3099,0,1,3,36,37,5,38,39,6,9,10,41,15,42,40,35,43,31,17,18
3100,0,1,3,36,37,5,38,39,6,9,10,41,15,42,40,35,43,31,17,18
3101,0,1,3,36,37,5,38,39,6,9,10,41,15,42,40,35,43,31,17,18
3102,0,1,3,36,37,5,38,39,6,9,10,41,15,42,40,35,43,31,17,18
3103,0,1,3,36,37,5,38,39,6,9,10,41,15,42,40,35,43,31,17,18
3104,0,1,3,36,37,5,38,39,6,9,10,41,15,42,40,35,43,31,17,18
3105,0,1,3,36,37,5,38,39,6,9,10,41,15,42,40,35,43,31,17,18
3106,0,1,3,36,37,5,38,39,6,9,10,41,15,42,40,35,43,31,17,18
3107,0,1,3,36,37,5,38,39,6,9,10,41,15,42,40,35,43,31,17,18
3108,0,1,3,36,37,5,38,39,6,9,10,41,15,42,40,35,43,31,17,18
3109,0,1,3,36,37,5,38,39,6,9,10,41,15,42,40,35,43,31,17,18
3110,0,1,3,36,37,5,38,39,6,9,10,41,15,42,40,35,43,31,17,18
3111,0,1,3,36,37,5,38,39,6,9,10,41,15,42,40,35,43,31,17,18
3112,0,1,3,36,37,5,38,39,6,9,10,41,15,42,40,35,43,31,17,18
3113,0,1,3,36,37,5,38,39,6,9,10,41,15,42,40,35,43,31,17,44
3114,0,1,3,36,37,5,38,39,6,9,10,41,15,42,40,35,43,31,17,44
3115,0,1,3,36,37,5,38,39,6,9,10,41,15,42,40,35,43,31,44,17
3116,0,1,3,36,37,5,38,39,6,9,10,41,15,42,40,35,43,44,31,17
3117,0,1,3,36,37,5,38,39,6,9,10,41,15,42,40,35,43,44,31,17
3118,0,1,3,36,37,5,38,39,6,9,10,41,15,42,40,35,43,44,31,17
3119,0,1,3,36,37,5,38,39,6,9,10,41,15,42,40,43,35,44,31,17
3120,0,1,3,36,37,5,38,39,6,9,10,41,15,42,40,43,35,44,31,17
3121,0,1,3,36,37,5,38,39,6,9,10,41,15,42,40,43,35,44,31,17
3122,0,1,3,36,37,5,38,39,6,9,10,41,15,42,40,43,35,44,31,17
3123,0,1,3,36,37,5,38,39,6,9,10,41,15,42,40,43,35,44,31,17
3124,0,1,3,36,37,5,38,39,6,9,10,41,15,42,40,43,35,44,31,17
3125,0,1,3,36,37,5,38,39,6,9,10,41,15,42,40,43,35,44,31,17
3126,0,1,3,36,37,5,38,39,6,9,10,41,15,42,40,43,35,44,31,17
3127,0,1,3,36,37,5,38,39,6,9,10,41,15,42,40,43,35,44,31,17
3128,0,1,3,36,37,5,38,39,6,9,10,41,15,42,40,43,35,44,31,17
3129,0,1,3,36,37,5,38,39,6,9,10,41,15,42,40,43,35,44,31,17
3130,0,1,3,36,37,5,38,39,6,9,10,41,15,42,40,43,35,44,31,17
3131,0,1,3,36,37,5,38,39,6,9,10,41,15,42,40,43,35,44,31,17
3132,0,1,3,36,37,5,38,39,6,9,10,41,15,42,40,43,35,44,31,17
3133,0,1,3,36,37,5,38,39,6,9,10,41,15,42,40,43,35,44,31,17
3134,0,1,3,36,37,5,38,39,6,9,10,41,15,42,40,43,35,44,31,17
3135,0,1,3,36,37,5,38,39,6,9,10,41,15,42,40,43,35,44,31,17
3136,0,1,3,36,37,5,38,39,6,9,10,41,15,42,40,43,35,44,31,17
3137,0,1,3,36,37,5,38,39,6,9,10,41,15,42,40,43,35,44,31,17
3138,0,1,3,36,37,5,38,39,6,9,10,41,15,42,40,43,35,44,31,17
3139,0,1,3,36,37,5,38,39,6,9,10,41,15,42,40,43,35,44,31,17
3140,0,1,3,36,37,5,38,39,6,9,10,41,15,42,40,43,35,44,31,17
3141,0,1,3,36,37,5,38,39,6,9,10,41,15,42,40,43,35,44,31,17
3142,0,1,3,36,37,5,38,39,6,9,10,41,15,42,40,43,35,44,31,17
3143,0,1,3,36,37,5,38,39,6,9,10,41,15,42,40,43,35,44,31,17
3144,0,1,3,36,37,5,38,39,6,9,10,41,15,42,40,43,35,44,31,17
3145,0,1,3,36,37,5,38,39,6,9,10,41,15,42,40,43,35,44,31,17
3146,0,1,3,36,37,5,38,39,6,9,10,41,15,42,40,43,35,44,31,17
3147,0,1,3,36,37,5,38,39,6,9,10,41,15,42,40,43,35,44,31,17
3148,0,1,3,36,37,5,38,39,6,9,10,41,15,42,40,43,35,44,31,17
3149,0,1,3,36,37,5,38,39,6,9,10,41,15,42,40,43,35,44,31,17
3150,0,1,3,36,37,5,38,39,6,9,10,41,15,42,40,43,35,44,31,17
3151,0,1,3,36,37,5,38,39,6,9,10,41,15,42,40,43,35,44,31,17
3152,0,1,3,36,37,5,38,39,6,9,10,41,15,42,40,43,35,44,31,17
3153,0,1,3,36,37,5,38,39,6,9,10,41,15,42,40,43,35,44,31,17
3154,0,1,3,36,37,5,38,39,6,9,10,41,15,42,40,43,35,44,31,17
3155,0,1,3,36,37,5,38,39,6,9,10,41,15,42,40,43,31,35,44,17
3156,0,1,3,36,37,5,38,39,6,9,10,41,15,42,40,43,31,35,44,17
3157,0,1,3,36,37,5,38,39,6,9,10,41,15,42,40,43,31,35,44,17
3158,0,1,3,36,37,5,38,39,6,9,10,41,15,42,40,43,31,35,44,17
3159,0,1,3,36,37,5,38,39,6,9,10,41,15,42,40,43,31,35,44,17
3160,0,1,3,36,37,5,38,39,6,9,10,41,15,42,40,43,31,35,44,17
3161,0,1,3,36,37,5,38,39,6,9,10,41,15,42,40,43,44,31,17,35
3162,0,1,3,36,37,5,38,39,6,9,10,41,15,42,40,43,44,31,17,35
3163,0,1,3,36,37,5,38,39,6,9,10,41,15,42,40,43,44,31,17,18
3164,0,1,3,36,37,5,38,39,6,9,10,41,15,42,40,43,44,31,17,18
3165,0,1,3,36,37,5,38,39,6,9,10,41,15,42,40,43,44,31,17,18
3166,0,1,3,36,37,5,38,39,6,9,10,41,15,42,40,43,44,31,17,18
3167,0,1,3,36,37,5,38,39,6,9,10,41,15,42,40,43,44,31,17,18
3168,0,1,3,36,37,5,38,39,6,9,10,41,15,42,40,43,44,31,17,35
3169,0,1,3,36,37,5,38,39,6,9,10,41,15,42,40,43,44,31,17,35
3170,0,1,3,36,37,5,38,39,6,9,10,41,15,42,40,43,31,35,44,17
3171,0,1,3,36,37,5,38,39,6,9,10,41,15,42,40,43,31,35,44,17
3172,0,1,3,36,37,5,38,39,6,9,10,41,15,42,40,43,31,35,44,17
3173,0,1,3,36,37,5,38,39,6,9,10,41,15,42,40,43,31,35,44,17
3174,0,1,3,36,37,5,38,39,6,9,10,41,15,42,40,43,31,35,44,17
3175,0,1,3,36,37,5,38,39,6,9,10,41,15,42,40,43,31,35,44,17
3176,0,1,3,36,37,5,38,39,6,9,10,41,15,42,40,43,44,31,17,35
3177,0,1,3,36,37,5,38,39,6,9,10,41,15,42,40,43,44,31,17,35
3178,0,1,3,36,37,5,38,39,6,9,10,41,15,42,40,43,44,31,17,18
3179,0,1,3,36,37,5,38,39,6,9,10,41,15,42,40,43,44,31,17,18
3180,0,1,3,36,37,5,38,39,6,9,10,41,15,42,40,43,44,31,17,18
3181,0,1,3,36,37,5,38,39,6,9,10,41,15,42,40,43,44,31,17,18
3182,0,1,3,36,37,5,38,39,6,9,10,41,15,42,40,43,44,31,17,18
3183,0,1,3,36,37,5,38,39,6,9,10,41,15,42,40,43,44,31,17,35
3184,0,1,3,36,37,5,38,39,6,9,10,41,15,42,40,43,44,31,17,35
3185,0,1,3,36,37,5,38,39,6,9,10,41,15,42,40,43,31,35,44,17
3186,0,1,3,36,37,5,38,39,6,9,10,41,15,42,40,43,31,35,44,17
3187,0,1,3,36,37,5,38,39,6,9,10,41,15,42,40,31,43,35,44,17
3188,0,1,3,36,37,5,38,39,6,9,10,41,15,42,40,31,43,35,44,17
3189,0,1,3,36,37,5,38,39,6,9,10,41,15,42,40,31,43,35,44,17
3190,0,1,3,36,37,5,38,39,6,9,10,41,15,42,40,31,43,35,44,17
3191,0,1,3,36,37,5,38,39,6,9,10,41,15,42,40,31,43,35,44,17
3192,0,1,3,36,37,5,38,39,6,9,10,41,15,42,40,31,43,35,44,17
3193,0,1,3,36,37,5,38,39,6,9,10,41,15,42,40,31,43,35,44,17
3194,0,1,3,36,37,5,38,39,6,9,10,41,15,42,40,31,43,35,44,17
3195,0,1,3,36,37,5,38,39,6,9,10,41,15,42,40,31,43,35,44,17
3196,0,1,3,36,37,5,38,39,6,9,10,41,15,42,40,31,43,35,44,17
3197,0,1,3,36,37,5,38,39,6,9,10,41,15,42,40,31,43,35,44,17
3198,0,1,3,36,37,5,38,39,6,9,10,41,15,42,40,31,43,35,44,17
3199,0,1,3,36,37,5,38,39,6,9,10,41,15,42,40,31,43,35,44,17
3200,0,1,3,36,37,5,38,39,6,9,10,41,15,42,40,31,43,35,44,17
3201,0,1,3,36,37,5,38,39,6,9,10,41,15,42,40,31,44,35,17,43
3202,0,1,3,36,37,5,38,39,6,9,10,41,15,42,40,31,44,35,17,43
3203,0,1,3,36,37,5,38,39,6,9,10,41,15,42,40,31,44,35,17,33
3204,0,1,3,36,37,5,38,39,6,9,10,41,15,42,40,31,44,35,17,33
3205,0,1,3,36,37,5,38,39,6,9,10,41,15,42,40,31,44,17,33,35
3206,0,1,3,36,37,5,38,39,6,9,10,41,15,42,40,31,44,17,33,35
3207,0,1,3,36,37,5,38,39,6,9,10,41,15,42,40,31,44,17,33,35
3208,0,1,3,36,37,5,38,39,6,9,10,41,15,42,40,31,44,17,33,35
3209,0,1,3,36,37,5,38,39,6,9,10,41,15,42,40,31,44,17,33,35
3210,0,1,3,36,37,5,38,39,6,9,10,41,15,42,40,31,44,17,33,35
3211,0,1,3,36,37,5,38,39,6,9,10,41,15,42,40,31,44,17,33,35
3212,0,1,3,36,37,5,38,39,6,9,10,41,15,42,40,31,44,17,33,35
3213,0,1,3,36,37,5,38,39,6,9,10,41,15,42,40,31,44,17,33,35
3214,0,1,3,36,37,5,38,39,6,9,10,41,15,42,40,31,44,17,33,35
3215,0,1,3,36,37,5,38,39,6,9,10,41,15,42,40,31,44,17,33,35
3216,0,1,3,36,37,5,38,39,6,9,10,41,15,42,40,44,31,17,33,35
3217,0,1,3,36,37,5,38,39,6,9,10,41,15,42,40,44,31,17,33,35
3218,0,1,3,36,37,5,38,39,6,9,10,41,15,42,40,44,31,17,33,35
3219,0,1,3,36,37,5,38,39,6,9,10,41,15,42,40,44,31,17,33,35
3220,0,1,3,36,37,5,38,39,6,9,10,41,15,42,40,44,31,17,33,35
3221,0,1,3,36,37,5,38,39,6,9,10,41,15,42,40,44,31,17,33,35
3222,0,1,3,36,37,5,38,39,6,9,10,41,15,42,40,44,31,17,33,35
3223,0,1,3,36,37,5,38,39,6,9,10,41,15,42,40,44,31,17,33,35
3224,0,1,3,36,37,5,38,39,6,9,10,41,15,42,40,44,31,17,33,35
3225,0,1,3,36,37,5,38,39,6,9,10,41,15,42,40,44,31,17,33,35
3226,0,1,3,36,37,5,38,39,6,9,10,41,15,42,40,44,31,17,35,33
3227,0,1,3,36,37,5,38,39,6,9,10,41,15,42,40,44,31,17,35,33
3228,0,1,3,36,37,5,38,39,6,9,10,41,15,42,40,44,31,17,35,18
3229,0,1,3,36,37,5,38,39,6,9,10,41,15,42,40,44,31,17,35,18
3230,0,1,3,36,37,5,38,39,6,9,10,41,15,42,40,31,44,17,18,35
3231,0,1,3,36,37,5,38,39,6,9,10,41,15,42,40,31,44,17,18,35
3232,0,1,3,36,37,5,38,39,6,9,10,41,15,42,40,31,44,17,18,35
3233,0,1,3,36,37,5,38,39,6,9,10,41,15,42,40,31,44,17,18,35
3234,0,1,3,36,37,5,38,39,6,9,10,41,15,42,40,31,44,17,18,35
3235,0,1,3,36,37,5,38,39,6,9,10,41,15,42,40,31,44,17,18,35
3236,0,1,3,36,37,5,38,39,6,9,10,41,15,42,40,31,44,17,18,35
3237,0,1,3,36,37,5,38,39,6,9,10,41,15,42,40,31,44,17,18,35
3238,0,1,3,36,37,5,38,39,6,9,10,41,15,42,40,31,44,17,18,35
3239,0,1,3,36,37,5,38,39,6,9,10,41,15,42,40,31,44,17,18,35
3240,0,1,3,36,37,5,38,39,6,9,10,41,15,42,40,31,44,17,18,35
3241,0,1,3,36,37,5,38,39,6,9,10,41,15,42,40,31,44,17,18,35
3242,0,1,3,36,37,5,38,39,6,9,10,41,15,42,40,31,44,17,18,35
3243,0,1,3,36,37,5,38,39,6,9,10,41,15,42,40,31,44,17,18,35
3244,0,1,3,36,37,5,38,39,6,9,10,41,15,42,40,31,44,17,18,35
3245,0,1,3,36,37,5,38,39,6,9,10,41,15,42,40,31,44,17,18,35
3246,0,1,3,36,37,5,38,39,6,9,10,41,15,42,40,31,44,17,18,35
3247,0,1,3,36,37,5,38,39,6,9,10,41,15,42,40,31,44,17,18,35
3248,0,1,3,36,37,5,38,39,6,9,10,41,15,42,40,31,44,17,18,35
3249,0,1,3,36,37,5,38,39,6,9,10,41,15,42,40,31,44,17,18,35
3250,0,1,3,36,37,5,38,39,6,9,10,41,15,42,40,31,44,17,18,35
3251,0,1,3,36,37,5,38,39,6,9,10,41,15,42,40,31,44,17,18,35
3252,0,1,3,36,37,5,38,39,6,9,10,41,15,42,40,31,44,17,18,35
3253,0,1,3,36,37,5,38,39,6,9,10,41,15,42,40,31,44,17,18,4
3254,0,1,3,36,37,5,38,39,6,9,10,41,15,42,40,31,44,17,18,4
3255,0,1,3,36,37,5,38,39,6,9,10,41,15,42,40,31,44,17,18,4
3256,0,1,3,36,37,5,38,39,6,9,10,41,15,42,40,31,44,17,18,4
3257,0,1,3,36,37,5,38,39,6,9,10,41,15,42,40,31,44,17,18,4
3258,0,1,3,36,37,5,38,39,6,9,10,41,15,42,40,31,44,17,18,4
3259,0,1,3,36,37,5,38,39,6,9,10,41,15,42,40,31,44,17,18,4
3260,0,1,3,36,37,5,38,39,6,9,10,41,15,42,40,31,44,17,18,4
3261,0,1,3,36,37,5,38,39,6,9,10,41,15,42,40,31,44,17,18,4
3262,0,1,3,36,37,5,38,39,6,9,10,41,15,42,40,31,44,17,18,4
3263,0,1,3,36,37,5,38,39,6,9,10,41,15,42,40,31,44,17,18,4
3264,0,1,3,36,37,5,38,39,6,9,10,41,15,42,40,31,44,17,18,4
3265,0,1,3,36,37,5,38,39,6,9,10,41,15,42,40,31,44,17,18,4
3266,0,1,3,36,37,5,38,39,6,9,10,41,15,42,40,31,44,17,18,4
3267,0,1,3,36,37,5,38,39,6,9,10,41,15,42,40,31,44,17,18,4
3268,0,1,3,36,37,5,38,39,6,9,10,41,15,42,40,31,44,17,18,4
3269,0,1,3,36,37,5,38,39,6,9,10,41,15,42,40,31,44,17,18,4
3270,0,1,3,36,37,5,38,39,6,9,10,41,15,42,40,31,44,17,18,4
3271,0,1,3,36,37,5,38,39,6,9,10,41,15,42,40,31,44,17,18,4
3272,0,1,3,36,37,5,38,39,6,9,10,41,15,42,40,31,44,17,18,4
3273,0,1,3,36,37,5,38,39,6,9,10,41,15,42,40,31,44,17,18,4
3274,0,1,3,36,37,5,38,39,6,9,10,41,15,42,40,31,44,17,18,4
3275,0,1,3,36,37,5,38,39,6,9,10,41,15,42,40,31,44,17,18,4
3276,0,1,3,36,37,5,38,39,6,9,10,41,15,42,40,31,44,17,18,4
3277,0,1,3,36,37,5,38,39,6,9,10,41,15,42,40,31,44,17,18,4
3278,0,1,3,36,37,5,38,39,6,9,10,41,15,42,40,31,44,17,18,35
3279,0,1,3,36,37,5,38,39,6,9,10,41,15,42,40,31,44,17,18,35
3280,0,1,3,36,37,5,38,39,6,9,10,41,15,42,40,31,44,17,18,35
3281,0,1,3,36,37,5,38,39,6,9,10,41,15,42,40,31,44,17,18,35
3282,0,1,3,36,37,5,38,39,6,9,10,41,15,42,40,31,44,17,18,35
3283,0,1,3,36,37,5,38,39,6,9,10,41,15,42,40,31,44,17,18,35
3284,0,1,3,36,37,5,38,39,6,9,10,41,15,42,40,31,44,17,18,35
3285,0,1,3,36,37,5,38,39,6,9,10,41,15,42,40,31,44,17,18,35
3286,0,1,3,36,37,5,38,39,6,9,10,41,15,42,40,31,44,17,18,35
3287,0,1,3,36,37,5,38,39,6,9,10,41,15,42,40,31,44,17,18,35
3288,0,1,3,36,37,5,38,39,6,9,10,41,15,42,40,31,44,17,18,35
3289,0,1,3,36,37,5,38,39,6,9,10,41,15,42,40,31,44,17,18,35
3290,0,1,3,36,37,5,38,39,6,9,10,41,15,42,31,40,44,17,18,35
3291,0,1,3,36,37,5,38,39,6,9,10,41,15,42,31,40,44,17,18,35
3292,0,1,3,36,37,5,38,39,6,9,10,41,15,42,31,40,44,17,18,35
3293,0,1,3,36,37,5,38,39,6,9,10,41,15,42,31,40,44,17,18,35
3294,0,1,3,36,37,5,38,39,6,9,10,41,15,42,31,40,44,17,18,35
3295,0,1,3,36,37,5,38,39,6,9,10,41,15,42,31,40,44,17,18,35
3296,0,1,3,36,37,5,38,39,6,9,10,41,15,42,40,31,44,17,18,35
3297,0,1,3,36,37,5,38,39,6,9,10,41,15,42,40,31,44,17,18,35
3298,0,1,3,36,37,5,38,39,6,9,10,41,15,42,40,31,44,17,18,35
3299,0,1,3,36,37,5,38,39,6,9,10,41,15,42,40,31,44,17,18,35
3300,0,1,3,36,37,5,38,39,6,9,10,41,15,42,40,31,44,17,18,35
3301,0,1,3,36,37,5,38,39,6,9,10,41,15,42,40,31,44,35,17,18
3302,0,1,3,36,37,5,38,39,6,9,10,41,15,42,40,31,44,35,17,18
3303,0,1,3,36,37,5,38,39,6,9,10,41,15,42,40,31,44,35,17,43
3304,0,1,3,36,37,5,38,39,6,9,10,41,15,42,40,31,44,35,17,43
3305,0,1,3,36,37,5,38,39,6,9,10,41,15,42,31,40,43,35,44,17
3306,0,1,3,36,37,5,38,39,6,9,10,41,15,42,31,40,43,35,44,17
3307,0,1,3,36,37,5,38,39,6,9,10,41,15,42,31,40,43,35,44,17
3308,0,1,3,36,37,5,38,39,6,9,10,41,15,42,31,40,43,35,44,17
3309,0,1,3,36,37,5,38,39,6,9,10,41,15,42,31,40,43,35,44,17
3310,0,1,3,36,37,5,38,39,6,9,10,41,15,31,42,40,43,35,44,17
3311,0,1,3,36,37,5,38,39,6,9,10,41,15,31,42,40,43,35,44,17
3312,0,1,3,36,37,5,38,39,6,9,10,41,15,31,42,40,43,35,44,17
3313,0,1,3,36,37,5,38,39,6,9,10,41,15,31,42,40,43,35,44,17
3314,0,1,3,36,37,5,38,39,6,9,10,41,15,31,42,40,43,35,44,17
3315,0,1,3,36,37,5,38,39,6,9,10,41,15,31,42,40,43,35,44,17
3316,0,1,3,36,37,5,38,39,6,9,10,41,15,31,42,40,43,35,44,17
3317,0,1,3,36,37,5,38,39,6,9,10,41,15,31,42,40,43,35,44,17
3318,0,1,3,36,37,5,38,39,6,9,10,41,15,31,42,40,43,35,44,17
3319,0,1,3,36,37,5,38,39,6,9,10,41,15,31,42,40,43,35,44,17
3320,0,1,3,36,37,5,38,39,6,9,10,41,15,31,42,40,43,35,44,17
3321,0,1,3,36,37,5,38,39,6,9,10,41,15,31,42,40,43,35,44,17
3322,0,1,3,36,37,5,38,39,6,9,10,41,15,31,42,40,43,35,44,17
3323,0,1,3,36,37,5,38,39,6,9,10,41,15,31,42,40,43,35,44,17
3324,0,1,3,36,37,5,38,39,6,9,10,41,15,31,42,40,43,35,44,17
3325,0,1,3,36,37,5,38,39,6,9,10,41,15,31,42,40,43,35,44,17
3326,0,1,3,36,37,5,38,39,6,9,10,41,15,31,42,40,43,35,44,17
3327,0,1,3,36,37,5,38,39,6,9,10,41,15,31,42,40,43,35,44,17
3328,0,1,3,36,37,5,38,39,6,9,10,41,15,31,42,40,43,35,44,17
3329,0,1,3,36,37,5,38,39,6,9,10,41,15,31,42,40,43,35,44,17
3330,0,1,3,36,37,5,38,39,6,9,10,41,15,31,42,40,43,35,44,17
3331,0,1,3,36,37,5,38,39,6,9,10,41,31,15,42,40,43,35,44,17
3332,0,1,3,36,37,5,38,39,6,9,10,41,31,15,42,40,43,35,44,17
3333,0,1,3,36,37,5,38,39,6,9,10,41,31,15,42,40,43,35,44,17
3334,0,1,3,36,37,5,38,39,6,9,10,41,31,15,42,40,43,35,44,17
3335,0,1,3,36,37,5,38,39,6,9,10,41,31,15,42,40,43,35,44,17
3336,0,1,3,36,37,5,38,39,6,9,10,41,31,15,42,40,43,35,44,17
3337,0,1,3,36,37,5,38,39,6,9,10,41,31,15,42,40,43,35,44,17
3338,0,1,3,36,37,5,38,39,6,9,10,41,31,15,42,40,43,35,44,17
3339,0,1,3,36,37,5,38,39,6,9,10,41,31,15,42,40,43,35,44,17
3340,0,1,3,36,37,5,38,39,6,9,10,41,31,15,42,40,43,35,44,17
3341,0,1,3,36,37,5,38,39,6,9,10,41,31,15,42,40,43,35,44,17
3342,0,1,3,36,37,5,38,39,6,9,10,41,31,15,42,40,43,35,44,17
3343,0,1,3,36,37,5,38,39,6,9,10,41,31,15,42,40,43,35,44,17
3344,0,1,3,36,37,5,38,39,6,9,10,41,31,15,42,40,43,35,44,17
3345,0,1,3,36,37,5,38,39,6,9,10,41,31,15,42,40,43,35,44,17
3346,0,1,3,36,37,5,38,39,6,9,10,41,31,15,42,40,43,44,17,35
3347,0,1,3,36,37,5,38,39,6,9,10,41,31,15,42,40,43,44,17,35
3348,0,1,3,36,37,5,38,39,6,9,10,41,31,15,42,40,43,44,17,18
3349,0,1,3,36,37,5,38,39,6,9,10,41,31,15,42,40,43,44,17,18
3350,0,1,3,36,37,5,38,39,6,9,10,41,15,31,42,40,43,44,17,18
3351,0,1,3,36,37,5,38,39,6,9,10,41,15,42,31,40,44,17,18,43
3352,0,1,3,36,37,5,38,39,6,9,10,41,15,42,31,40,44,17,18,43
3353,0,1,3,36,37,5,38,39,6,9,10,41,15,42,31,40,44,17,18,4
3354,0,1,3,36,37,5,38,39,6,9,10,41,15,42,31,40,44,17,18,4
3355,0,1,3,36,37,5,38,39,6,9,10,41,15,42,31,40,44,17,18,4
3356,0,1,3,36,37,5,38,39,6,9,10,41,15,42,31,40,44,17,18,4
3357,0,1,3,36,37,5,38,39,6,9,10,41,15,42,31,40,44,17,18,4
3358,0,1,3,36,37,5,38,39,6,9,10,41,15,42,31,40,44,17,18,4
3359,0,1,3,36,37,5,38,39,6,9,10,41,15,42,31,40,44,17,18,4
3360,0,1,3,36,37,5,38,39,6,9,10,41,15,42,31,40,44,17,18,4
3361,0,1,3,36,37,5,38,39,6,9,10,41,15,42,40,31,44,17,18,4
3362,0,1,3,36,37,5,38,39,6,9,10,41,15,42,40,31,44,17,18,4
3363,0,1,3,36,37,5,38,39,6,9,10,41,15,42,40,31,44,17,18,4
3364,0,1,3,36,37,5,38,39,6,9,10,41,15,42,40,31,44,17,18,4
3365,0,1,3,36,37,5,38,39,6,9,10,41,15,42,40,31,44,17,18,4
3366,0,1,3,36,37,5,38,39,6,9,10,41,15,42,40,31,44,17,18,4
3367,0,1,3,36,37,5,38,39,6,9,10,41,15,42,40,31,44,17,18,4
3368,0,1,3,36,37,5,38,39,6,9,10,41,15,42,40,31,44,17,18,4
3369,0,1,3,36,37,5,38,39,6,9,10,41,15,42,40,31,44,17,18,4
3370,0,1,3,36,37,5,38,39,6,9,10,41,15,42,40,31,44,17,18,4
3371,0,1,3,36,37,5,38,39,6,9,10,41,15,42,40,31,44,17,18,4
3372,0,1,3,36,37,5,38,39,6,9,10,41,15,42,40,31,44,17,18,4
3373,0,1,3,36,37,5,38,39,6,9,10,41,15,42,40,31,44,17,18,35
3374,0,1,3,36,37,5,38,39,6,9,10,41,15,42,40,31,44,17,18,35
3375,0,1,3,36,37,5,38,39,6,9,10,41,15,42,31,40,44,17,18,35
3376,0,1,3,36,37,5,38,39,6,9,10,41,15,42,31,40,44,17,18,35
3377,0,1,3,36,37,5,38,39,6,9,10,41,15,42,31,40,44,17,18,35
3378,0,1,3,36,37,5,38,39,6,9,10,41,15,42,31,40,44,17,18,35
3379,0,1,3,36,37,5,38,39,6,9,10,41,15,42,31,40,44,17,18,35
3380,0,1,3,36,37,5,38,39,6,9,10,41,15,42,31,40,44,17,18,35
3381,0,1,3,36,37,5,38,39,6,9,10,41,15,42,31,40,44,17,18,35
3382,0,1,3,36,37,5,38,39,6,9,10,41,15,42,31,40,44,17,18,35
3383,0,1,3,36,37,5,38,39,6,9,10,41,15,42,31,40,44,17,18,35
3384,0,1,3,36,37,5,38,39,6,9,10,41,15,42,31,40,44,17,18,35
3385,0,1,3,36,37,5,38,39,6,9,10,41,15,31,42,40,44,17,18,35
3386,0,1,3,36,37,5,38,39,6,9,10,41,15,42,31,40,44,17,18,35
3387,0,1,3,36,37,5,38,39,6,9,10,41,15,42,31,40,44,17,18,35
3388,0,1,3,36,37,5,38,39,6,9,10,41,15,42,31,40,44,17,18,4
3389,0,1,3,36,37,5,38,39,6,9,10,41,15,42,31,40,44,17,18,4
3390,0,1,3,36,37,5,38,39,6,9,10,41,15,42,31,40,44,17,18,4
3391,0,1,3,36,37,5,38,39,6,9,10,41,15,42,31,40,44,17,18,4
3392,0,1,3,36,37,5,38,39,6,9,10,41,15,42,31,40,44,17,18,4
3393,0,1,3,36,37,5,38,39,6,9,10,41,15,42,31,40,44,17,18,4
3394,0,1,3,36,37,5,38,39,6,9,10,41,15,42,31,40,44,17,18,4
3395,0,1,3,36,37,5,38,39,6,9,10,41,15,42,31,40,44,17,18,4
3396,0,1,3,36,37,5,38,39,6,9,10,41,15,42,31,40,44,17,18,4
3397,0,1,3,36,37,5,38,39,6,9,10,41,15,42,31,40,44,17,18,4
3398,0,1,3,36,37,5,38,39,6,9,10,41,15,42,31,40,44,17,18,4
3399,0,1,3,36,37,5,38,39,6,9,10,41,15,42,31,40,44,17,18,4
3400,0,1,3,36,37,5,38,39,6,9,10,41,15,42,31,40,44,17,18,4
3401,0,1,3,36,37,5,38,39,6,9,10,41,15,42,31,40,44,17,18,4
3402,0,1,3,36,37,5,38,39,6,9,10,41,15,42,31,40,44,17,18,4
3403,0,1,3,36,37,5,38,39,6,9,10,41,15,42,31,40,44,17,18,4
3404,0,1,3,36,37,5,38,39,6,9,10,41,15,42,31,40,44,17,18,4
3405,0,1,3,36,37,5,38,39,6,9,10,41,15,42,31,40,44,17,18,4
3406,0,1,3,36,37,5,38,39,6,9,10,41,15,42,31,40,44,17,18,4
3407,0,1,3,36,37,5,38,39,6,9,10,41,15,42,31,40,44,17,18,4
3408,0,1,3,36,37,5,38,39,6,9,10,41,15,42,31,40,44,17,18,35
3409,0,1,3,36,37,5,38,39,6,9,10,41,15,42,31,40,44,17,18,35
3410,0,1,3,36,37,5,38,39,6,9,10,41,15,31,42,40,44,17,18,35
3411,0,1,3,36,37,5,38,39,6,9,10,41,15,42,31,40,44,17,18,35
3412,0,1,3,36,37,5,38,39,6,9,10,41,15,42,31,40,44,17,18,35
3413,0,1,3,36,37,5,38,39,6,9,10,41,15,42,31,40,44,17,18,35
3414,0,1,3,36,37,5,38,39,6,9,10,41,15,42,31,40,44,17,18,35
3415,0,1,3,36,37,5,38,39,6,9,10,41,15,42,31,40,44,17,18,35
3416,0,1,3,36,37,5,38,39,6,9,10,41,15,42,31,40,44,17,18,35
3417,0,1,3,36,37,5,38,39,6,9,10,41,15,42,31,40,44,17,18,35
3418,0,1,3,36,37,5,38,39,6,9,10,41,15,42,31,40,44,17,18,35
3419,0,1,3,36,37,5,38,39,6,9,10,41,15,42,31,40,44,17,18,35
3420,0,1,3,36,37,5,38,39,6,9,10,41,15,31,42,40,44,17,18,35
3421,0,1,3,36,37,5,38,39,6,9,10,41,15,31,42,40,44,17,18,35
3422,0,1,3,36,37,5,38,39,6,9,10,41,15,31,42,40,44,17,18,35
3423,0,1,3,36,37,5,38,39,6,9,10,41,15,31,42,40,44,17,18,35
3424,0,1,3,36,37,5,38,39,6,9,10,41,15,31,42,40,44,17,18,35
3425,0,1,3,36,37,5,38,39,6,9,10,41,15,31,42,40,44,17,18,35
3426,0,1,3,36,37,5,38,39,6,9,10,41,15,31,42,40,44,17,18,35
3427,0,1,3,36,37,5,38,39,6,9,10,41,15,31,42,40,44,17,18,35
3428,0,1,3,36,37,5,38,39,6,9,10,41,15,31,42,40,44,17,18,35
3429,0,1,3,36,37,5,38,39,6,9,10,41,15,31,42,40,44,17,18,35
3430,0,1,3,36,37,5,38,39,6,9,10,41,15,31,42,40,44,17,18,35
3431,0,1,3,36,37,5,38,39,6,9,10,41,15,31,42,40,44,17,18,35
3432,0,1,3,36,37,5,38,39,6,9,10,41,15,31,42,40,44,17,18,35
3433,0,1,3,36,37,5,38,39,6,9,10,41,15,31,42,40,44,17,18,35
3434,0,1,3,36,37,5,38,39,6,9,10,41,15,31,42,40,44,17,18,35
3435,0,1,3,36,37,5,38,39,6,9,10,41,15,31,42,40,44,17,18,35
3436,0,1,3,36,37,5,38,39,6,9,10,41,31,15,42,40,44,17,18,35
3437,0,1,3,36,37,5,38,39,6,9,10,41,31,15,42,40,44,17,18,35
3438,0,1,3,36,37,5,38,39,6,9,10,41,31,15,42,40,44,17,18,35
3439,0,1,3,36,37,5,38,39,6,9,10,41,31,15,42,40,44,17,18,35
3440,0,1,3,36,37,5,38,39,6,9,10,41,31,15,42,40,44,17,18,35
3441,0,1,3,36,37,5,38,39,6,9,10,41,31,15,42,40,44,17,18,35
3442,0,1,3,36,37,5,38,39,6,9,10,41,31,15,42,40,44,17,18,35
3443,0,1,3,36,37,5,38,39,6,9,10,41,31,15,42,40,44,17,18,35
3444,0,1,3,36,37,5,38,39,6,9,10,41,31,15,42,40,44,17,18,35
3445,0,1,3,36,37,5,38,39,6,9,10,41,31,15,42,40,44,17,18,35
3446,0,1,3,36,37,5,38,39,6,9,10,41,31,15,42,40,44,17,18,35
3447,0,1,3,36,37,5,38,39,6,9,10,41,31,15,42,40,44,17,18,35
3448,0,1,3,36,37,5,38,39,6,9,10,41,31,15,42,40,44,17,18,35
3449,0,1,3,36,37,5,38,39,6,9,10,41,31,15,42,40,44,17,18,35
3450,0,1,3,36,37,5,38,39,6,9,10,41,31,15,42,40,44,17,18,35
3451,0,1,3,36,37,5,38,39,6,9,10,41,31,15,42,40,44,17,18,35
3452,0,1,3,36,37,5,38,39,6,9,10,41,31,15,42,40,44,17,18,35
3453,0,1,3,36,37,5,38,39,6,9,10,41,31,15,42,40,44,17,18,4
3454,0,1,3,36,37,5,38,39,6,9,10,41,31,15,42,40,44,17,18,4
3455,0,1,3,36,37,5,38,39,6,9,10,41,15,31,42,40,44,17,18,4
3456,0,1,3,36,37,5,38,39,6,9,10,41,15,31,42,40,44,17,18,4
3457,0,1,3,36,37,5,38,39,6,9,10,41,15,31,42,40,44,17,18,4
3458,0,1,3,36,37,5,38,39,6,9,10,41,15,31,42,40,44,17,18,4
3459,0,1,3,36,37,5,38,39,6,9,10,41,15,31,42,40,44,17,18,4
3460,0,1,3,36,37,5,38,39,6,9,10,41,15,31,42,40,44,17,18,4
3461,0,1,3,36,37,5,38,39,6,9,10,41,15,42,31,40,44,17,18,4
3462,0,1,3,36,37,5,38,39,6,9,10,41,15,42,31,40,44,17,18,4
3463,0,1,3,36,37,5,38,39,6,9,10,41,15,42,31,40,44,17,18,4
3464,0,1,3,36,37,5,38,39,6,9,10,41,15,42,31,40,44,17,18,4
3465,0,1,3,36,37,5,38,39,6,9,10,41,15,42,31,40,44,17,18,4
3466,0,1,3,36,37,5,38,39,6,9,10,41,15,42,31,40,44,17,18,4
3467,0,1,3,36,37,5,38,39,6,9,10,41,15,42,31,40,44,17,18,4
3468,0,1,3,36,37,5,38,39,6,9,10,41,15,42,31,40,44,17,18,4
3469,0,1,3,36,37,5,38,39,6,9,10,41,15,42,44,31,40,17,18,4
3470,0,1,3,36,37,5,38,39,6,9,10,41,15,42,44,31,40,17,18,4
3471,0,1,3,36,37,5,38,39,6,9,10,41,15,42,44,31,40,17,18,4
3472,0,1,3,36,37,5,38,39,6,9,10,41,15,42,44,31,40,17,18,4
3473,0,1,3,36,37,5,38,39,6,9,10,41,15,42,44,31,40,17,18,4
3474,0,1,3,36,37,5,38,39,6,9,10,41,15,42,44,31,40,17,18,4
3475,0,1,3,36,37,5,38,39,6,9,10,41,15,42,44,31,40,17,18,4
3476,0,1,3,36,37,5,38,39,6,9,10,41,15,42,44,31,40,17,18,4
3477,0,1,3,36,37,5,38,39,6,9,10,41,15,42,44,31,40,17,18,4
3478,0,1,3,36,37,5,38,39,6,9,10,41,15,42,44,31,40,17,18,4
3479,0,1,3,36,37,5,38,39,6,9,10,41,15,42,44,31,40,17,18,4
3480,0,1,3,36,37,5,38,39,6,9,10,41,15,42,44,31,40,17,18,4
3481,0,1,3,36,37,5,38,39,6,9,10,41,15,42,44,31,40,17,18,4
3482,0,1,3,36,37,5,38,39,6,9,10,41,15,42,44,31,40,17,18,4
3483,0,1,3,36,37,5,38,39,6,9,10,41,15,42,44,31,40,17,18,35
3484,0,1,3,36,37,5,38,39,6,9,10,41,15,42,44,31,40,17,18,35
3485,0,1,3,36,37,5,38,39,6,9,10,41,15,31,42,44,40,17,18,35
3486,0,1,36,37,3,38,39,5,9,10,41,6,15,31,42,44,40,17,18,35
3487,0,1,36,37,3,38,39,5,9,10,41,6,15,31,42,44,40,17,18,35
3488,0,1,36,37,3,38,39,5,9,10,41,15,31,42,44,6,40,17,18,35
3489,0,1,36,37,3,38,39,5,9,10,41,15,31,42,44,6,40,17,18,35
3490,0,1,36,37,3,38,39,5,9,10,41,15,31,42,44,40,6,17,18,35
3491,0,1,36,37,3,38,39,5,9,10,41,15,42,44,31,40,6,17,18,35
3492,0,1,36,37,3,38,39,5,9,10,41,15,42,44,31,40,6,17,18,35
3493,0,1,36,37,3,38,39,5,9,10,41,15,42,44,31,40,6,17,18,35
3494,0,1,36,37,3,38,39,5,9,10,41,15,42,44,31,40,6,17,18,35
3495,0,1,36,37,3,38,39,5,9,10,41,15,42,44,31,40,6,17,18,35
3496,0,1,36,37,3,38,39,5,9,10,41,15,42,44,31,40,6,17,18,35
3497,0,1,36,37,3,38,39,5,9,10,41,15,42,44,31,40,6,17,18,35
3498,0,1,36,37,3,38,39,5,9,10,41,15,42,44,31,40,6,17,18,35
3499,0,1,36,37,3,38,39,5,9,10,41,15,42,44,31,40,6,17,18,35
3500,0,1,36,37,3,38,39,5,9,10,41,15,42,44,31,40,6,17,18,35
3501,0,1,36,37,3,38,39,5,9,10,41,15,42,44,31,40,6,17,18,35
3502,0,1,36,37,3,38,39,5,9,10,41,15,42,44,31,40,6,17,18,35
3503,0,1,36,37,3,38,39,5,9,10,41,15,42,44,31,40,6,17,18,35
3504,0,1,36,37,3,38,39,5,9,10,41,15,42,44,31,40,6,17,18,35
3505,0,1,36,37,3,38,39,5,9,10,41,15,31,42,44,40,6,17,18,35
3506,0,1,36,37,3,38,39,5,9,10,41,15,31,42,44,40,6,17,18,35
3507,0,1,36,37,3,38,39,5,9,10,41,15,31,42,44,40,6,17,18,35
3508,0,1,36,37,3,38,39,5,9,10,41,15,31,42,44,40,6,17,18,35
3509,0,1,36,37,3,38,39,5,9,10,41,15,31,42,44,40,6,17,18,35
3510,0,1,36,37,3,38,39,5,9,10,41,15,31,42,44,40,6,17,18,35
3511,0,1,36,37,3,38,39,5,9,10,41,31,15,42,44,40,6,17,18,35
3512,0,1,36,37,38,39,3,5,9,10,41,31,15,42,44,40,6,17,18,35
3513,0,1,36,37,38,39,3,5,9,10,41,31,15,42,44,40,6,17,18,35
3514,0,1,36,37,38,39,3,5,9,10,41,31,15,42,44,40,6,17,18,35
3515,0,1,36,37,38,39,3,5,9,10,41,31,15,42,44,40,6,17,18,35
3516,0,1,36,37,38,39,3,5,9,10,41,31,15,42,44,40,6,17,18,35
3517,0,1,36,37,38,39,3,5,9,10,41,31,15,42,44,40,6,17,18,35
3518,0,1,36,37,38,39,3,5,9,10,41,31,15,42,44,40,6,17,18,35
3519,0,1,36,37,38,39,3,5,9,10,41,31,15,42,44,40,6,17,18,35
3520,0,1,36,37,38,39,3,5,9,10,31,41,15,42,44,40,6,17,18,35
3521,0,1,36,37,38,39,3,5,9,10,31,41,15,42,44,40,6,17,18,35
3522,0,1,36,37,38,39,3,5,9,10,31,41,15,42,44,40,6,17,18,35
3523,0,1,36,37,38,39,3,5,9,10,31,41,15,42,44,40,6,17,18,35
3524,0,1,36,37,38,39,3,5,9,10,31,41,15,42,44,40,6,17,18,35
3525,0,1,36,37,38,39,3,5,9,10,31,41,15,42,44,40,6,17,18,35
3526,0,1,36,37,38,39,3,5,9,10,31,41,15,42,44,40,6,17,18,35
3527,0,1,36,37,38,39,3,5,9,10,31,41,15,42,44,40,6,17,18,35
3528,0,1,36,37,38,39,3,5,9,10,31,41,15,42,44,40,6,17,18,35
3529,0,1,36,37,38,39,3,5,9,10,31,41,15,42,44,40,6,17,18,35
3530,0,1,36,37,38,39,3,5,9,10,31,41,15,42,44,40,6,17,18,35
3531,0,1,36,37,38,39,3,5,9,10,31,41,15,42,44,40,6,17,18,35
3532,0,1,36,37,38,39,3,5,9,10,31,41,15,42,44,40,6,17,18,35
3533,0,1,36,37,38,39,3,5,9,10,31,41,15,42,44,40,6,17,18,4
3534,0,1,36,37,38,39,3,5,9,10,31,41,15,42,44,40,6,17,18,4
3535,0,1,36,37,38,39,3,5,9,10,31,41,15,42,44,40,6,17,18,4
3536,0,1,36,37,38,39,3,5,9,10,31,41,15,42,44,40,6,17,18,4
3537,0,1,36,37,38,39,3,5,9,10,31,41,15,42,44,40,6,17,18,4
3538,0,1,36,37,38,39,3,5,9,10,31,41,15,42,44,40,6,17,18,4
3539,0,1,36,37,38,39,3,5,9,10,31,41,15,42,44,40,6,17,18,4
3540,0,1,36,37,38,39,3,5,9,10,31,41,15,42,44,40,6,17,18,4
3541,0,1,36,37,38,39,3,5,9,10,41,31,15,42,44,40,6,17,18,4
3542,0,1,36,37,38,39,3,5,9,10,41,31,15,42,44,40,6,17,18,4
3543,0,1,36,37,38,39,3,5,9,10,41,31,15,42,44,40,6,17,18,4
3544,0,1,36,37,38,39,3,5,9,10,41,31,15,42,44,40,6,17,18,4
3545,0,1,36,37,38,39,3,5,9,10,41,31,15,42,44,40,6,17,18,4
3546,0,1,36,37,38,39,3,5,9,10,41,31,15,42,44,40,6,17,18,4
3547,0,1,36,37,38,39,3,5,9,10,41,31,15,42,44,40,6,17,18,4
3548,0,1,36,37,38,39,3,5,9,10,41,31,15,42,44,40,6,17,18,4
3549,0,1,36,37,38,39,3,5,9,10,41,31,15,42,44,40,6,17,18,4
3550,0,1,36,37,38,39,3,5,9,10,41,31,15,42,44,40,6,17,18,4
3551,0,1,36,37,38,39,3,5,9,10,41,31,15,42,44,40,6,17,18,4
3552,0,1,36,37,38,39,3,5,9,10,41,31,15,42,44,40,6,17,18,4
3553,0,1,36,37,38,39,3,5,9,10,41,31,15,42,44,40,6,17,18,4
3554,0,1,36,37,38,39,3,5,9,10,41,31,15,42,44,40,6,17,18,4
3555,0,1,36,37,38,39,3,5,9,10,41,31,15,42,44,40,6,17,18,4
3556,0,1,36,37,38,39,3,5,9,10,41,31,15,42,44,40,6,17,18,4
3557,0,1,36,37,38,39,3,5,9,10,41,31,15,42,44,40,6,17,18,4
3558,0,1,36,37,38,39,3,5,9,10,41,31,15,42,44,40,6,17,18,4
3559,0,1,36,37,38,39,3,5,9,10,41,31,15,42,44,40,6,17,18,4
3560,0,1,36,37,38,39,3,5,9,10,41,31,15,42,44,40,6,17,18,4
3561,0,1,36,37,38,39,3,5,9,10,41,31,15,42,44,40,6,17,18,4
3562,0,1,36,37,38,39,3,5,9,10,41,31,15,42,44,40,6,17,18,4
3563,0,1,36,37,38,39,3,5,9,10,41,31,15,42,44,40,6,17,18,4
3564,0,1,36,37,38,39,3,5,9,10,41,31,15,42,44,40,6,17,18,4
3565,0,1,36,37,38,39,3,5,9,10,41,31,15,42,44,40,6,17,18,4
3566,0,1,36,37,38,39,3,5,9,10,41,31,15,42,44,40,6,17,18,4
3567,0,1,36,37,38,39,3,5,9,10,41,31,15,42,44,40,6,17,18,4
3568,0,1,36,37,38,39,3,5,9,10,41,31,15,42,44,40,6,17,18,4
3569,0,1,36,37,38,39,3,5,9,10,41,31,15,42,44,40,6,17,18,4
3570,0,1,36,37,38,39,3,5,9,10,41,15,31,42,44,40,6,17,18,4
3571,0,1,36,37,38,39,3,5,9,10,41,15,31,42,44,40,6,17,18,4
3572,0,1,36,37,38,39,3,5,9,10,41,15,31,42,44,40,6,17,18,4
3573,0,1,36,37,38,39,3,5,9,10,41,15,31,42,44,40,6,17,18,4
3574,0,1,36,37,38,39,3,5,9,10,41,15,31,42,44,40,6,17,18,4
3575,0,1,36,37,38,39,3,5,9,10,41,15,31,42,44,40,6,17,18,4
3576,0,1,36,37,38,39,3,5,9,10,41,15,42,44,31,40,6,17,18,4
3577,0,1,36,37,38,39,3,5,9,10,41,15,42,44,31,40,6,17,18,4
3578,0,1,36,37,38,39,3,5,9,10,41,15,42,44,31,40,6,17,18,4
3579,0,1,36,37,38,39,3,5,9,10,41,15,42,44,31,40,6,17,18,4
3580,0,1,36,37,38,39,3,5,9,10,41,15,42,44,31,40,6,17,18,4
3581,0,1,36,37,38,39,3,5,9,10,41,15,42,44,31,40,6,17,18,4
3582,0,1,36,37,38,39,3,5,9,10,41,15,42,44,31,40,6,17,18,4
3583,0,1,36,37,38,39,3,5,9,10,41,15,42,44,31,40,6,17,18,4
3584,0,1,36,37,38,39,3,5,9,10,41,15,42,44,31,40,6,17,18,4
3585,0,1,36,37,38,39,3,5,9,10,41,15,42,44,31,40,6,17,18,4
3586,0,1,36,37,38,39,3,5,9,10,41,15,42,44,31,40,6,17,18,4
3587,0,1,36,37,38,39,3,5,9,10,41,15,42,44,31,40,6,17,18,4
3588,0,1,36,37,38,39,3,5,9,10,41,15,42,44,31,40,6,17,18,4
3589,0,1,36,37,38,39,3,5,9,10,41,15,42,44,31,40,6,17,18,4
3590,0,1,36,37,38,39,3,5,9,10,41,15,42,44,31,40,6,17,18,4
3591,0,1,36,37,38,39,3,5,9,10,41,15,42,44,31,40,6,17,18,4
3592,0,1,36,37,38,39,3,5,9,10,41,15,42,44,31,40,6,17,18,4
3593,0,1,36,37,38,39,3,5,9,10,41,15,42,44,31,40,6,17,18,35
3594,0,1,36,37,38,39,3,5,9,10,41,15,42,44,31,40,6,17,18,35
3595,0,1,36,37,38,39,3,5,9,10,41,15,31,42,44,40,6,17,18,35
3596,0,1,36,37,38,39,3,9,10,41,5,15,31,42,44,40,6,17,18,35
3597,0,1,36,37,38,39,9,10,41,3,5,15,31,42,44,40,6,17,18,35
3598,0,1,36,37,38,39,9,10,41,3,15,31,42,44,5,40,6,17,18,35
3599,0,1,36,37,38,39,9,10,41,3,15,31,42,44,40,5,6,17,18,35
3600,0,1,36,37,38,39,9,10,41,3,15,31,42,44,40,5,17,18,35,6
3601,0,1,36,37,38,39,9,10,41,3,15,31,42,44,40,5,17,18,35,6
3602,0,1,36,37,38,39,9,10,41,3,15,31,42,44,40,5,17,18,35,6
3603,0,1,36,37,38,39,9,10,41,3,15,31,42,44,40,5,17,18,35,6
3604,0,1,36,37,38,39,9,10,41,3,15,31,42,44,40,5,17,18,35,6
3605,0,1,36,37,38,39,9,10,41,3,15,31,42,44,40,5,17,18,35,6
3606,0,1,36,37,38,39,9,10,41,3,15,31,42,44,40,5,17,18,35,6
3607,0,1,36,37,38,39,9,10,41,3,15,31,42,44,40,5,17,18,35,6
3608,0,1,36,37,38,39,9,10,41,3,15,31,42,44,40,5,17,18,35,6
3609,0,1,36,37,38,39,9,10,41,3,15,31,42,44,40,5,17,18,35,6
3610,0,1,36,37,38,39,9,10,41,3,15,31,42,44,40,5,17,18,35,6
3611,0,1,36,37,38,39,9,10,41,3,31,15,42,44,40,5,17,18,35,6
3612,0,1,36,37,38,39,9,10,41,3,31,15,42,44,40,5,17,18,35,6
3613,0,1,36,37,38,39,9,10,41,3,31,15,42,44,40,5,17,18,35,6
3614,0,1,36,37,38,39,9,10,41,3,31,15,42,44,40,5,17,18,35,6
3615,0,1,36,37,38,39,9,10,41,3,31,15,42,44,40,5,17,18,35,6
3616,0,1,36,37,38,39,9,10,41,3,31,15,42,44,40,5,17,18,35,6
3617,0,1,36,37,38,39,9,10,41,3,31,15,42,44,40,5,17,18,35,6
3618,0,1,36,37,38,39,9,10,41,3,31,15,42,44,40,5,17,18,35,6
3619,0,1,36,37,38,39,9,10,41,3,31,15,42,44,40,5,17,18,35,6
3620,0,1,36,37,38,39,9,10,41,3,31,15,42,44,40,5,17,18,35,6
3621,0,1,36,37,38,39,9,10,41,3,31,15,42,44,40,5,17,18,35,6
3622,0,1,36,37,38,39,9,10,41,3,31,15,42,44,40,5,17,18,35,6
3623,0,1,36,37,38,39,9,10,41,3,31,15,42,44,40,5,17,18,35,6
3624,0,1,36,37,38,39,9,10,41,3,31,15,42,44,40,5,17,18,35,6
3625,0,1,36,37,38,39,9,10,41,3,31,15,42,44,40,5,17,18,35,6
3626,0,1,36,37,38,39,9,10,41,31,3,15,42,44,40,5,17,18,35,6
3627,0,1,36,37,38,39,9,10,41,31,3,15,42,44,40,5,17,18,35,6
3628,0,1,36,37,38,39,9,10,41,31,3,15,42,44,40,5,17,18,35,6
3629,0,1,36,37,38,39,9,10,41,31,3,15,42,44,40,5,17,18,35,6
3630,0,1,36,37,38,39,9,10,31,41,3,15,42,44,40,5,17,18,35,6
3631,0,1,36,37,38,39,9,10,31,41,3,15,42,44,40,5,17,18,35,6
3632,0,1,36,37,38,39,9,10,31,41,3,15,42,44,40,5,17,18,35,6
3633,0,1,36,37,38,39,9,10,31,41,3,15,42,44,40,5,17,18,35,6
3634,0,1,36,37,38,39,9,10,31,41,3,15,42,44,40,5,17,18,35,6
3635,0,1,36,37,38,39,9,10,31,41,3,15,42,44,40,5,17,18,35,6
3636,0,1,36,37,38,39,9,10,31,41,3,15,42,44,40,5,17,18,35,6
3637,0,1,36,37,38,39,9,10,31,41,3,15,42,44,40,5,17,18,35,6
3638,0,1,36,37,38,39,9,10,31,41,3,15,42,44,40,5,17,18,35,6
3639,0,1,36,37,38,39,9,10,31,41,3,15,42,44,40,5,17,18,35,6
3640,0,1,36,37,38,39,9,10,31,41,3,15,42,44,40,5,17,18,35,6
3641,0,1,36,37,38,39,9,10,31,41,3,15,42,44,40,5,17,18,35,6
3642,0,1,36,37,38,39,9,10,31,41,3,15,42,44,40,5,17,18,35,6
3643,0,1,36,37,38,39,9,10,31,41,3,15,42,44,40,5,17,18,35,6
3644,0,1,36,37,38,39,9,10,31,41,3,15,42,44,40,5,17,18,35,6
3645,0,1,36,37,38,39,9,10,31,41,3,15,42,44,40,5,17,18,35,6
3646,0,1,36,37,38,39,9,10,41,31,3,15,42,44,40,5,17,18,35,6
3647,0,1,36,37,38,39,9,10,41,31,3,15,42,44,40,5,17,18,35,6
3648,0,1,36,37,38,39,9,10,41,31,3,15,42,44,40,5,17,18,35,6
3649,0,1,36,37,38,39,9,10,41,31,3,15,42,44,40,5,17,18,35,6
3650,0,1,36,37,38,39,9,10,41,3,31,15,42,44,40,5,17,18,35,6
3651,0,1,36,37,38,39,9,10,41,3,31,15,42,44,40,5,17,18,35,6
3652,0,1,36,37,38,39,9,10,41,3,31,15,42,44,40,5,17,18,35,6
3653,0,1,36,37,38,39,9,10,41,3,31,15,42,44,40,5,17,18,35,6
3654,0,1,36,37,38,39,9,10,41,3,31,15,42,44,40,5,17,18,35,6
3655,0,1,36,37,38,39,9,10,41,3,31,15,42,44,40,5,17,18,35,6
3656,0,1,36,37,38,39,9,10,41,3,31,15,42,44,40,5,17,18,35,6
3657,0,1,36,37,38,39,9,10,41,3,31,15,42,44,40,5,17,18,35,6
3658,0,1,36,37,38,39,9,10,41,3,31,15,42,44,40,5,17,18,35,6
3659,0,1,36,37,38,39,9,10,41,3,31,15,42,44,40,5,17,18,35,6
3660,0,1,36,37,38,39,9,10,41,3,31,15,42,44,40,5,17,18,35,6
3661,0,1,36,37,38,39,9,10,41,3,31,15,42,44,40,5,17,18,35,6
3662,0,1,36,37,38,39,9,10,41,3,31,15,42,44,40,5,17,18,35,6
3663,0,1,36,37,38,39,9,10,41,3,31,15,42,44,40,5,17,18,35,6
3664,0,1,36,37,38,39,9,10,41,3,31,15,42,44,40,5,17,18,35,6
3665,0,1,36,37,38,39,9,10,41,3,31,15,42,44,40,5,17,18,35,6
3666,0,1,36,37,38,39,9,10,41,3,31,15,42,44,40,5,17,18,35,6
3667,0,1,36,37,38,39,9,10,41,3,31,15,42,44,40,5,17,18,35,6
3668,0,1,36,37,38,39,9,10,41,3,31,15,42,44,40,5,17,18,35,6
3669,0,1,36,37,38,39,9,10,41,3,31,15,42,44,40,5,17,18,35,6
3670,0,1,36,37,38,39,9,10,41,3,15,31,42,44,40,5,17,18,35,6
3671,0,1,36,37,38,39,9,10,41,3,15,42,44,31,40,5,17,18,35,6
3672,0,1,36,37,38,39,9,10,41,3,15,42,44,31,40,5,17,18,35,6
3673,0,1,36,37,38,39,9,10,41,3,15,42,44,31,40,5,17,18,35,6
3674,0,1,36,37,38,39,9,10,41,3,15,42,44,31,40,5,17,18,35,6
3675,0,1,36,37,38,39,9,10,41,3,15,42,44,31,40,5,17,18,35,6
3676,0,1,36,37,38,39,9,10,41,3,15,42,44,31,40,5,17,18,35,6
3677,0,1,36,37,38,39,9,10,41,3,15,42,44,31,40,5,17,18,35,6
3678,0,1,36,37,38,39,9,10,41,3,15,42,44,31,40,5,17,18,35,6
3679,0,1,36,37,38,39,9,10,41,3,15,42,44,31,40,5,17,18,35,6
3680,0,1,36,37,38,39,9,10,41,3,15,42,44,31,40,5,17,18,35,6
3681,0,1,36,37,38,39,9,10,41,3,15,42,44,40,31,5,17,18,6,35
3682,0,1,36,37,38,39,9,10,41,3,15,42,44,40,31,5,17,18,6,35
3683,0,1,36,37,38,39,9,10,41,3,15,42,44,40,31,5,17,18,6,4
3684,0,1,36,37,38,39,9,10,41,3,15,42,44,40,31,5,17,18,6,4
3685,0,1,36,37,38,39,9,10,41,3,15,42,44,40,5,31,17,18,6,4
3686,0,1,36,37,38,39,9,10,41,3,15,42,44,40,5,31,17,18,6,4
3687,0,1,36,37,38,39,9,10,41,3,15,42,44,40,5,31,17,18,6,4
3688,0,1,36,37,38,39,9,10,41,3,15,42,44,40,5,31,17,18,6,4
3689,0,1,36,37,38,39,9,10,41,3,15,42,44,40,5,31,17,18,6,4
3690,0,1,36,37,38,39,9,10,41,3,15,42,44,40,5,31,17,18,6,4
3691,0,1,36,37,38,39,9,10,41,3,15,42,44,40,5,31,17,18,6,4
3692,0,1,36,37,38,39,9,10,41,3,15,42,44,40,5,31,17,18,6,4
3693,0,1,36,37,38,39,9,10,41,3,15,42,44,40,5,31,17,18,6,4
3694,0,1,36,37,38,39,9,10,41,3,15,42,44,40,5,31,17,18,6,4
3695,0,1,36,37,38,39,9,10,41,3,15,42,44,40,5,31,17,18,6,4
3696,0,1,36,37,38,39,9,10,41,3,15,42,44,40,5,31,17,18,6,4
3697,0,1,36,37,38,39,9,10,41,15,42,44,3,40,5,31,17,18,6,4
3698,0,1,36,37,38,39,9,10,41,15,42,44,40,3,5,31,17,18,6,4
3699,0,1,36,37,38,39,9,10,41,15,42,44,40,5,31,3,17,18,6,4
3700,0,1,36,37,38,39,9,10,41,15,42,44,40,5,31,3,17,18,6,4
3701,0,1,36,37,38,39,9,10,41,15,42,44,40,5,31,3,17,18,6,4
3702,0,1,36,37,38,39,9,10,41,15,42,44,40,5,31,3,17,18,6,4
3703,0,1,36,37,38,39,9,10,41,15,42,44,40,5,31,3,17,18,6,4
3704,0,1,36,37,38,39,9,10,41,15,42,44,40,5,31,3,17,18,6,4
3705,0,1,36,37,38,39,9,10,41,15,42,44,40,5,31,3,17,18,6,4
3706,0,1,36,37,38,39,9,10,41,15,42,44,40,31,5,3,17,18,6,4
3707,0,1,36,37,38,39,9,10,41,15,42,44,40,31,5,3,17,18,6,4
3708,0,1,36,37,38,39,9,10,41,15,42,44,40,31,5,3,17,18,6,4
3709,0,1,36,37,38,39,9,10,41,15,42,44,40,31,5,3,17,18,6,4
3710,0,1,36,37,38,39,9,10,41,15,42,44,31,40,5,3,17,18,6,4
3711,0,1,36,37,38,39,9,10,41,15,42,44,40,31,5,3,17,18,6,4
3712,0,1,36,37,38,39,9,10,41,15,42,44,40,31,5,3,17,18,6,4
3713,0,1,36,37,38,39,9,10,41,15,42,44,40,31,5,3,17,18,6,4
3714,0,1,36,37,38,39,9,10,41,15,42,44,40,31,5,3,17,18,6,4
3715,0,1,36,37,38,39,9,10,41,15,42,44,40,5,31,3,17,18,6,4
3716,0,1,36,37,38,39,9,10,41,15,42,44,40,31,5,3,17,18,6,4
3717,0,1,36,37,38,39,9,10,41,15,42,44,40,31,5,3,17,18,6,4
3718,0,1,36,37,38,39,9,10,41,15,42,44,40,31,5,3,17,18,6,4
3719,0,1,36,37,38,39,9,10,41,15,42,44,40,31,5,3,17,18,6,4
3720,0,1,36,37,38,39,9,10,41,15,42,44,31,40,5,3,17,18,6,4
3721,0,1,36,37,38,39,9,10,41,15,42,44,31,40,5,3,17,18,6,4
3722,0,1,36,37,38,39,9,10,41,15,42,44,31,40,5,3,17,18,6,4
3723,0,1,36,37,38,39,9,10,41,15,42,44,31,40,5,3,17,18,6,4
3724,0,1,36,37,38,39,9,10,41,15,42,44,31,40,5,3,17,18,6,4
3725,0,1,36,37,38,39,9,10,41,15,42,44,31,40,5,3,17,18,6,4
3726,0,1,36,37,38,39,9,10,41,15,42,44,31,40,5,3,17,18,6,4
3727,0,1,36,37,38,39,9,10,41,15,42,44,31,40,5,3,17,18,6,4
3728,0,1,36,37,38,39,9,10,41,15,42,44,31,40,5,3,17,18,6,4
3729,0,1,36,37,38,39,9,10,41,15,42,44,31,40,5,3,17,18,6,4
3730,0,1,36,37,38,39,9,10,41,15,42,44,31,40,5,3,17,18,6,4
3731,0,1,36,37,38,39,9,10,41,15,42,44,31,40,5,3,17,18,6,4
3732,0,1,36,37,38,39,9,10,41,15,42,44,31,40,5,3,17,18,6,4
3733,0,1,36,37,38,39,9,10,41,15,42,44,31,40,5,3,17,18,6,4
3734,0,1,36,37,38,39,9,10,41,15,42,44,31,40,5,3,17,18,6,4
3735,0,1,36,37,38,39,9,10,41,15,42,44,31,40,5,3,17,18,6,4
3736,0,1,36,37,38,39,9,10,41,15,42,44,31,40,5,3,17,18,6,4
3737,0,1,36,37,38,39,9,10,41,15,42,44,31,40,5,3,17,18,6,4
3738,0,1,36,37,38,39,9,10,41,15,42,44,31,40,5,3,17,18,6,4
3739,0,1,36,37,38,39,9,10,41,15,42,44,31,40,5,3,17,18,6,4
3740,0,1,36,37,38,39,9,10,41,15,31,42,44,40,5,3,17,18,6,4
3741,0,1,36,37,38,39,9,10,41,15,31,42,44,40,5,3,17,18,6,4
3742,0,1,36,37,38,39,9,10,41,15,31,42,44,40,5,3,17,18,6,4
3743,0,1,36,37,38,39,9,10,41,15,31,42,44,40,5,3,17,18,6,4
3744,0,1,36,37,38,39,9,10,41,15,31,42,44,40,5,3,17,18,6,4
3745,0,1,36,37,38,39,9,10,41,15,31,42,44,40,5,3,17,18,6,4
3746,0,1,36,37,38,39,9,10,41,15,31,42,44,40,5,3,17,18,6,4
3747,0,1,36,37,38,39,9,10,41,15,31,42,44,40,5,3,17,18,6,4
3748,0,1,36,37,38,39,9,10,41,15,31,42,44,40,5,3,17,18,6,4
3749,0,1,36,37,38,39,9,10,41,15,31,42,44,40,5,3,17,18,6,4
3750,0,1,36,37,38,39,9,10,41,15,31,42,44,40,5,3,17,18,6,4
3751,0,1,36,37,38,39,9,10,41,15,31,42,44,40,5,3,17,18,6,4
3752,0,1,36,37,38,39,9,10,41,15,31,42,44,40,5,3,17,18,6,4
3753,0,1,36,37,38,39,9,10,41,15,31,42,44,40,5,3,17,18,6,4
3754,0,1,36,37,38,39,9,10,41,15,31,42,44,40,5,3,17,18,6,4
3755,0,1,36,37,38,39,9,10,41,15,31,42,44,40,5,3,17,18,6,4
3756,0,1,36,37,38,39,9,10,41,15,31,42,44,40,5,3,17,18,6,4
3757,0,1,36,37,38,39,9,10,41,15,31,42,44,40,5,3,17,18,6,4
3758,0,1,36,37,38,39,9,10,41,15,31,42,44,40,5,3,17,18,6,4
3759,0,1,36,37,38,39,9,10,41,15,31,42,44,40,5,3,17,18,6,4
3760,0,1,36,37,38,39,9,10,41,15,31,42,44,40,5,3,17,18,6,4
3761,0,1,36,37,38,39,9,10,41,31,15,42,44,40,5,3,17,18,6,4
3762,0,1,36,37,38,39,9,10,41,31,15,42,44,40,5,3,17,18,6,4
3763,0,1,36,37,38,39,9,10,41,31,15,42,44,40,5,3,17,18,6,4
3764,0,1,36,37,38,39,9,10,41,31,15,42,44,40,5,3,17,18,6,4
3765,0,1,36,37,38,39,9,10,41,31,15,42,44,40,5,3,17,18,6,4
3766,0,1,36,37,38,39,9,10,41,31,15,42,44,40,5,3,17,18,6,4
3767,0,1,36,37,38,39,9,10,41,31,15,42,44,40,5,3,17,18,6,4
3768,0,1,36,37,38,39,9,10,41,31,15,42,44,40,5,3,17,18,6,4
3769,0,1,36,37,38,39,9,10,41,31,15,42,44,40,5,3,17,18,6,4
3770,0,1,36,37,38,39,9,10,41,31,15,42,44,40,5,3,17,18,6,4
3771,0,1,36,37,38,39,9,10,41,31,15,42,44,40,5,3,17,18,6,4
3772,0,1,36,37,38,39,9,10,41,31,15,42,44,40,5,3,17,18,6,4
3773,0,1,36,37,38,39,9,10,41,31,15,42,44,40,5,3,17,18,6,4
3774,0,1,36,37,38,39,9,10,41,31,15,42,44,40,5,3,17,18,6,4
3775,0,1,36,37,38,39,9,10,41,31,15,42,44,40,5,3,17,18,6,4
3776,0,1,36,37,38,39,9,10,41,31,15,42,44,40,5,3,17,18,6,4
3777,0,1,36,37,38,39,9,10,41,31,15,42,44,40,5,3,17,18,6,4
3778,0,1,36,37,38,39,9,10,41,31,15,42,44,40,5,3,17,18,6,4
3779,0,1,36,37,38,39,9,10,41,31,15,42,44,40,5,3,17,18,6,4
3780,0,1,36,37,38,39,9,10,41,31,15,42,44,40,5,3,17,18,6,4
3781,0,1,36,37,38,39,9,10,41,31,15,42,44,40,5,3,17,18,6,4
3782,0,1,36,37,38,39,9,10,41,31,15,42,44,40,5,3,17,18,6,4
3783,0,1,36,37,38,39,9,10,41,31,15,42,44,40,5,3,17,18,6,4
3784,0,1,36,37,38,39,9,10,41,31,15,42,44,40,5,3,17,18,6,4
3785,0,1,36,37,38,39,9,10,41,31,15,42,44,40,5,3,17,18,6,4
3786,0,1,36,37,38,39,9,10,41,31,15,42,44,40,5,3,17,18,6,4
3787,0,1,36,37,38,39,9,10,41,31,15,42,44,40,5,3,17,18,6,4
3788,0,1,36,37,38,39,9,10,41,31,15,42,44,40,5,3,17,18,6,4
3789,0,1,36,37,38,39,9,10,41,31,15,42,44,40,5,3,17,18,6,4
3790,0,1,36,37,38,39,9,10,41,15,31,42,44,40,5,3,17,18,6,4
3791,0,1,36,37,38,39,9,10,41,15,31,42,44,40,5,3,17,18,6,4
3792,0,1,36,37,38,39,9,10,41,15,31,42,44,40,5,3,17,18,6,4
3793,0,1,36,37,38,39,9,10,41,15,31,42,44,40,5,3,17,18,6,4
3794,0,1,36,37,38,39,9,10,41,15,31,42,44,40,5,3,17,18,6,4
3795,0,1,36,37,38,39,9,10,41,15,31,42,44,40,5,3,17,18,6,4
3796,0,1,36,37,38,39,9,10,41,15,31,42,44,40,5,3,17,18,6,4
3797,0,1,36,37,38,39,9,10,41,15,31,42,44,40,5,3,17,18,6,4
3798,0,1,36,37,38,39,9,10,41,15,31,42,44,40,5,3,17,18,6,4
3799,0,1,36,37,38,39,9,10,41,15,31,42,44,40,5,3,17,18,6,4
3800,0,1,36,37,38,39,9,10,41,15,31,42,44,40,5,3,17,18,6,4
3801,0,1,36,37,38,39,9,10,41,31,15,42,44,40,5,3,17,18,6,4
3802,0,1,36,37,38,39,9,10,41,31,15,42,44,40,5,3,17,18,6,4
3803,0,1,36,37,38,39,9,10,41,31,15,42,44,40,5,3,17,18,6,35
3804,0,1,36,37,38,39,9,10,41,31,15,42,44,40,5,3,17,18,6,35
3805,0,1,36,37,38,39,9,10,41,31,15,42,44,40,5,3,17,18,35,6
3806,0,1,36,37,38,39,9,10,41,31,15,42,44,40,5,3,17,18,35,6
3807,0,1,36,37,38,39,9,10,41,31,15,42,44,40,5,3,17,18,35,6
3808,0,1,36,37,38,39,9,10,41,31,15,42,44,40,5,3,17,18,35,6
3809,0,1,36,37,38,39,9,10,41,31,15,42,44,40,5,3,17,18,35,6
3810,0,1,36,37,38,39,9,10,31,41,15,42,44,40,5,3,17,18,35,6
3811,0,1,36,37,38,39,9,10,31,41,15,42,44,40,5,3,17,18,35,6
3812,0,1,36,37,38,39,9,10,31,41,15,42,44,40,5,3,17,18,35,6
3813,0,1,36,37,38,39,9,10,31,41,15,42,44,40,5,3,17,18,35,6
3814,0,1,36,37,38,39,9,10,31,41,15,42,44,40,5,3,17,18,35,6
3815,0,1,36,37,38,39,9,10,31,41,15,42,44,40,5,3,17,18,35,6
3816,0,1,36,37,38,39,9,10,31,41,15,42,44,40,5,3,17,18,35,6
3817,0,1,36,37,38,39,9,10,31,41,15,42,44,40,5,3,17,18,35,6
3818,0,1,36,37,38,39,9,10,31,41,15,42,44,40,5,3,17,18,35,6
3819,0,1,36,37,38,39,9,10,31,41,15,42,44,40,5,3,17,18,35,6
3820,0,1,36,37,38,39,9,10,31,41,15,42,44,40,5,3,17,18,35,6
3821,0,1,36,37,38,39,9,10,31,41,15,42,44,40,5,3,17,18,35,6
3822,0,1,36,37,38,39,9,10,31,41,15,42,44,40,5,3,17,18,35,6
3823,0,1,36,37,38,39,9,10,31,41,15,42,44,40,5,3,17,18,35,6
3824,0,1,36,37,38,39,9,10,31,41,15,42,44,40,5,3,17,18,35,6
3825,0,1,36,37,38,39,9,10,31,41,15,42,44,40,5,3,17,18,35,6
3826,0,1,36,37,38,39,31,9,10,41,15,42,44,40,5,3,17,18,35,6
3827,0,1,36,37,38,39,31,9,10,41,15,42,44,40,5,3,17,18,35,6
3828,0,1,36,37,38,39,31,9,10,41,15,42,44,40,5,3,17,18,35,6
3829,0,1,36,37,38,39,31,9,10,41,15,42,44,40,5,3,17,18,35,6
3830,0,1,36,37,38,39,31,9,10,41,15,42,44,40,5,3,17,18,35,6
3831,0,1,36,37,38,39,31,9,10,41,15,42,44,40,5,3,17,18,35,6
3832,0,1,36,37,38,39,31,9,10,41,15,42,44,40,5,3,17,18,35,6
3833,0,1,36,37,38,39,31,9,10,41,15,42,44,40,5,3,17,18,35,6
3834,0,1,36,37,38,39,31,9,10,41,15,42,44,40,5,3,17,18,35,6
3835,0,1,36,37,38,39,31,9,10,41,15,42,44,40,5,3,17,18,35,6
3836,0,1,36,37,38,39,31,9,10,41,15,42,44,40,5,3,17,18,35,6
3837,0,1,36,37,38,39,31,9,10,41,15,42,44,40,5,3,17,18,35,6
3838,0,1,36,37,38,39,31,9,10,41,15,42,44,40,5,3,17,18,35,6
3839,0,1,36,37,38,39,31,9,10,41,15,42,44,40,5,3,17,18,35,6
3840,0,1,36,37,38,39,31,9,10,41,15,42,44,40,5,3,17,18,35,6
3841,0,1,36,37,38,39,31,9,10,41,15,42,44,40,5,3,17,18,35,6
3842,0,1,36,37,38,39,31,9,10,41,15,42,44,40,5,3,17,18,35,6
3843,0,1,36,37,38,39,31,9,10,41,15,42,44,40,5,3,17,18,35,6
3844,0,1,36,37,38,39,31,9,10,41,15,42,44,40,5,3,17,18,35,6
3845,0,1,36,37,38,39,31,9,10,41,15,42,44,40,5,3,17,18,35,6
3846,0,1,36,37,38,39,31,9,10,41,15,42,44,40,5,3,17,18,6,35
3847,0,1,36,37,38,39,31,9,10,41,15,42,44,40,5,3,17,18,6,35
3848,0,1,36,37,38,39,31,9,10,41,15,42,44,40,5,3,17,18,6,4
3849,0,1,36,37,38,39,31,9,10,41,15,42,44,40,5,3,17,18,6,4
3850,0,1,36,37,38,39,31,9,10,41,15,42,44,40,5,3,17,18,6,4
3851,0,1,36,37,38,39,31,9,10,41,15,42,44,40,5,3,17,18,6,4
3852,0,1,36,37,38,39,31,9,10,41,15,42,44,40,5,3,17,18,6,4
3853,0,1,36,37,38,39,31,9,10,41,15,42,44,40,5,3,17,18,6,4
3854,0,1,36,37,38,39,31,9,10,41,15,42,44,40,5,3,17,18,6,4
3855,0,1,36,37,38,39,31,9,10,41,15,42,44,40,5,3,17,18,6,4
3856,0,1,36,37,38,39,31,9,10,41,44,15,42,40,5,3,17,18,6,4
3857,0,1,36,37,38,39,31,9,10,41,44,15,42,40,5,3,17,18,6,4
3858,0,1,36,37,38,39,31,44,9,10,41,15,42,40,5,3,17,18,6,4
3859,0,1,36,37,38,39,44,31,9,10,41,15,42,40,5,3,17,18,6,4
3860,0,1,36,37,38,39,44,31,9,10,41,15,42,40,5,3,17,18,6,4
3861,0,1,36,37,38,39,44,31,9,10,41,15,42,40,5,3,17,18,6,4
3862,0,1,36,37,38,39,44,31,9,10,41,15,42,40,5,3,17,18,6,4
3863,0,1,36,37,38,39,44,31,9,10,41,15,42,40,5,3,17,18,6,4
3864,0,1,36,37,38,39,44,31,9,10,41,15,42,40,5,3,17,18,6,4
3865,0,1,36,37,38,39,44,31,9,10,41,15,42,40,5,3,17,18,6,4
3866,0,1,36,37,38,39,44,31,9,10,41,15,42,40,5,3,17,18,6,4
3867,0,1,36,37,38,39,44,31,9,10,41,15,42,40,5,3,17,18,6,4
3868,0,1,36,37,38,39,44,31,9,10,41,15,42,40,5,3,17,18,6,35
3869,0,1,36,37,38,39,44,31,9,10,41,15,42,40,5,3,17,18,6,35
3870,0,1,36,37,38,39,31,44,9,10,41,15,42,40,5,3,17,18,35,6
3871,0,1,36,37,38,39,31,44,9,10,41,15,42,40,5,3,17,18,35,6
3872,0,1,36,37,38,39,31,44,9,10,41,15,42,40,5,3,17,18,35,6
3873,0,1,36,37,38,39,31,44,9,10,41,15,42,40,5,3,17,18,35,6
3874,0,1,36,37,38,39,31,44,9,10,41,15,42,40,5,3,17,18,35,6
3875,0,1,36,37,38,39,31,44,9,10,41,15,42,40,5,3,17,18,35,6
3876,0,1,36,37,38,39,31,44,9,10,41,15,42,40,5,3,17,18,35,6
3877,0,1,36,37,38,39,31,44,9,10,41,15,42,40,5,3,17,18,35,6
3878,0,1,36,37,38,39,31,44,9,10,41,15,42,40,5,3,17,18,35,6
3879,0,1,36,37,38,39,31,44,9,10,41,15,42,40,5,3,17,18,35,6
3880,0,1,36,37,38,39,31,44,9,10,41,15,42,40,5,3,17,18,35,6
3881,0,1,36,37,38,39,31,44,9,10,41,15,42,40,5,3,17,18,6,35
3882,0,1,36,37,38,39,31,44,9,10,41,15,42,40,5,3,17,18,6,35
3883,0,1,36,37,38,39,31,44,9,10,41,15,42,40,5,3,17,18,6,4
3884,0,1,36,37,38,39,31,44,9,10,41,15,42,40,5,3,17,18,6,4
3885,0,1,36,37,38,39,31,44,9,10,41,15,42,40,5,3,17,18,6,4
3886,0,1,36,37,38,39,31,44,9,10,41,15,42,40,5,3,17,18,6,4
3887,0,1,36,37,38,39,31,44,9,10,41,15,42,40,5,3,17,18,6,4
3888,0,1,36,37,38,39,31,44,9,10,41,15,42,40,5,3,17,18,6,4
3889,0,1,36,37,38,39,31,44,9,10,41,15,42,40,5,3,17,18,6,4
3890,0,1,36,37,38,39,31,44,9,10,41,15,42,40,5,3,17,18,6,4
3891,0,1,36,37,38,39,31,44,9,10,41,15,42,40,5,3,17,18,6,4
3892,0,1,36,37,38,39,31,44,9,10,41,15,42,40,5,3,17,18,6,4
3893,0,1,36,37,38,39,31,44,9,10,41,15,42,40,5,3,17,18,6,4
3894,0,1,36,37,38,39,31,44,9,10,41,15,42,40,5,3,17,18,6,4
3895,0,1,36,37,38,39,31,44,9,10,41,15,42,40,5,3,17,18,6,4
3896,0,1,36,37,38,39,44,31,9,10,41,15,42,40,5,3,17,18,6,4
3897,0,1,36,37,38,39,44,31,9,10,41,15,42,40,5,3,17,18,6,4
3898,0,1,36,37,38,39,44,31,9,10,41,15,42,40,5,3,17,18,6,4
3899,0,1,36,37,38,39,44,31,9,10,41,15,42,40,5,3,17,18,6,4
3900,0,1,36,37,38,39,44,31,9,10,41,15,42,40,5,3,17,18,6,4
3901,0,1,36,37,38,39,44,31,9,10,41,15,42,40,5,3,17,18,6,4
3902,0,1,36,37,38,39,44,31,9,10,41,15,42,40,5,3,17,18,6,4
3903,0,1,36,37,38,39,44,31,9,10,41,15,42,40,5,3,17,18,6,4
3904,0,1,36,37,38,39,44,31,9,10,41,15,42,40,5,3,17,18,6,4
3905,0,1,36,37,38,39,44,31,9,10,41,15,42,40,5,3,17,18,6,4
3906,0,1,36,37,38,39,44,31,9,10,41,15,42,40,5,3,17,18,6,4
3907,0,1,36,37,38,39,44,31,9,10,41,15,42,40,5,3,17,18,6,4
3908,0,1,36,37,38,39,44,31,9,10,41,15,42,40,5,3,17,18,6,4
3909,0,1,36,37,38,39,44,31,9,10,41,15,42,40,5,3,17,18,6,4
3910,0,1,36,37,38,39,44,31,9,10,41,15,42,40,5,3,17,18,6,4
3911,0,1,36,37,38,39,44,31,9,10,41,15,42,40,5,3,17,18,6,4
3912,0,1,36,37,38,39,44,31,9,10,41,15,42,40,5,3,17,18,6,4
3913,0,1,36,37,38,39,44,31,9,10,41,15,42,40,5,3,17,18,6,4
3914,0,1,36,37,38,39,44,31,9,10,41,15,42,40,5,3,17,18,6,4
3915,0,1,36,37,38,39,31,44,9,10,41,15,42,40,5,3,17,18,6,4
3916,0,1,36,37,38,39,31,44,9,10,41,15,42,40,5,3,17,18,6,4
3917,0,1,36,37,38,39,31,44,9,10,41,15,42,40,5,3,17,18,6,4
3918,0,1,36,37,38,39,31,44,9,10,41,15,42,40,5,3,17,18,6,4
3919,0,1,36,37,38,39,31,44,9,10,41,15,42,40,5,3,17,18,6,4
3920,0,1,36,37,38,39,31,44,9,10,41,15,42,40,5,3,17,18,6,4
3921,0,1,36,37,38,39,31,44,9,10,41,15,42,40,5,3,17,18,6,4
3922,0,1,36,37,38,39,31,44,9,10,41,15,42,40,5,3,17,18,6,4
3923,0,1,36,37,38,39,31,44,9,10,41,15,42,40,5,3,17,18,6,4
3924,0,1,36,37,38,39,31,44,9,10,41,15,42,40,5,3,17,18,6,4
3925,0,1,36,37,38,39,31,44,9,10,41,15,42,40,5,3,17,18,6,4
3926,0,1,36,37,38,39,31,44,9,10,41,15,42,40,3,5,17,18,6,4
3927,0,1,36,37,38,39,31,44,9,10,41,15,42,40,3,5,17,18,6,4
3928,0,1,36,37,38,39,31,44,9,10,41,15,42,3,40,5,17,18,6,4
3929,0,1,36,37,38,39,31,44,9,10,41,3,15,42,40,5,17,18,6,4
3930,0,1,36,37,38,39,31,44,9,10,41,3,15,42,40,5,17,18,6,4
3931,0,1,36,37,38,39,31,44,9,10,41,3,15,42,40,5,17,18,6,4
3932,0,1,36,37,38,39,31,44,9,10,41,3,15,42,40,5,17,18,6,4
3933,0,1,36,37,38,39,31,44,9,10,41,3,15,42,40,5,17,18,6,4
3934,0,1,36,37,38,39,31,44,9,10,41,3,15,42,40,5,17,18,6,4
3935,0,1,36,37,38,39,31,44,9,10,41,3,15,42,40,5,17,18,6,4
3936,0,1,36,37,38,39,31,44,9,10,41,3,15,42,40,5,17,18,6,4
3937,0,1,36,37,38,39,31,44,9,10,41,3,15,42,40,5,17,18,6,4
3938,0,1,36,37,38,39,31,44,9,10,41,3,15,42,40,5,17,18,6,4
3939,0,1,36,37,38,39,31,44,9,10,41,3,15,42,40,5,17,18,6,4
3940,0,1,36,37,38,39,31,44,9,10,41,3,15,42,40,5,17,18,6,4
3941,0,1,36,37,38,39,44,31,9,10,41,3,15,42,40,5,17,18,6,4
3942,0,1,36,37,38,39,44,31,9,10,41,3,15,42,40,5,17,18,6,4
3943,0,1,36,37,38,39,44,31,9,10,41,3,15,42,40,5,17,18,6,4
3944,0,1,36,37,38,39,44,31,9,10,41,3,15,42,40,5,17,18,6,4
3945,0,1,36,37,38,39,44,31,9,10,41,3,15,42,40,5,17,18,6,4
3946,0,1,36,37,38,39,44,31,9,10,41,3,15,42,40,5,17,18,6,4
3947,0,1,36,37,38,39,44,31,9,10,41,3,15,42,40,5,17,18,6,4
3948,0,1,36,37,38,39,44,31,9,10,41,3,15,42,40,5,17,18,6,4
3949,0,1,36,37,38,39,44,31,9,10,41,3,15,42,40,5,17,18,6,4
3950,0,1,36,37,38,39,44,31,9,10,41,3,15,42,40,5,17,18,6,4
3951,0,1,36,37,38,39,44,31,9,10,41,3,15,42,40,5,17,18,6,4
3952,0,1,36,37,38,39,44,31,9,10,41,3,15,42,40,5,17,18,6,4
3953,0,1,36,37,38,39,44,31,9,10,41,3,15,42,40,5,17,18,6,4
3954,0,1,36,37,38,39,44,31,9,10,41,3,15,42,40,5,17,18,6,4
3955,0,1,36,37,38,39,44,31,9,10,41,3,15,42,40,5,17,18,6,4
3956,0,1,36,37,38,39,44,31,9,10,41,3,15,42,40,5,17,18,6,4
3957,0,1,36,37,38,39,44,31,9,10,41,3,15,42,40,5,17,18,6,4
3958,0,1,36,37,38,39,44,31,9,10,41,3,15,42,40,5,17,18,6,4
3959,0,1,36,37,38,39,44,31,9,10,41,3,15,42,40,5,17,18,6,4
3960,0,1,36,37,38,39,44,31,9,10,41,3,15,42,40,5,17,18,6,4
3961,0,1,36,37,38,39,44,31,9,10,41,3,15,42,40,5,17,18,6,4
3962,0,1,36,37,38,39,44,31,9,10,41,3,15,42,40,5,17,18,6,4
3963,0,1,36,37,38,39,44,31,9,10,41,3,15,42,40,5,17,18,6,4
3964,0,1,36,37,38,39,44,31,9,10,41,3,15,42,40,5,17,18,6,4
3965,0,1,36,37,38,39,44,31,9,10,41,3,15,42,40,5,17,18,6,4
3966,0,1,36,37,38,39,44,31,9,10,41,3,15,42,40,5,17,18,6,4
3967,0,1,36,37,44,38,39,31,9,10,41,3,15,42,40,5,17,18,6,4
3968,0,1,36,37,44,38,39,31,9,10,41,3,15,42,40,5,17,18,6,4
3969,0,1,36,37,44,38,39,31,9,10,41,3,15,42,40,5,17,18,6,4
3970,0,1,36,37,44,38,39,31,9,10,41,3,15,42,40,5,17,18,6,4
3971,0,1,36,37,44,38,39,31,9,10,41,3,15,42,40,5,17,18,6,4
3972,0,1,36,37,44,38,39,31,9,10,41,3,15,42,40,5,17,18,6,4
3973,0,1,36,37,44,38,39,31,9,10,41,3,15,42,40,5,17,18,6,4
3974,0,1,36,37,44,38,39,31,9,10,41,3,15,42,40,5,17,18,6,4
3975,0,1,36,37,44,38,39,31,9,10,41,3,15,42,40,5,17,18,6,4
3976,0,1,36,37,44,38,39,31,9,10,41,3,15,42,40,5,17,18,6,4
3977,0,1,36,37,44,38,39,31,9,10,41,3,15,42,40,5,17,18,6,4
3978,0,1,36,37,44,38,39,31,9,10,41,3,15,42,40,5,17,18,6,4
3979,0,1,36,37,44,38,39,31,9,10,41,3,15,42,40,5,17,18,6,4
3980,0,1,36,37,44,38,39,31,9,10,41,3,15,42,40,5,17,18,6,4
3981,0,1,36,37,44,38,39,31,9,10,41,3,15,42,40,5,17,18,6,4
3982,0,1,36,37,44,38,39,31,9,10,41,3,15,42,40,5,17,18,6,4
3983,0,1,36,37,44,38,39,31,9,10,41,3,15,42,40,5,17,18,6,4
3984,0,1,36,37,44,38,39,31,9,10,41,3,15,42,40,5,17,18,6,4
3985,0,1,36,37,44,38,39,31,9,10,41,3,15,42,40,5,17,18,6,4
3986,0,1,36,37,44,38,39,31,9,10,41,3,15,42,40,5,17,18,6,4
3987,0,1,36,37,44,38,39,31,9,10,41,3,15,42,40,5,17,18,6,4
3988,0,1,36,37,44,38,39,31,9,10,41,3,15,42,40,5,17,18,6,4
3989,0,1,36,37,44,38,39,31,9,10,41,3,15,42,40,5,17,18,6,4
3990,0,1,36,37,44,31,38,39,9,10,41,3,15,42,40,5,17,18,6,4
3991,0,1,36,37,44,31,38,39,9,10,41,3,15,42,40,5,17,18,6,4
3992,0,1,36,37,44,31,38,39,9,10,41,3,15,42,40,5,17,18,6,4
3993,0,1,36,37,44,31,38,39,9,10,41,3,15,42,40,5,17,18,6,4
3994,0,1,36,37,44,31,38,39,9,10,41,3,15,42,40,5,17,18,6,4
3995,0,1,36,37,44,31,38,39,9,10,41,3,15,42,40,5,17,18,6,4
3996,0,1,36,37,44,31,38,39,9,10,41,3,15,42,40,5,17,18,6,4
3997,0,1,36,37,44,31,38,39,9,10,41,3,15,42,40,5,17,18,6,4
3998,0,1,36,37,44,31,38,39,9,10,41,3,15,42,40,5,17,18,6,4
3999,0,1,36,37,44,31,38,39,9,10,41,3,15,42,40,5,17,18,6,4
4000,0,1,36,37,44,31,38,39,9,10,41,3,15,42,40,5,17,18,6,4
4001,0,1,36,37,44,31,38,39,9,10,41,3,15,42,40,5,17,18,6,4
4002,0,1,36,37,44,31,38,39,9,10,41,3,15,42,40,5,17,18,6,4
4003,0,1,36,37,44,31,38,39,9,10,41,3,15,42,40,5,17,18,6,4
4004,0,1,36,37,44,31,38,39,9,10,41,3,15,42,40,5,17,18,6,4
4005,0,1,36,37,44,31,38,39,9,10,41,3,15,42,40,5,17,18,6,4
4006,0,1,36,37,44,31,38,39,9,10,41,3,15,42,40,5,17,18,6,4
4007,0,1,36,37,44,31,38,39,9,10,41,3,15,42,40,5,17,18,6,4
4008,0,1,36,37,44,31,38,39,9,10,41,3,15,42,40,5,17,18,6,4
4009,0,1,36,37,44,31,38,39,9,10,41,3,15,42,40,5,17,18,6,4
4010,0,1,36,37,44,31,38,39,9,10,41,3,15,42,40,5,17,18,6,4
4011,0,1,36,37,44,31,38,39,9,10,41,3,15,42,40,5,17,18,6,4
4012,0,1,36,37,44,31,38,39,9,10,41,3,15,42,40,5,17,18,6,4
4013,0,1,36,37,44,31,38,39,9,10,41,3,15,42,40,5,17,18,6,4
4014,0,1,36,37,44,31,38,39,9,10,41,3,15,42,40,5,17,18,6,4
4015,0,1,36,37,44,31,38,39,9,10,41,3,15,42,40,5,17,18,6,4
4016,0,1,36,37,44,31,38,39,9,10,41,3,15,42,40,5,17,18,6,4
4017,0,1,36,37,44,31,38,39,9,10,41,3,15,42,40,5,17,18,6,4
4018,0,1,36,37,44,31,38,39,9,10,41,3,15,42,40,5,17,18,6,4
4019,0,1,36,37,44,31,38,39,9,10,41,3,15,42,40,5,17,18,6,4
4020,0,1,36,37,44,31,38,39,9,10,41,3,15,42,40,5,17,18,6,4
4021,0,1,36,37,44,31,38,39,9,10,41,3,15,42,40,5,17,18,6,4
4022,0,1,36,37,44,31,38,39,9,10,41,3,15,42,40,5,17,18,6,4
4023,0,1,36,37,44,31,38,39,9,10,41,3,15,42,40,5,17,18,6,4
4024,0,1,36,37,44,31,38,39,9,10,41,3,15,42,40,5,17,18,6,4
4025,0,1,36,37,44,31,38,39,9,10,41,3,15,42,40,5,17,18,6,4
4026,0,1,36,37,44,31,38,39,9,10,41,3,15,42,40,5,17,18,6,4
4027,0,1,36,37,44,31,38,39,9,10,41,3,15,42,40,5,17,18,6,4
4028,0,1,36,37,44,31,38,39,9,10,41,3,15,42,40,5,17,18,6,4
4029,0,1,36,37,44,31,38,39,9,10,41,3,15,42,40,5,17,18,6,4
4030,0,1,36,37,44,31,38,39,9,10,41,3,15,42,40,5,17,18,6,4
4031,0,1,36,37,44,31,38,39,9,10,41,3,15,42,40,5,17,18,6,4
4032,0,1,36,37,44,31,38,39,9,10,41,3,15,42,40,5,17,18,6,4
4033,0,1,36,37,44,31,38,39,9,10,41,3,15,42,40,5,17,18,6,4
4034,0,1,36,37,44,31,38,39,9,10,41,3,15,42,40,5,17,18,6,4
4035,0,1,36,37,44,31,38,39,9,10,41,3,15,42,40,5,17,18,6,4
4036,0,1,36,37,44,38,39,31,9,10,41,3,15,42,40,5,17,18,6,4
4037,0,1,36,37,44,38,39,31,9,10,41,3,15,42,40,5,17,18,6,4
4038,0,1,36,37,44,38,39,31,9,10,41,3,15,42,40,5,17,18,6,4
4039,0,1,36,37,44,38,39,31,9,10,41,3,15,42,40,5,17,18,6,4
4040,0,1,36,37,44,38,39,31,9,10,41,3,15,42,40,5,17,18,6,4
4041,0,1,36,37,44,38,39,31,9,10,41,3,15,42,40,5,17,18,6,4
4042,0,1,36,37,44,38,39,31,9,10,41,3,15,42,40,5,17,18,6,4
4043,0,1,36,37,44,38,39,31,9,10,41,3,15,42,40,5,17,18,6,4
4044,0,1,36,37,44,38,39,31,9,10,41,3,15,42,40,5,17,18,6,4
4045,0,1,36,37,44,38,39,31,9,10,41,3,15,42,40,5,17,18,6,4
4046,0,1,36,37,44,38,39,31,9,10,41,3,15,42,40,5,17,18,6,4
4047,0,1,36,37,44,38,39,31,9,10,41,3,15,42,40,5,17,18,6,4
4048,0,1,36,37,44,38,39,31,9,10,41,3,15,42,40,5,17,18,6,4
4049,0,1,36,37,44,38,39,31,9,10,41,3,15,42,40,5,17,18,6,4
4050,0,1,36,37,44,38,39,31,9,10,41,3,15,42,40,5,17,18,6,4
4051,0,1,36,37,44,38,39,31,9,10,41,3,15,42,40,5,17,18,6,4
4052,0,1,36,37,44,38,39,31,9,10,41,3,15,42,40,5,17,18,6,4
4053,0,1,36,37,44,38,39,31,9,10,41,3,15,42,40,5,17,18,6,4
4054,0,1,36,37,44,38,39,31,9,10,41,3,15,42,40,5,17,18,6,4
4055,0,1,36,37,44,38,39,31,9,10,41,3,15,42,40,5,17,18,6,4
4056,0,1,36,37,44,38,39,31,9,10,41,3,15,42,40,5,17,18,6,4
4057,0,1,36,37,44,38,39,31,9,10,41,3,15,42,40,5,17,18,6,4
4058,0,1,36,37,44,38,39,31,9,10,41,3,15,42,40,5,17,18,6,4
4059,0,1,36,37,44,38,39,31,9,10,41,3,15,42,40,5,17,18,6,4
4060,0,1,36,37,44,38,39,31,9,10,41,3,15,42,40,5,17,18,6,4
4061,0,1,36,37,44,38,39,31,9,10,41,3,15,42,40,5,17,18,6,4
4062,0,1,36,37,44,38,39,31,9,10,41,3,15,42,40,5,17,18,6,4
4063,0,1,36,37,44,38,39,31,9,10,41,3,15,42,40,5,17,18,6,4
4064,0,1,36,37,44,38,39,31,9,10,41,3,15,42,40,5,17,18,6,4
4065,0,1,36,37,44,38,39,31,9,10,41,3,15,42,40,5,17,18,6,4
4066,0,1,36,37,44,38,39,31,9,10,41,3,15,42,40,5,17,18,6,4
4067,0,1,36,37,44,38,39,31,9,10,41,3,15,42,40,5,17,18,6,4
4068,0,1,36,37,44,38,39,31,9,10,41,3,15,42,40,5,17,18,6,4
4069,0,1,36,37,44,38,39,31,9,10,41,3,15,42,40,5,17,18,6,4
4070,0,1,36,37,44,38,39,31,9,10,41,3,15,42,40,5,17,18,6,4
4071,0,1,36,37,44,38,39,31,9,10,41,3,15,42,40,5,17,18,6,4
4072,0,1,36,37,44,38,39,31,9,10,41,3,15,42,40,5,17,18,6,4
4073,0,1,36,37,44,38,39,31,9,10,41,3,15,42,40,5,17,18,6,4
4074,0,1,36,37,44,38,39,31,9,10,41,3,15,42,40,5,17,18,6,4
4075,0,1,36,37,44,38,39,31,9,10,41,3,15,42,40,5,17,18,6,4
4076,0,1,36,37,44,38,39,31,9,10,41,3,15,42,40,5,17,18,6,4
4077,0,1,36,37,44,38,39,31,9,10,41,3,15,42,40,5,17,18,6,4
4078,0,1,36,37,44,38,39,31,9,10,41,3,15,42,40,5,17,18,6,4
4079,0,1,36,37,44,38,39,31,9,10,41,3,15,42,40,5,17,18,6,4
4080,0,1,36,37,44,38,39,31,9,10,41,3,15,42,40,5,17,18,6,4
4081,0,1,36,37,44,38,39,31,9,10,41,3,15,42,40,5,17,18,6,4
4082,0,1,36,37,44,38,39,31,9,10,41,3,15,42,40,5,17,18,6,4
4083,0,1,36,37,44,38,39,31,9,10,41,3,15,42,40,5,17,18,6,4
4084,0,1,36,37,44,38,39,31,9,10,41,3,15,42,40,5,17,18,6,4
4085,0,1,36,37,44,38,39,31,9,10,41,3,15,42,40,5,17,18,6,4
4086,0,1,36,37,44,38,39,31,9,10,41,3,15,42,40,5,17,18,6,4
4087,0,1,36,37,44,38,39,31,9,10,41,3,15,42,40,5,17,18,6,4
4088,0,1,36,37,44,38,39,31,9,10,41,3,15,42,40,5,17,18,6,4
4089,0,1,36,37,44,38,39,31,9,10,41,3,15,42,40,5,17,18,6,4
4090,0,1,36,37,44,38,39,31,9,10,41,3,15,42,40,5,17,18,6,4
4091,0,1,36,37,44,38,39,31,9,10,41,3,15,42,40,5,17,18,6,4
4092,0,1,36,37,44,38,39,31,9,10,41,3,15,42,40,5,17,18,6,4
4093,0,1,36,37,44,38,39,31,9,10,41,3,15,42,40,5,17,18,6,4
4094,0,1,36,37,44,38,39,31,9,10,41,3,15,42,40,5,17,18,6,4
4095,0,1,36,37,44,38,39,31,9,10,41,3,15,42,40,5,17,18,6,4
4096,0,1,36,37,44,38,39,31,9,10,41,3,15,42,40,5,17,18,6,4
4097,0,1,36,37,44,38,39,31,9,10,41,3,15,42,40,5,17,18,6,4
4098,0,1,36,37,44,38,39,31,9,10,41,3,15,42,40,5,17,18,6,4
4099,0,1,36,37,44,38,39,31,9,10,41,3,15,42,40,5,17,18,6,4
4100,0,1,36,37,44,38,39,31,9,10,41,3,15,42,40,5,17,18,6,4
4101,0,1,36,37,44,38,39,31,9,10,41,3,15,42,40,5,17,18,6,4
4102,0,1,36,37,44,38,39,31,9,10,41,3,15,42,40,5,17,18,6,4
4103,0,1,36,37,44,38,39,31,9,10,41,3,15,42,40,5,17,18,6,4
4104,0,1,36,37,44,38,39,31,9,10,41,3,15,42,40,5,17,18,6,4
4105,0,1,36,37,44,38,39,31,9,10,41,3,15,42,40,5,17,18,6,4
4106,0,1,36,37,44,38,39,31,9,10,41,3,15,42,40,5,17,18,6,4
4107,0,1,36,37,44,38,39,31,9,10,41,3,15,42,40,5,17,18,6,4
4108,0,1,36,37,44,38,39,31,9,10,41,3,15,42,40,5,17,18,6,4
4109,0,1,36,37,44,38,39,31,9,10,41,3,15,42,40,5,17,18,6,4
4110,0,1,36,37,44,31,38,39,9,10,41,3,15,42,40,5,17,18,6,4
4111,0,1,36,37,44,38,39,31,9,10,41,3,15,42,40,5,17,18,6,4
4112,0,1,36,37,44,38,39,31,9,10,41,3,15,42,40,5,17,18,6,4
4113,0,1,36,37,44,38,39,31,9,10,41,3,15,42,40,5,17,18,6,4
4114,0,1,36,37,44,38,39,31,9,10,41,3,15,42,40,5,17,18,6,4
4115,0,1,36,37,44,38,39,31,9,10,41,3,15,42,40,5,17,18,6,4
4116,0,1,36,37,44,38,39,31,9,10,41,3,15,42,40,5,17,18,6,4
4117,0,1,36,37,44,38,39,31,9,10,41,3,15,42,40,5,17,18,6,4
4118,0,1,36,37,44,38,39,31,9,10,41,3,15,42,40,5,17,18,6,4
4119,0,1,36,37,44,38,39,31,9,10,41,3,15,42,40,5,17,18,6,4
4120,0,1,36,37,44,38,39,31,9,10,41,3,15,42,40,5,17,18,6,4
4121,0,1,36,37,44,38,39,31,9,10,41,3,15,42,40,5,17,18,6,4
4122,0,1,36,37,44,38,39,31,9,10,41,3,15,42,40,5,17,18,6,4
4123,0,1,36,37,44,38,39,31,9,10,41,3,15,42,40,5,17,18,6,4
4124,0,1,36,37,44,38,39,31,9,10,41,3,15,42,40,5,17,18,6,4
4125,0,1,36,37,44,31,38,39,9,10,41,3,15,42,40,5,17,18,6,4
4126,0,1,36,37,44,31,38,39,9,10,41,3,15,42,40,5,17,18,6,4
4127,0,1,36,37,44,31,38,39,9,10,41,3,15,42,40,5,17,18,6,4
4128,0,1,36,37,44,31,38,39,9,10,41,3,15,42,40,5,17,18,6,4
4129,0,1,36,37,44,31,38,39,9,10,41,3,15,42,40,5,17,18,6,4
4130,0,1,36,37,44,31,38,39,9,10,41,3,15,42,40,5,17,18,6,4
4131,0,1,36,37,44,31,38,39,9,10,41,3,15,42,40,5,17,18,6,4
4132,0,1,36,37,44,31,38,39,9,10,41,3,15,42,40,5,17,18,6,4
4133,0,1,36,37,44,31,38,39,9,10,41,3,15,42,40,5,17,18,6,4
4134,0,1,36,37,44,31,38,39,9,10,41,3,15,42,40,5,17,18,6,4
4135,0,1,36,37,44,31,38,39,9,10,41,3,15,42,40,5,17,18,6,4
4136,0,1,36,37,44,31,38,39,9,10,41,3,15,42,40,5,17,18,6,4
4137,0,1,36,37,44,31,38,39,9,10,41,3,15,42,40,5,17,18,6,4
4138,0,1,36,37,44,31,38,39,9,10,41,3,15,42,40,5,17,18,6,4
4139,0,1,36,37,44,31,38,39,9,10,41,3,15,42,40,5,17,18,6,4
4140,0,1,36,37,44,31,38,39,9,10,41,3,15,42,40,5,17,18,6,4
4141,0,1,36,37,44,31,38,39,9,10,41,3,15,42,40,5,17,18,6,4
4142,0,1,36,37,44,31,38,39,9,10,41,3,15,42,40,5,17,18,6,4
4143,0,1,36,37,44,31,38,39,9,10,41,3,15,42,40,5,17,18,6,4
4144,0,1,36,37,44,31,38,39,9,10,41,3,15,42,40,5,17,18,6,4
4145,0,1,36,37,44,31,38,39,9,10,41,3,15,42,40,5,17,18,6,4
4146,0,1,36,37,44,31,38,39,9,10,41,3,15,42,40,5,17,18,6,4
4147,0,1,36,37,44,31,38,39,9,10,41,3,15,42,40,5,17,18,6,4
4148,0,1,36,37,44,31,38,39,9,10,41,3,15,42,40,5,17,18,6,4
4149,0,1,36,37,44,31,38,39,9,10,41,3,15,42,40,5,17,18,6,4
4150,0,1,36,37,44,31,38,39,9,10,41,3,15,42,40,5,17,18,6,4
4151,0,1,36,37,44,31,38,39,9,10,41,3,15,42,40,5,17,18,6,4
4152,0,1,36,37,44,31,38,39,9,10,41,3,15,42,40,5,17,18,6,4
4153,0,1,36,37,44,31,38,39,9,10,41,3,15,42,40,5,17,18,6,4
4154,0,1,36,37,44,31,38,39,9,10,41,3,15,42,40,5,17,18,6,4
4155,0,1,36,37,44,31,38,39,9,10,41,3,15,42,40,5,17,18,6,4
4156,0,1,36,37,44,31,38,39,9,10,41,3,15,42,40,5,17,18,6,4
4157,0,1,36,37,44,31,38,39,9,10,41,3,15,42,40,5,17,18,6,4
4158,0,1,36,37,44,31,38,39,9,10,41,3,15,42,40,5,17,18,6,4
4159,0,1,36,37,44,31,38,39,9,10,41,3,15,42,40,5,17,18,6,4
4160,0,1,36,37,44,31,38,39,9,10,41,3,15,42,40,5,17,18,6,4
4161,0,1,36,37,44,31,38,39,9,10,41,3,15,42,40,5,17,18,6,4
4162,0,1,36,37,44,31,38,39,9,10,41,3,15,42,40,5,17,18,6,4
4163,0,1,36,37,44,31,38,39,9,10,41,3,15,42,40,5,17,18,6,4
4164,0,1,36,37,44,31,38,39,9,10,41,3,15,42,40,5,17,18,6,4
4165,0,1,36,37,44,31,38,39,9,10,41,3,15,42,40,5,17,18,6,4
4166,0,1,36,37,44,31,38,39,9,10,41,3,15,42,40,5,17,18,6,4
4167,0,1,44,36,37,31,38,39,9,10,41,3,15,42,40,5,17,18,6,4
4168,0,1,44,36,37,31,38,39,9,10,41,3,15,42,40,5,17,18,6,4
4169,0,1,44,36,37,31,38,39,9,10,41,3,15,42,40,5,17,18,6,4
4170,0,1,44,36,37,31,38,39,9,10,41,3,15,42,40,5,17,18,6,4
4171,0,1,44,36,37,31,38,39,9,10,41,3,15,42,40,5,17,18,6,4
4172,0,1,44,36,37,31,38,39,9,10,41,3,15,42,40,5,17,18,6,4
4173,0,1,44,36,37,31,38,39,9,10,41,3,15,42,40,5,17,18,6,4
4174,0,1,44,36,37,31,38,39,9,10,41,3,15,42,40,5,17,18,6,4
4175,0,1,44,36,37,31,38,39,9,10,41,3,15,42,40,5,17,18,6,4
4176,0,1,44,36,37,31,38,39,9,10,41,3,15,42,40,5,17,18,6,4
4177,0,1,44,36,37,31,38,39,9,10,41,3,15,42,40,5,17,18,6,4
4178,0,1,44,36,37,31,38,39,9,10,41,3,15,42,40,5,17,18,6,4
4179,0,1,44,36,37,31,38,39,9,10,41,3,15,42,40,5,17,18,6,4
4180,0,1,44,36,37,31,38,39,9,10,41,3,15,42,40,5,17,18,6,4
4181,0,1,44,36,37,31,38,39,9,10,41,3,15,42,40,5,17,18,6,4
4182,0,1,44,36,37,31,38,39,9,10,41,3,15,42,40,5,17,18,6,4
4183,0,1,44,36,37,31,38,39,9,10,41,3,15,42,40,5,17,18,6,4
4184,0,1,44,36,37,31,38,39,9,10,41,3,15,42,40,5,17,18,6,4
4185,0,1,44,36,37,31,38,39,9,10,41,3,15,42,40,5,17,18,6,4
4186,0,1,44,36,37,38,39,31,9,10,41,3,15,42,40,5,17,18,6,4
4187,0,1,44,36,37,38,39,31,9,10,41,3,15,42,40,5,17,18,6,4
4188,0,1,44,36,37,38,39,31,9,10,41,3,15,42,40,5,17,18,6,4
4189,0,1,44,36,37,38,39,31,9,10,41,3,15,42,40,5,17,18,6,4
4190,0,1,44,36,37,38,39,31,9,10,41,3,15,42,40,5,17,18,6,4
4191,0,1,44,36,37,38,39,31,9,10,41,3,15,42,40,5,4,17,18,6
4192,0,1,44,36,37,38,39,31,9,10,41,3,15,42,40,5,4,17,18,6
4193,0,1,44,36,37,38,39,31,9,10,41,3,15,42,40,5,4,17,18,6
4194,0,1,44,36,37,38,39,31,9,10,41,3,15,42,40,4,5,17,18,6
4195,0,1,44,36,37,38,39,31,9,10,41,3,4,15,42,40,5,17,18,6
4196,0,1,44,36,37,38,39,31,9,10,41,3,4,15,42,40,5,17,18,6
4197,0,1,44,36,37,38,39,31,9,10,41,3,4,15,42,40,5,17,18,6
4198,0,1,44,36,37,38,39,31,9,10,41,3,4,15,42,40,5,17,18,6
4199,0,1,44,36,37,38,39,31,9,10,41,3,4,15,42,40,5,17,18,6
4200,0,1,44,36,37,38,39,31,9,10,41,3,4,15,42,40,5,17,18,6
4201,0,1,44,36,37,38,39,31,9,10,41,3,4,15,42,40,5,17,18,6
4202,0,1,44,36,37,38,39,31,9,10,41,3,4,15,42,40,5,17,18,6
4203,0,1,44,36,37,38,39,31,9,10,41,3,4,15,42,40,5,17,18,6
4204,0,1,44,36,37,38,39,31,9,10,41,3,4,15,42,40,5,17,18,6
4205,0,1,44,36,37,38,39,31,9,10,41,3,4,15,42,40,5,17,18,6
4206,0,1,44,36,37,38,39,31,9,10,41,3,4,15,42,40,5,17,18,6
4207,0,1,44,36,37,38,39,31,9,10,41,4,15,42,3,40,5,17,18,6
4208,0,1,44,36,37,38,39,31,9,10,41,4,15,42,40,3,5,17,18,35
4209,0,1,44,36,37,38,39,31,9,10,41,4,15,42,40,3,5,17,18,35
4210,0,1,44,36,37,38,39,31,9,10,41,4,15,42,40,3,17,18,5,35
4211,0,1,44,36,37,38,39,31,9,10,41,4,15,42,40,3,17,18,5,35
4212,0,1,44,36,37,38,39,31,9,10,41,4,15,42,40,3,17,18,5,35
4213,0,1,44,36,37,38,39,31,9,10,41,4,15,42,40,3,17,18,5,35
4214,0,1,44,36,37,38,39,31,9,10,41,4,15,42,40,3,17,18,5,35
4215,0,1,44,36,37,38,39,31,9,10,41,4,15,42,40,3,17,18,5,35
4216,0,1,44,36,37,38,39,31,9,10,41,4,15,42,40,3,17,18,5,35
4217,0,1,44,36,37,38,39,31,9,10,41,4,15,42,40,3,17,18,5,35
4218,0,1,44,36,37,38,39,31,9,10,41,4,15,42,40,3,17,18,5,35
4219,0,1,44,36,37,38,39,31,9,10,41,4,15,42,40,3,17,18,5,35
4220,0,1,44,36,37,38,39,31,9,10,41,4,15,42,40,3,17,18,5,35
4221,0,1,44,36,37,38,39,31,9,10,41,4,15,42,40,3,17,18,5,35
4222,0,1,44,36,37,38,39,31,9,10,41,4,15,42,40,3,17,18,5,35
4223,0,1,44,36,37,38,39,31,9,10,41,4,15,42,40,3,17,18,5,35
4224,0,1,44,36,37,38,39,31,9,10,41,4,15,42,40,3,17,18,5,35
4225,0,1,44,36,37,38,39,31,9,10,41,4,15,42,40,3,17,18,5,35
4226,0,1,44,36,37,38,39,31,9,10,41,4,15,42,40,3,17,18,5,35
4227,0,1,44,36,37,38,39,31,9,10,41,4,15,42,40,3,17,18,5,35
4228,0,1,44,36,37,38,39,31,9,10,41,4,15,42,40,3,17,18,5,35
4229,0,1,44,36,37,38,39,31,9,10,41,4,15,42,40,3,17,18,5,35
4230,0,1,44,36,37,31,38,39,9,10,41,4,15,42,40,3,17,18,5,35
4231,0,1,44,36,37,31,38,39,9,10,41,4,15,42,40,3,17,18,5,35
4232,0,1,44,36,37,31,38,39,9,10,41,4,15,42,40,3,17,18,5,35
4233,0,1,44,36,37,31,38,39,9,10,41,4,15,42,40,3,17,18,5,35
4234,0,1,44,36,37,31,38,39,9,10,41,4,15,42,40,3,17,18,5,35
4235,0,1,44,36,37,31,38,39,9,10,41,4,15,42,40,3,17,18,5,35
4236,0,1,44,36,37,31,38,39,9,10,41,4,15,42,40,3,17,18,5,35
4237,0,1,44,36,37,31,38,39,9,10,41,4,15,42,40,3,17,18,5,35
4238,0,1,44,36,37,31,38,39,9,10,41,4,15,42,40,3,17,18,5,35
4239,0,1,44,36,37,31,38,39,9,10,41,4,15,42,40,3,17,18,5,35
4240,0,1,44,36,37,31,38,39,9,10,41,4,15,42,40,3,17,18,5,35
4241,0,1,44,36,37,31,38,39,9,10,41,4,15,42,40,3,17,18,5,35
4242,0,1,44,36,37,31,38,39,9,10,41,4,15,42,40,3,17,18,5,35
4243,0,1,44,36,37,31,38,39,9,10,41,4,15,42,40,3,17,18,5,35
4244,0,1,44,36,37,31,38,39,9,10,41,4,15,42,40,3,17,18,5,35
4245,0,1,44,36,37,31,38,39,9,10,41,4,15,42,40,3,17,18,5,35
4246,0,1,44,36,37,31,38,39,9,10,41,4,15,42,40,3,17,18,5,35
4247,0,1,44,36,37,31,38,39,9,10,41,4,15,42,40,3,17,18,5,35
4248,0,1,44,36,37,31,38,39,9,10,41,4,15,42,40,3,17,18,5,35
4249,0,1,44,36,37,31,38,39,9,10,41,4,15,42,40,3,17,18,5,35
4250,0,1,44,36,37,31,38,39,9,10,41,4,15,42,40,3,17,18,5,35
4251,0,1,44,36,37,31,38,39,9,10,41,4,15,42,40,3,17,18,5,35
4252,0,1,44,36,37,31,38,39,9,10,41,4,15,42,40,3,17,18,5,35
4253,0,1,44,36,37,31,38,39,9,10,41,4,15,42,40,3,17,18,5,35
4254,0,1,44,36,37,31,38,39,9,10,41,4,15,42,40,3,17,18,5,35
4255,0,1,44,36,37,31,38,39,9,10,41,4,15,42,40,3,17,18,5,35
4256,0,1,44,36,37,31,38,39,9,10,41,4,15,42,40,3,17,18,5,35
4257,0,1,44,36,37,31,38,39,9,10,41,4,15,42,40,3,17,18,5,35
4258,0,1,44,36,37,31,38,39,9,10,41,4,15,42,40,3,17,18,5,35
4259,0,1,44,36,37,31,38,39,9,10,41,4,15,42,40,3,17,18,5,35
4260,0,1,44,36,37,31,38,39,9,10,41,4,15,42,40,3,17,18,5,35
4261,0,1,44,36,37,31,38,39,9,10,41,4,15,42,40,3,17,18,5,35
4262,0,1,44,36,37,31,38,39,9,10,41,4,15,42,40,3,17,18,5,35
4263,0,1,44,36,37,31,38,39,9,10,41,4,15,42,40,3,17,18,5,35
4264,0,1,44,36,37,31,38,39,9,10,41,4,15,42,40,3,17,18,5,35
4265,0,1,44,36,37,31,38,39,9,10,41,4,15,42,40,3,17,18,5,35
4266,0,1,44,36,37,31,38,39,9,10,41,4,15,42,40,3,17,18,5,35
4267,0,1,44,36,37,31,38,39,9,10,41,4,15,42,40,3,17,18,5,35
4268,0,1,44,36,37,31,38,39,9,10,41,4,15,42,40,3,17,18,5,35
4269,0,1,44,36,37,31,38,39,9,10,41,4,15,42,40,3,17,18,5,35
4270,0,1,44,36,37,31,38,39,9,10,41,4,15,42,40,3,17,18,5,35
4271,0,1,44,36,37,31,38,39,9,10,41,4,15,42,40,3,17,18,5,35
4272,0,1,44,36,37,31,38,39,9,10,41,4,15,42,40,3,17,18,5,35
4273,0,1,44,36,37,31,38,39,9,10,41,4,15,42,40,3,17,18,5,35
4274,0,1,44,36,37,31,38,39,9,10,41,4,15,42,40,3,17,18,5,35
4275,0,1,44,36,37,31,38,39,9,10,41,4,15,42,40,3,17,18,5,35
4276,0,1,44,36,37,31,38,39,9,10,41,4,15,42,40,3,17,18,5,35
4277,0,1,44,36,37,31,38,39,9,10,41,4,15,42,40,3,17,18,5,35
4278,0,1,44,36,37,31,38,39,9,10,41,4,15,42,40,3,17,18,5,35
4279,0,1,44,36,37,31,38,39,9,10,41,4,15,42,40,3,17,18,5,35
4280,0,1,44,36,37,31,38,39,9,10,41,4,15,42,40,3,17,18,5,35
4281,0,1,44,36,37,31,38,39,9,10,41,4,15,42,40,3,17,18,5,35
4282,0,1,44,36,37,31,38,39,9,10,41,4,15,42,40,3,17,18,5,35
4283,0,1,44,36,37,31,38,39,9,10,41,4,15,42,40,3,17,18,5,35
4284,0,1,44,36,37,31,38,39,9,10,41,4,15,42,40,3,17,18,5,35
4285,0,1,44,36,37,31,38,39,9,10,41,4,15,42,40,3,17,18,5,35
4286,0,1,44,36,37,38,39,31,9,10,41,4,15,42,40,3,17,18,5,35
4287,0,1,44,36,37,38,39,31,9,10,41,4,15,42,40,3,17,18,5,35
4288,0,1,44,36,37,38,39,31,9,10,41,4,15,42,40,3,17,18,5,35
4289,0,1,44,36,37,38,39,31,9,10,41,4,15,42,40,3,17,18,5,35
4290,0,1,44,36,37,38,39,31,9,10,41,4,15,42,40,3,17,18,5,35
4291,0,1,44,36,37,38,39,31,9,10,41,4,15,42,40,3,17,18,5,35
4292,0,1,44,36,37,38,39,31,9,10,41,4,15,42,40,3,17,18,5,35
4293,0,1,44,36,37,38,39,31,9,10,41,4,15,42,40,3,17,18,5,35
4294,0,1,44,36,37,38,39,31,9,10,41,4,15,42,40,3,17,18,5,35
4295,0,1,44,36,37,38,39,31,9,10,41,4,15,42,40,3,17,18,5,35
4296,0,1,44,36,37,38,39,31,9,10,41,4,15,42,40,3,17,18,5,35
4297,0,1,44,36,37,38,39,31,9,10,41,4,15,42,40,3,17,18,5,35
4298,0,1,44,36,37,38,39,31,9,10,41,4,15,42,40,3,17,18,5,35
4299,0,1,44,36,37,38,39,31,9,10,41,4,15,42,40,3,17,18,5,35
4300,0,1,44,36,37,38,39,31,9,10,41,4,15,42,40,3,17,18,5,35
4301,0,1,44,36,37,38,39,31,9,10,41,4,15,42,40,3,17,18,5,35
4302,0,1,44,36,37,38,39,31,9,10,41,4,15,42,40,3,17,18,5,35
4303,0,1,44,36,37,38,39,31,9,10,41,4,15,42,40,3,17,18,5,35
4304,0,1,44,36,37,38,39,31,9,10,41,4,15,42,40,3,17,18,5,35
4305,0,1,44,36,37,38,39,31,9,10,41,4,15,42,40,3,17,18,5,35
4306,0,1,44,36,37,38,39,31,9,10,41,4,15,42,40,3,17,18,5,35
4307,0,1,44,36,37,38,39,31,9,10,41,4,15,42,40,3,17,18,5,35
4308,0,1,44,36,37,38,39,31,9,10,41,4,15,42,40,3,17,18,5,35
4309,0,1,44,36,37,38,39,31,9,10,41,4,15,42,40,3,17,18,5,35
4310,0,1,44,36,37,38,39,31,9,10,41,4,15,42,40,3,17,18,5,35
4311,0,1,44,36,37,38,39,31,9,10,41,4,15,42,40,3,17,18,5,35
4312,0,1,44,36,37,38,39,31,9,10,41,4,15,42,40,3,17,18,5,35
4313,0,1,44,36,37,38,39,31,9,10,41,4,15,42,40,3,17,18,5,35
4314,0,1,44,36,37,38,39,31,9,10,41,4,15,42,40,3,17,18,5,35
4315,0,1,44,36,37,31,38,39,9,10,41,4,15,42,40,3,17,18,5,35
4316,0,1,44,36,37,38,39,31,9,10,41,4,15,42,40,3,17,18,35,5
4317,0,1,44,36,37,38,39,31,9,10,41,4,15,42,40,3,17,18,35,5
4318,0,1,44,36,37,38,39,31,9,10,41,4,15,42,40,3,17,18,35,33
4319,0,1,44,36,37,38,39,31,9,10,41,4,15,42,40,17,18,3,35,33
4320,0,1,44,36,37,38,39,31,9,10,41,4,15,42,40,17,18,3,35,33
4321,0,1,44,36,37,38,39,31,9,10,41,4,15,42,40,17,18,3,35,33
4322,0,1,44,36,37,38,39,31,9,10,41,4,15,42,40,17,18,3,35,33
4323,0,1,44,36,37,38,39,31,9,10,41,4,15,42,40,17,18,3,35,33
4324,0,1,44,36,37,38,39,31,9,10,41,4,15,42,40,17,18,3,35,33
4325,0,1,44,36,37,31,38,39,9,10,41,4,15,42,40,17,18,3,35,33
4326,0,1,44,36,37,31,38,39,9,10,41,4,15,42,40,17,18,3,35,33
4327,0,1,44,36,37,31,38,39,9,10,41,4,15,42,40,17,18,3,35,33
4328,0,1,44,36,37,31,38,39,9,10,41,4,15,42,40,17,18,3,35,33
4329,0,1,44,36,37,31,38,39,9,10,41,4,15,42,40,17,18,3,35,33
4330,0,1,44,36,37,31,38,39,9,10,41,4,15,42,40,17,18,3,35,33
4331,0,1,44,36,37,31,38,39,9,10,41,15,42,40,4,17,18,3,35,33
4332,0,1,44,36,37,31,38,39,9,10,41,15,42,40,4,17,18,3,35,33
4333,0,1,44,36,37,31,38,39,9,10,41,15,42,40,4,17,18,3,35,33
4334,0,1,44,36,37,31,38,39,9,10,41,15,42,40,4,17,18,3,35,33
4335,0,1,44,36,37,31,38,39,9,10,41,15,42,40,17,18,3,4,35,33
4336,0,1,44,36,37,31,38,39,9,10,41,15,42,40,17,18,3,4,35,33
4337,0,1,44,36,37,31,38,39,9,10,41,15,42,40,17,18,3,4,35,33
4338,0,1,44,36,37,31,38,39,9,10,41,15,42,40,17,18,3,4,35,33
4339,0,1,44,36,37,31,38,39,9,10,41,15,42,40,17,18,3,4,35,33
4340,0,1,44,36,37,31,38,39,9,10,41,15,42,40,17,18,3,4,35,33
4341,0,1,44,36,37,31,38,39,9,10,41,15,42,40,17,18,3,4,35,33
4342,0,1,44,36,37,31,38,39,9,10,41,15,42,40,17,18,3,4,35,33
4343,0,1,44,36,37,31,38,39,9,10,41,15,42,40,17,18,3,4,35,33
4344,0,1,44,36,37,31,38,39,9,10,41,15,42,40,17,18,3,4,35,33
4345,0,1,44,36,37,31,38,39,9,10,41,15,42,40,17,18,3,4,35,33
4346,0,1,44,36,37,38,39,31,9,10,41,15,42,40,17,18,3,4,35,33
4347,0,1,44,36,37,38,39,31,9,10,41,15,42,40,17,18,3,4,35,33
4348,0,1,44,36,37,38,39,31,9,10,41,15,42,40,17,18,3,4,35,33
4349,0,1,44,36,37,38,39,31,9,10,41,15,42,40,17,18,3,4,35,33
4350,0,1,44,36,37,38,39,31,9,10,41,15,42,40,17,18,3,4,35,33
4351,0,1,44,36,37,38,39,31,9,10,41,15,42,40,17,18,3,4,35,33
4352,0,1,44,36,37,38,39,31,9,10,41,15,42,40,17,18,3,4,35,33
4353,0,1,44,36,37,38,39,31,9,10,41,15,42,40,17,18,3,4,35,33
4354,0,1,44,36,37,38,39,31,9,10,41,15,42,40,17,18,3,4,35,33
4355,0,1,44,36,37,31,38,39,9,10,41,15,42,40,17,18,3,4,35,33
4356,0,44,1,36,37,38,39,31,9,10,41,15,42,40,17,18,3,4,35,33
4357,0,44,1,36,37,38,39,31,9,10,41,15,42,40,17,18,3,4,35,33
4358,0,44,1,36,37,38,39,31,9,10,41,15,42,40,17,18,3,4,35,33
4359,0,44,1,36,37,38,39,31,9,10,41,15,42,40,17,18,3,4,35,33
4360,0,44,1,36,37,38,39,31,9,10,41,15,42,40,17,18,3,4,35,33
4361,0,44,1,36,37,38,39,31,9,10,41,15,42,40,17,18,3,4,35,33
4362,0,44,1,36,37,38,39,31,9,10,41,15,42,40,17,18,3,4,35,33
4363,0,44,1,36,37,38,39,31,9,10,41,15,42,40,17,18,3,4,35,33
4364,0,44,1,36,37,38,39,31,9,10,41,15,42,40,17,18,3,4,35,33
4365,0,44,1,36,37,38,39,31,9,10,41,15,42,40,17,18,3,4,35,33
4366,0,44,1,36,37,38,39,31,9,10,41,15,42,40,17,18,4,35,3,33
4367,0,44,1,36,37,38,39,31,9,10,41,15,42,40,17,18,4,35,3,33
4368,0,44,1,36,37,38,39,31,9,10,41,15,42,40,17,18,4,35,3,33
4369,0,44,1,36,37,38,39,31,9,10,41,15,42,40,17,18,4,35,3,33
4370,0,44,1,36,37,31,38,39,9,10,41,15,42,40,17,18,4,35,3,33
4371,0,44,1,36,37,31,38,39,9,10,41,15,42,40,17,18,4,35,3,33
4372,0,44,1,36,37,31,38,39,9,10,41,15,42,40,17,18,4,35,3,33
4373,0,44,1,36,37,31,38,39,9,10,41,15,42,40,17,18,4,35,3,33
4374,0,44,1,36,37,31,38,39,9,10,41,15,42,40,17,18,4,35,3,33
4375,0,44,1,36,37,31,38,39,9,10,41,15,42,40,17,18,4,35,3,33
4376,0,44,1,36,37,31,38,39,9,10,41,15,42,40,17,18,4,35,3,33
4377,0,44,1,36,37,31,38,39,9,10,41,15,42,40,17,18,4,35,3,33
4378,0,44,1,36,37,31,38,39,9,10,41,15,42,40,17,18,4,35,3,33
4379,0,44,1,36,37,31,38,39,9,10,41,15,42,40,17,18,4,35,3,33
4380,0,44,1,36,37,31,38,39,9,10,41,15,42,40,17,18,4,35,3,33
4381,0,44,1,36,37,31,38,39,9,10,41,15,42,40,17,18,4,35,3,33
4382,0,44,1,36,37,31,38,39,9,10,41,15,42,40,17,18,4,35,3,33
4383,0,44,1,36,37,31,38,39,9,10,41,15,42,40,17,18,4,35,3,33
4384,0,44,1,36,37,31,38,39,9,10,41,15,42,40,17,18,4,35,3,33
4385,0,44,1,36,37,31,38,39,9,10,41,15,42,40,17,18,4,35,3,33
4386,0,44,1,36,37,31,38,39,9,10,41,15,42,40,17,18,4,35,3,33
4387,0,44,1,36,37,31,38,39,9,10,41,15,42,40,17,18,4,35,3,33
4388,0,44,1,36,37,31,38,39,9,10,41,15,42,40,17,18,4,35,3,33
4389,0,44,1,36,37,31,38,39,9,10,41,15,42,40,17,18,4,35,3,33
4390,0,44,1,36,37,31,38,39,9,10,41,15,42,40,17,18,4,35,3,33
4391,0,44,1,36,37,31,38,39,9,10,41,15,42,40,17,18,4,35,3,33
4392,0,44,1,36,37,31,38,39,9,10,41,15,42,40,17,18,4,35,3,33
4393,0,44,1,36,37,31,38,39,9,10,41,15,42,40,17,18,4,35,3,33
4394,0,44,1,36,37,31,38,39,9,10,41,15,42,40,17,18,4,35,3,33
4395,0,44,1,36,37,31,38,39,9,10,41,15,42,40,17,18,4,35,3,33
4396,0,44,1,36,37,31,38,39,9,10,41,15,42,40,17,18,4,35,3,33
4397,0,44,1,36,37,31,38,39,9,10,41,15,42,40,17,18,4,35,3,33
4398,0,44,1,36,37,31,38,39,9,10,41,15,42,40,17,18,4,35,3,33
4399,0,44,1,36,37,31,38,39,9,10,41,15,42,40,17,18,4,35,3,33
4400,0,44,1,36,37,31,38,39,9,10,41,15,42,40,17,18,4,35,3,33
4401,0,44,1,36,37,31,38,39,9,10,41,15,42,40,17,18,4,35,3,33
4402,0,44,1,36,37,31,38,39,9,10,41,15,42,40,17,18,4,35,3,33
4403,0,44,1,36,37,31,38,39,9,10,41,15,42,40,17,18,4,35,3,33
4404,0,44,1,36,37,31,38,39,9,10,41,15,42,40,17,18,4,35,3,33
4405,0,44,1,36,37,31,38,39,9,10,41,15,42,40,17,18,4,35,3,33
4406,0,44,1,36,37,31,38,39,9,10,41,15,42,40,17,18,4,35,3,33
4407,0,44,1,36,37,31,38,39,9,10,41,15,42,40,17,18,4,35,3,33
4408,0,44,1,36,37,31,38,39,9,10,41,15,42,40,17,18,4,35,3,33
4409,0,44,1,36,37,31,38,39,9,10,41,15,42,40,17,18,4,35,3,33
4410,0,44,1,36,37,31,38,39,9,10,41,15,42,40,17,18,4,35,3,33
4411,0,44,1,36,37,31,38,39,9,10,41,15,42,40,17,18,4,35,3,33
4412,0,44,1,36,37,31,38,39,9,10,41,15,42,40,17,18,4,35,3,33
4413,0,44,1,36,37,31,38,39,9,10,41,15,42,40,17,18,4,35,3,33
4414,0,44,1,36,37,31,38,39,9,10,41,15,42,40,17,18,4,35,3,33
4415,0,44,1,36,37,31,38,39,9,10,41,15,42,40,17,18,4,35,3,33
4416,0,44,1,36,37,38,39,31,9,10,41,15,42,40,17,18,4,35,3,33
4417,0,44,1,36,37,38,39,31,9,10,41,15,42,40,17,18,4,35,3,33
4418,0,44,1,36,37,38,39,31,9,10,41,15,42,40,17,18,4,35,3,33
4419,0,44,1,36,37,38,39,31,9,10,41,15,42,40,17,18,4,35,3,33
4420,0,44,1,36,37,38,39,31,9,10,41,15,42,40,17,18,4,35,3,33
4421,0,44,1,36,37,38,39,31,9,10,41,15,42,40,17,18,4,35,3,33
4422,0,44,1,36,37,38,39,31,9,10,41,15,42,40,17,18,4,35,33,3
4423,0,44,1,36,37,38,39,31,9,10,41,15,42,40,17,18,4,35,33,3
4424,0,44,1,36,37,38,39,31,9,10,41,15,42,40,17,18,4,35,33,3
4425,0,44,1,36,37,38,39,31,9,10,41,15,42,40,17,18,4,35,33,3
4426,0,44,1,36,37,38,39,31,9,10,41,15,42,40,17,18,4,35,33,3
4427,0,44,1,36,37,38,39,31,9,10,41,15,42,40,17,18,4,35,33,3
4428,0,44,1,36,37,38,39,31,9,10,41,15,42,40,17,18,4,35,33,3
4429,0,44,1,36,37,38,39,31,9,10,41,15,42,40,17,18,4,35,33,3
4430,0,44,1,36,37,38,39,31,9,10,41,15,42,40,17,18,4,35,33,3
4431,0,44,1,36,37,38,39,31,9,10,41,15,42,40,17,18,4,35,33,3
4432,0,44,1,36,37,38,39,31,9,10,41,15,42,40,17,18,4,35,33,3
4433,0,44,1,36,37,38,39,31,9,10,41,15,42,40,17,18,4,35,33,3
4434,0,44,1,36,37,38,39,31,9,10,41,15,42,40,17,18,4,35,33,3
4435,0,44,1,36,37,31,38,39,9,10,41,15,42,40,17,18,4,35,33,3
4436,0,44,1,36,37,31,38,39,9,10,41,15,42,40,17,18,4,35,33,3
4437,0,44,1,36,37,31,38,39,9,10,41,15,42,40,17,18,4,35,33,3
4438,0,44,1,36,37,31,38,39,9,10,41,15,42,40,17,18,4,35,33,3
4439,0,44,1,36,37,31,38,39,9,10,41,15,42,40,17,18,4,35,33,3
4440,0,44,1,36,37,31,38,39,9,10,41,15,42,40,17,18,4,35,33,3
4441,0,44,1,36,37,31,38,39,9,10,41,15,42,40,17,18,4,35,33,3
4442,0,44,1,36,37,31,38,39,9,10,41,15,42,40,17,18,4,35,33,3
4443,0,44,1,36,37,31,38,39,9,10,41,15,42,40,17,18,35,4,33,3
4444,0,44,1,36,37,31,38,39,9,10,41,15,42,40,17,18,35,4,33,3
4445,0,44,1,36,37,31,38,39,9,10,41,15,42,40,17,18,35,4,33,3
4446,0,44,1,36,37,31,38,39,9,10,41,15,42,40,17,18,35,4,33,3
4447,0,44,1,36,37,31,38,39,9,10,41,15,42,40,17,18,35,4,33,3
4448,0,44,1,36,37,31,38,39,9,10,41,15,42,40,17,18,35,4,33,3
4449,0,44,1,36,37,31,38,39,9,10,41,15,42,40,17,18,35,4,33,3
4450,0,44,1,36,37,31,38,39,9,10,41,15,42,40,17,18,35,4,33,3
4451,0,44,1,36,37,31,38,39,9,10,41,15,42,40,17,18,35,4,33,3
4452,0,44,1,36,37,31,38,39,9,10,41,15,42,40,17,18,35,4,33,3
4453,0,44,1,36,37,31,38,39,9,10,41,15,42,40,17,18,35,4,33,3
4454,0,44,1,36,37,31,38,39,9,10,41,15,42,40,17,18,35,4,33,3
4455,0,44,1,36,37,31,38,39,9,10,41,15,42,40,17,18,35,4,33,3
4456,0,44,1,36,37,31,38,39,9,10,41,15,42,40,17,18,35,4,33,3
4457,0,44,1,36,37,31,38,39,9,10,41,15,42,40,17,18,35,4,33,3
4458,0,44,1,36,37,31,38,39,9,10,41,15,42,40,17,18,35,4,33,3
4459,0,44,1,36,37,31,38,39,9,10,41,15,42,40,17,18,35,4,33,3
4460,0,44,1,36,37,31,38,39,9,10,41,15,42,40,17,18,35,4,33,3
4461,0,44,1,36,37,31,38,39,9,10,41,15,42,40,17,18,35,4,33,3
4462,0,44,1,36,37,31,38,39,9,10,41,15,42,40,17,18,35,4,33,3
4463,0,44,1,36,37,31,38,39,9,10,41,15,42,40,17,18,35,4,33,3
4464,0,44,1,36,37,31,38,39,9,10,41,15,42,40,17,18,35,4,33,3
4465,0,44,1,36,37,31,38,39,9,10,41,15,42,40,17,18,35,4,33,3
4466,0,44,1,36,37,31,38,39,9,10,41,15,42,40,17,18,35,4,33,3
4467,0,44,1,36,37,31,38,39,9,10,41,15,42,40,17,18,35,4,33,3
4468,0,44,1,36,37,31,38,39,9,10,41,15,42,40,17,18,35,4,33,3
4469,0,44,1,36,37,31,38,39,9,10,41,15,42,40,17,18,35,4,33,3
4470,0,44,1,36,37,31,38,39,9,10,41,15,42,40,17,18,35,4,33,3
4471,0,44,1,36,37,31,38,39,9,10,41,15,42,40,17,18,35,4,33,3
4472,0,44,1,36,37,31,38,39,9,10,41,15,42,40,17,18,35,4,33,3
4473,0,44,1,36,37,31,38,39,9,10,41,15,42,40,17,18,4,35,33,3
4474,0,44,1,36,37,31,38,39,9,10,41,15,42,40,17,18,4,35,33,3
4475,0,44,1,36,37,31,38,39,9,10,41,15,42,40,17,18,4,35,33,3
4476,0,44,1,36,37,31,38,39,9,10,41,15,42,40,17,18,4,35,33,3
4477,0,44,1,36,37,31,38,39,9,10,41,15,42,40,17,18,4,35,33,3
4478,0,44,1,36,37,31,38,39,9,10,41,15,42,40,17,18,4,35,33,3
4479,0,44,1,36,37,31,38,39,9,10,41,15,42,40,17,18,4,35,33,3
4480,0,44,1,36,37,31,38,39,9,10,41,15,42,40,17,18,4,35,33,3
4481,0,44,1,36,37,31,38,39,9,10,41,15,42,40,17,18,4,35,33,3
4482,0,44,1,36,37,31,38,39,9,10,41,15,42,40,17,18,4,35,33,3
4483,0,44,1,36,37,31,38,39,9,10,41,15,42,40,17,18,4,35,33,3
4484,0,44,1,36,37,31,38,39,9,10,41,15,42,40,17,18,4,35,33,3
4485,0,44,1,36,37,31,38,39,9,10,41,15,42,40,17,18,4,35,33,3
4486,0,44,1,36,37,31,38,39,9,10,41,15,42,40,17,18,4,35,33,3
4487,0,44,1,36,37,31,38,39,9,10,41,15,42,40,17,18,4,35,33,3
4488,0,44,1,36,37,31,38,39,9,10,41,15,42,40,17,18,4,35,33,3
4489,0,44,1,36,37,31,38,39,9,10,41,15,42,40,17,18,4,35,33,3
4490,0,44,1,36,37,31,38,39,9,10,41,15,42,40,17,18,4,35,33,3
4491,0,44,1,36,37,31,38,39,9,10,41,15,42,40,17,18,4,35,33,3
4492,0,44,1,36,37,31,38,39,9,10,41,15,42,40,17,18,4,35,33,3
4493,0,44,1,36,37,31,38,39,9,10,41,15,42,40,17,18,4,35,33,3
4494,0,44,1,36,37,31,38,39,9,10,41,15,42,40,17,18,4,35,33,3
4495,0,44,1,36,37,31,38,39,9,10,41,15,42,40,17,18,4,35,33,3
4496,0,44,1,36,37,31,38,39,9,10,41,15,42,40,17,18,4,35,33,3
4497,0,44,1,36,37,31,38,39,9,10,41,15,42,40,17,18,4,35,33,3
4498,0,44,1,36,37,31,38,39,9,10,41,15,42,40,17,18,4,35,33,3
4499,0,44,1,36,37,31,38,39,9,10,41,15,42,40,17,18,4,35,33,3
4500,0,44,1,36,37,31,38,39,9,10,41,15,42,40,17,18,4,35,33,3
4501,0,44,1,36,37,31,38,39,9,10,41,15,42,40,17,18,4,35,33,3
4502,0,44,1,36,37,31,38,39,9,10,41,15,42,40,17,18,4,35,33,3
4503,0,44,1,36,37,31,38,39,9,10,41,15,42,40,17,18,4,35,33,3
4504,0,44,1,36,37,31,38,39,9,10,41,15,42,40,17,18,4,35,33,3
4505,0,44,1,36,37,31,38,39,9,10,41,15,42,40,17,18,4,35,33,3
4506,0,44,1,36,37,31,38,39,9,10,41,15,42,40,17,18,4,35,33,3
4507,0,44,1,36,37,31,38,39,9,10,41,15,42,40,17,18,4,35,33,3
4508,0,44,1,36,37,31,38,39,9,10,41,15,42,40,17,18,4,35,33,3
4509,0,44,1,36,37,31,38,39,9,10,41,15,42,40,17,18,4,35,33,3
4510,0,44,1,36,37,31,38,39,9,10,41,15,42,40,17,18,4,35,33,3
4511,0,44,1,36,37,31,38,39,9,10,41,15,42,40,17,18,4,35,33,3
4512,0,44,1,36,37,31,38,39,9,10,41,15,42,40,17,18,4,35,33,3
4513,0,44,1,36,37,31,38,39,9,10,41,15,42,40,17,18,4,35,33,3
4514,0,44,1,36,37,31,38,39,9,10,41,15,42,40,17,18,4,35,33,3
4515,0,44,1,36,37,31,38,39,9,10,41,15,42,40,17,18,4,35,33,3
4516,0,44,1,36,37,31,38,39,9,10,41,15,42,40,17,18,4,35,33,3
4517,0,44,1,36,37,31,38,39,9,10,41,15,42,40,17,18,4,35,33,3
4518,0,44,1,36,37,31,38,39,9,10,41,15,42,40,17,18,4,35,33,3
4519,0,44,1,36,37,31,38,39,9,10,41,15,42,40,17,18,4,35,33,3
4520,0,44,1,36,37,31,38,39,9,10,41,15,42,40,17,18,4,35,33,3
4521,0,44,1,36,37,38,39,31,9,10,41,15,42,40,17,18,4,35,33,3
4522,0,44,1,36,37,38,39,31,9,10,41,15,42,40,17,18,4,35,33,3
4523,0,44,1,36,37,38,39,31,9,10,41,15,42,40,17,18,4,35,33,3
4524,0,44,1,36,37,38,39,31,9,10,41,15,42,40,17,18,4,35,33,3
4525,0,44,1,36,37,38,39,31,9,10,41,15,42,40,17,18,4,35,33,3
4526,0,44,1,36,37,38,39,31,9,10,41,15,42,40,17,18,4,35,33,3
4527,0,44,1,36,37,38,39,31,9,10,41,15,42,40,17,18,4,35,33,3
4528,0,44,1,36,37,38,39,31,9,10,41,15,42,40,17,18,4,35,33,3
4529,0,44,1,36,37,38,39,31,9,10,41,15,42,40,17,18,4,35,33,3
4530,0,44,1,36,37,38,39,31,9,10,41,15,42,40,17,18,4,35,33,3
4531,0,44,1,36,37,38,39,31,9,10,41,15,42,40,17,18,4,35,33,3
4532,0,44,1,36,37,38,39,31,9,10,41,15,42,40,17,18,4,35,33,3
4533,0,44,1,36,37,38,39,31,9,10,41,15,42,40,17,18,4,35,33,3
4534,0,44,1,36,37,38,39,31,9,10,41,15,42,40,17,18,4,35,33,3
4535,0,44,1,36,37,38,39,31,9,10,41,15,42,40,17,18,4,35,33,3
4536,0,44,1,36,37,38,39,31,9,10,41,15,42,40,17,18,4,35,33,3
4537,0,44,1,36,37,38,39,31,9,10,41,15,42,40,17,18,4,35,33,3
4538,0,44,1,36,37,38,39,31,9,10,41,15,42,40,17,18,4,35,33,3
4539,0,44,1,36,37,38,39,31,9,10,41,15,42,40,17,18,4,35,33,3
4540,0,44,1,36,37,31,38,39,9,10,41,15,42,40,17,18,4,35,33,3
4541,0,44,1,36,37,31,38,39,9,10,41,15,42,40,17,18,4,35,33,3
4542,0,44,1,36,37,31,38,39,9,10,41,15,42,40,17,18,4,35,33,3
4543,0,44,1,36,37,31,38,39,9,10,41,15,42,40,17,18,4,35,33,3
4544,0,44,1,36,37,31,38,39,9,10,41,15,42,40,17,18,4,35,33,3
4545,0,44,1,36,37,31,38,39,9,10,41,15,42,40,17,18,4,35,33,3
4546,0,44,1,36,37,31,38,39,9,10,41,15,42,40,17,18,4,35,33,3
4547,0,44,1,36,37,31,38,39,9,10,41,15,42,40,17,18,4,35,33,3
4548,0,44,1,36,37,31,38,39,9,10,41,15,42,40,17,18,4,35,33,3
4549,0,44,1,36,37,31,38,39,9,10,41,15,42,40,17,18,4,35,33,3
4550,0,44,1,36,37,31,38,39,9,10,41,15,42,40,17,18,4,35,33,3
4551,0,44,1,36,37,31,38,39,9,10,41,15,42,40,17,18,4,35,33,3
4552,0,44,1,36,37,31,38,39,9,10,41,15,42,40,17,18,4,35,33,3
4553,0,44,1,36,37,31,38,39,9,10,41,15,42,40,17,18,4,35,33,3
4554,0,44,1,36,37,31,38,39,9,10,41,15,42,40,17,18,4,35,33,3
4555,0,44,1,36,37,31,38,39,9,10,41,15,42,40,17,18,4,35,33,3
4556,0,44,1,36,37,31,38,39,9,10,41,15,42,40,17,18,4,35,33,3
4557,0,44,1,36,37,31,38,39,9,10,41,15,42,40,17,18,4,35,33,3
4558,0,44,1,36,37,31,38,39,9,10,41,15,42,40,17,18,4,35,33,3
4559,0,44,1,36,37,31,38,39,9,10,41,15,42,40,17,18,4,35,33,3
4560,0,44,1,36,37,31,38,39,9,10,41,15,42,40,17,18,4,35,33,3
4561,0,44,1,36,37,31,38,39,9,10,41,15,42,40,17,18,4,35,33,3
4562,0,44,1,36,37,31,38,39,9,10,41,15,42,40,17,18,4,35,33,3
4563,0,44,1,36,37,31,38,39,9,10,41,15,42,40,17,18,4,35,33,3
4564,0,44,1,36,37,31,38,39,9,10,41,15,42,40,17,18,4,35,33,3
4565,0,44,1,36,37,31,38,39,9,10,41,15,42,40,17,18,4,35,33,3
4566,0,44,1,36,37,38,39,31,9,10,41,15,42,40,17,18,4,35,33,3
4567,0,44,1,36,37,38,39,31,9,10,41,15,42,40,17,18,4,35,33,3
4568,0,44,1,36,37,38,39,31,9,10,41,15,42,40,17,18,4,35,33,19
4569,0,44,1,36,37,38,39,31,9,10,41,15,42,40,17,18,4,35,33,19
4570,0,44,1,36,37,38,39,31,9,10,41,15,42,40,17,18,4,35,33,19
4571,0,44,1,36,37,38,39,31,9,10,41,15,42,40,17,18,4,35,33,19
4572,0,44,1,36,37,38,39,31,9,10,41,15,42,40,17,18,4,35,33,19
4573,0,44,1,36,37,38,39,31,9,10,41,15,42,40,17,18,4,35,33,19
4574,0,44,1,36,37,38,39,31,9,10,41,15,42,40,17,18,4,35,33,19
4575,0,44,1,36,37,38,39,31,9,10,41,15,42,40,17,18,4,35,33,19
4576,0,44,1,36,37,38,39,31,9,10,41,15,42,40,17,18,4,35,33,19
4577,0,44,1,36,37,38,39,31,9,10,41,15,42,40,17,18,4,35,33,19
4578,0,44,1,36,37,38,39,31,9,10,41,15,42,40,17,18,4,35,33,19
4579,0,44,1,36,37,38,39,31,9,10,41,15,42,40,17,18,4,35,33,19
4580,0,44,1,36,37,38,39,31,9,10,41,15,42,40,17,18,4,35,33,19
4581,0,44,1,36,37,38,39,31,9,10,41,15,42,40,17,18,4,35,33,19
4582,0,44,1,36,37,38,39,31,9,10,41,15,42,40,17,18,4,35,33,19
4583,0,44,1,36,37,38,39,31,9,10,41,15,42,40,17,18,4,35,33,19
4584,0,44,1,36,37,38,39,31,9,10,41,15,42,40,17,18,4,35,33,19
4585,0,44,1,36,37,38,39,31,9,10,41,15,42,40,17,18,4,35,33,19
4586,0,44,1,36,37,38,39,31,9,10,41,15,42,40,17,18,4,35,33,19
4587,0,44,1,36,37,38,39,31,9,10,41,15,42,40,17,18,4,35,33,19
4588,0,44,1,36,37,38,39,31,9,10,41,15,42,40,17,18,4,35,33,19
4589,0,44,1,36,37,38,39,31,9,10,41,15,42,40,17,18,4,35,33,19
4590,0,44,1,36,37,38,39,31,9,10,41,15,42,40,17,18,4,35,33,19
4591,0,44,1,36,37,38,39,31,9,10,41,15,42,40,17,18,4,35,33,19
4592,0,44,1,36,37,38,39,31,9,10,41,15,42,40,17,18,4,35,33,19
4593,0,44,1,36,37,38,39,31,9,10,41,15,42,40,17,18,4,35,33,19
4594,0,44,1,36,37,38,39,31,9,10,41,15,42,40,17,18,4,35,33,19
4595,0,44,1,36,37,38,39,31,9,10,41,15,42,40,17,18,4,35,33,19
4596,0,44,1,36,37,38,39,31,9,10,41,15,42,40,17,18,4,35,33,19
4597,0,44,1,36,37,38,39,31,9,10,41,15,42,40,17,18,4,35,33,19
4598,0,44,1,36,37,38,39,31,9,10,41,15,42,40,17,18,4,35,33,19
4599,0,44,1,36,37,38,39,31,9,10,41,15,42,40,17,18,4,35,33,19
4600,0,44,1,36,37,38,39,31,9,10,41,15,42,40,17,18,4,35,33,19
4601,0,44,1,36,37,38,39,31,9,10,41,15,42,40,17,18,4,35,33,19
4602,0,44,1,36,37,38,39,31,9,10,41,15,42,40,17,18,4,35,33,19
4603,0,44,1,36,37,38,39,31,9,10,41,15,42,40,17,18,4,35,33,19
4604,0,44,1,36,37,38,39,31,9,10,41,15,42,40,17,18,4,35,33,19
4605,0,44,1,36,37,38,39,31,9,10,41,15,42,40,17,18,4,35,33,19
4606,0,44,1,36,37,38,39,31,9,10,41,15,42,40,17,18,4,35,33,19
4607,0,44,1,36,37,38,39,31,9,10,41,15,42,40,17,18,4,35,33,19
4608,0,44,1,36,37,38,39,31,9,10,41,15,42,40,17,18,4,35,33,19
4609,0,44,1,36,37,38,39,31,9,10,41,15,42,40,17,18,4,35,33,19
4610,0,44,1,36,37,38,39,31,9,10,41,15,42,40,17,18,4,35,33,19
4611,0,44,1,36,37,38,39,31,9,10,41,15,42,40,17,18,4,35,33,19
4612,0,44,1,36,37,38,39,31,9,10,41,15,42,40,17,18,4,35,33,19
4613,0,44,1,36,37,38,39,31,9,10,41,15,42,40,17,18,4,35,33,19
4614,0,44,1,36,37,38,39,31,9,10,41,15,42,40,17,18,4,35,33,19
4615,0,44,1,36,37,38,39,31,9,10,41,15,42,40,17,18,4,35,33,19
4616,0,44,1,36,37,38,39,31,9,10,41,15,42,40,17,18,4,35,33,19
4617,0,44,1,36,37,38,39,31,9,10,41,15,42,40,17,18,4,35,33,19
4618,0,44,1,36,37,38,39,31,9,10,41,15,42,40,17,18,4,35,33,19
4619,0,44,1,36,37,38,39,31,9,10,41,15,42,40,17,18,4,35,33,19
4620,0,44,1,36,37,38,39,31,9,10,41,15,42,40,17,18,4,35,33,19
4621,0,44,1,36,37,38,39,31,9,10,41,15,42,40,17,18,4,35,33,19
4622,0,44,1,36,37,38,39,31,9,10,41,15,42,40,17,18,4,35,33,19
4623,0,44,1,36,37,38,39,31,9,10,41,15,42,40,17,18,4,35,33,19
4624,0,44,1,36,37,38,39,31,9,10,41,15,42,40,17,18,4,35,33,19
4625,0,44,1,36,37,38,39,31,9,10,41,15,42,40,17,18,4,35,33,19
4626,0,44,1,36,37,38,39,31,9,10,41,15,42,40,17,18,4,35,33,19
4627,0,44,1,36,37,38,39,31,9,10,41,15,42,40,17,18,4,35,33,19
4628,0,44,1,36,37,38,39,31,9,10,41,15,42,40,17,18,4,35,33,19
4629,0,44,1,36,37,38,39,31,9,10,41,15,42,40,17,18,4,35,33,19
4630,0,44,1,36,37,38,39,31,9,10,41,15,42,40,17,18,4,35,33,19
4631,0,44,1,36,37,38,39,31,9,10,41,15,42,40,17,18,4,35,33,19
4632,0,44,1,36,37,38,39,31,9,10,41,15,42,40,17,18,4,35,33,19
4633,0,44,1,36,37,38,39,31,9,10,41,15,42,40,17,18,4,35,33,19
4634,0,44,1,36,37,38,39,31,9,10,41,15,42,40,17,18,4,35,33,19
4635,0,44,1,36,37,38,39,31,9,10,41,15,42,40,17,18,4,35,33,19
4636,0,44,1,36,37,38,39,31,9,10,41,15,42,40,17,18,4,35,33,19
4637,0,44,1,36,37,38,39,31,9,10,41,15,42,40,17,18,4,35,33,19
4638,0,44,1,36,37,38,39,31,9,10,41,15,42,40,17,18,4,35,33,19
4639,0,44,1,36,37,38,39,31,9,10,41,15,42,40,17,18,4,35,33,19
4640,0,44,1,36,37,38,39,31,9,10,41,15,42,40,17,18,4,35,33,19
4641,0,44,1,36,37,38,39,31,9,10,41,15,42,40,17,18,4,35,33,19
4642,0,44,1,36,37,38,39,31,9,10,41,15,42,40,17,18,4,35,33,19
4643,0,44,1,36,37,38,39,31,9,10,41,15,42,40,17,18,4,35,33,19
4644,0,44,1,36,37,38,39,31,9,10,41,15,42,40,17,18,4,35,33,19
4645,0,44,1,36,37,38,39,31,9,10,41,15,42,40,17,18,4,35,33,19
4646,0,44,1,36,37,38,39,31,9,10,41,15,42,40,17,18,4,35,33,19
4647,0,44,1,36,37,38,39,31,9,10,41,15,42,40,17,18,4,35,33,19
4648,0,44,1,36,37,38,39,31,9,10,41,15,42,40,17,18,4,35,33,19
4649,0,44,1,36,37,38,39,31,9,10,41,15,42,40,17,18,4,35,33,19
4650,0,44,1,36,37,38,39,31,9,10,41,15,42,40,17,18,4,35,33,19
4651,0,44,1,36,37,38,39,31,9,10,41,15,42,40,17,18,4,35,33,19
4652,0,44,1,36,37,38,39,31,9,10,41,15,42,40,17,18,4,35,33,19
4653,0,44,1,36,37,38,39,31,9,10,41,15,42,40,17,18,4,35,33,19
4654,0,44,1,36,37,38,39,31,9,10,41,15,42,40,17,18,4,35,33,19
4655,0,44,1,36,37,38,39,31,9,10,41,15,42,40,17,18,4,35,33,19
4656,0,44,1,36,37,38,39,31,9,10,41,15,42,40,17,18,4,35,33,19
4657,0,44,1,36,37,38,39,31,9,10,41,15,42,40,17,18,4,35,33,19
4658,0,44,1,36,37,38,39,31,9,10,41,15,42,40,17,18,4,35,33,19
4659,0,44,1,36,37,38,39,31,9,10,41,15,42,40,17,18,4,35,33,19
4660,0,44,1,36,37,38,39,31,9,10,41,15,42,40,17,18,4,35,33,19
4661,0,44,1,36,37,38,39,31,9,10,41,15,42,40,17,18,4,35,33,19
4662,0,44,1,36,37,38,39,31,9,10,41,15,42,40,17,18,4,35,33,19
4663,0,44,1,36,37,38,39,31,9,10,41,15,42,40,17,18,4,35,33,19
4664,0,44,1,36,37,38,39,31,9,10,41,15,42,40,17,18,4,35,33,19
4665,0,44,1,36,37,31,38,39,9,10,41,15,42,40,17,18,4,35,33,19
4666,0,44,1,36,37,31,38,39,9,10,41,15,42,40,17,18,4,35,33,19
4667,0,44,1,36,37,31,38,39,9,10,41,15,42,40,17,18,4,35,33,19
4668,0,44,1,36,37,31,38,39,9,10,41,15,42,40,17,18,4,35,33,19
4669,0,44,1,36,37,31,38,39,9,10,41,15,42,40,17,18,4,35,33,19
4670,0,44,1,36,37,31,38,39,9,10,41,15,42,40,17,18,4,35,33,19
4671,0,44,1,36,37,31,38,39,9,10,41,15,42,40,17,18,4,35,33,19
4672,0,44,1,36,37,31,38,39,9,10,41,15,42,40,17,18,4,35,33,19
4673,0,44,1,36,37,31,38,39,9,10,41,15,42,40,17,18,4,35,33,19
4674,0,44,1,36,37,31,38,39,9,10,41,15,42,40,17,18,4,35,33,19
4675,0,44,1,36,37,31,38,39,9,10,41,15,42,40,17,18,4,35,33,19
4676,0,44,1,36,37,38,39,31,9,10,41,15,42,40,17,18,4,35,33,19
4677,0,44,1,36,37,38,39,31,9,10,41,15,42,40,17,18,4,35,33,19
4678,0,44,1,36,37,38,39,31,9,10,41,15,42,40,17,18,4,35,33,19
4679,0,44,1,36,37,38,39,31,9,10,41,15,42,40,17,18,4,35,33,19
4680,0,44,1,36,37,38,39,31,9,10,41,15,42,40,17,18,4,35,33,19
4681,0,44,1,36,37,38,39,31,9,10,41,15,42,40,17,18,4,35,33,19
4682,0,44,1,36,37,38,39,31,9,10,41,15,42,40,17,18,4,35,33,19
4683,0,44,1,36,37,38,39,31,9,10,41,15,42,40,17,18,4,35,33,19
4684,0,44,1,36,37,38,39,31,9,10,41,15,42,40,17,18,4,35,33,19
4685,0,44,1,36,37,38,39,31,9,10,41,15,42,40,17,18,4,35,33,19
4686,0,44,1,36,37,38,39,31,9,10,41,15,42,40,17,18,4,35,33,19
4687,0,44,1,36,37,38,39,31,9,10,41,15,42,40,17,18,4,35,33,19
4688,0,44,1,36,37,38,39,31,9,10,41,15,42,40,17,18,4,35,33,19
4689,0,44,1,36,37,38,39,31,9,10,41,15,42,40,17,18,4,35,33,19
4690,0,44,1,36,37,38,39,31,9,10,41,15,42,40,17,18,4,35,33,19
4691,0,44,1,36,37,38,39,31,9,10,41,15,42,40,17,18,4,35,33,19
4692,0,44,1,36,37,38,39,31,9,10,41,15,42,40,17,18,4,35,33,19
4693,0,44,1,36,37,38,39,31,9,10,41,15,42,40,17,18,4,35,33,19
4694,0,44,1,36,37,38,39,31,9,10,41,15,42,40,17,18,4,35,33,19
4695,0,44,1,36,37,38,39,31,9,10,41,15,42,40,17,18,4,35,33,19
4696,0,44,1,36,37,38,39,31,9,10,41,15,42,40,17,18,4,35,33,19
4697,0,44,1,36,37,38,39,31,9,10,41,15,42,40,17,18,4,35,33,19
4698,0,44,1,36,37,38,39,31,9,10,41,15,42,40,17,18,4,35,33,19
4699,0,44,1,36,37,38,39,31,9,10,41,15,42,40,17,18,4,35,33,19
4700,0,44,1,36,37,38,39,31,9,10,41,15,42,40,17,18,4,35,33,19
4701,0,44,1,36,37,38,39,31,9,10,41,15,42,40,17,18,4,35,33,19
4702,0,44,1,36,37,38,39,31,9,10,41,15,42,40,17,18,4,35,33,19
4703,0,44,1,36,37,38,39,31,9,10,41,15,42,40,17,18,4,35,33,19
4704,0,44,1,36,37,38,39,31,9,10,41,15,42,40,17,18,4,35,33,19
4705,0,44,1,36,37,31,38,39,9,10,41,15,42,40,17,18,4,35,33,19
4706,0,44,1,36,37,38,39,31,9,10,41,15,42,40,17,18,4,35,33,19
4707,0,44,1,36,37,38,39,31,9,10,41,15,42,40,17,18,4,35,33,19
4708,0,44,1,36,37,38,39,31,9,10,41,15,42,40,17,18,4,35,33,19
4709,0,44,1,36,37,38,39,31,9,10,41,15,42,40,17,18,4,35,33,19
4710,0,44,1,36,37,38,39,31,9,10,41,15,42,40,17,18,4,35,33,19
4711,0,44,1,36,37,38,39,31,9,10,41,15,42,40,17,18,4,35,33,19
4712,0,44,1,36,37,38,39,31,9,10,41,15,42,40,17,18,4,35,33,19
4713,0,44,1,36,37,38,39,31,9,10,41,15,42,40,17,18,4,35,33,19
4714,0,44,1,36,37,38,39,31,9,10,41,15,42,40,17,18,4,35,33,19
4715,0,44,1,36,37,38,39,31,9,10,41,15,42,40,17,18,4,33,35,19
4716,0,44,1,36,37,38,39,31,9,10,41,15,42,40,17,18,4,33,35,19
4717,0,44,1,36,37,38,39,31,9,10,41,15,42,40,17,18,4,33,35,19
4718,0,44,1,36,37,38,39,31,9,10,41,15,42,40,17,18,4,33,35,19
4719,0,44,1,36,37,38,39,31,9,10,41,15,42,40,17,18,4,33,35,19
4720,0,44,1,36,37,38,39,31,9,10,41,15,42,40,17,18,4,33,35,19
4721,0,44,1,36,37,38,39,31,9,10,41,15,42,40,17,18,4,33,35,19
4722,0,44,1,36,37,38,39,31,9,10,41,15,42,40,17,18,4,33,35,19
4723,0,44,1,36,37,38,39,31,9,10,41,15,42,40,17,18,4,33,35,19
4724,0,44,1,36,37,38,39,31,9,10,41,15,42,40,17,18,4,33,35,19
4725,0,44,1,36,37,38,39,31,9,10,41,15,42,40,17,18,4,33,35,19
4726,0,44,1,36,37,38,39,31,9,10,41,15,42,40,17,18,4,33,35,19
4727,0,44,1,36,37,38,39,31,9,10,41,15,42,40,17,18,4,33,35,19
4728,0,44,1,36,37,38,39,31,9,10,41,15,42,40,17,18,4,33,35,19
4729,0,44,1,36,37,38,39,31,9,10,41,15,42,40,17,18,4,33,35,19
4730,0,44,1,36,37,38,39,31,9,10,41,15,42,40,17,18,4,33,35,19
4731,0,44,1,36,37,38,39,31,9,10,41,15,42,40,17,18,4,33,35,19
4732,0,44,1,36,37,38,39,31,9,10,41,15,42,40,17,18,4,33,35,19
4733,0,44,1,36,37,38,39,31,9,10,41,15,42,40,17,18,4,33,35,19
4734,0,44,1,36,37,38,39,31,9,10,41,15,42,40,17,18,4,33,35,19
4735,0,44,1,36,37,38,39,31,9,10,41,15,42,40,17,18,4,33,35,19
4736,0,44,1,36,37,38,39,31,9,10,41,15,42,40,17,18,4,33,35,19
4737,0,44,1,36,37,38,39,31,9,10,41,15,42,40,17,18,4,33,35,19
4738,0,44,1,36,37,38,39,31,9,10,41,15,42,40,17,18,4,33,35,19
4739,0,44,1,36,37,38,39,31,9,10,41,15,42,40,17,18,4,33,35,19
4740,0,44,1,36,37,38,39,31,9,10,41,15,42,40,17,18,4,33,35,19
4741,0,44,1,36,37,38,39,31,9,10,41,15,42,40,17,18,4,35,33,19
4742,0,44,1,36,37,38,39,31,9,10,41,15,42,40,17,18,4,35,33,19
4743,0,44,1,36,37,38,39,31,9,10,41,15,42,40,17,18,4,35,33,19
4744,0,44,1,36,37,38,39,31,9,10,41,15,42,40,17,18,4,35,33,19
4745,0,44,1,36,37,38,39,31,9,10,41,15,42,40,17,18,4,35,33,19
4746,0,44,1,36,37,38,39,31,9,10,41,15,42,40,17,18,4,35,33,19
4747,0,44,1,36,37,38,39,31,9,10,41,15,42,40,17,18,4,35,33,19
4748,0,44,1,36,37,38,39,31,9,10,41,15,42,40,17,18,4,35,33,19
4749,0,44,1,36,37,38,39,31,9,10,41,15,42,40,17,18,4,35,33,19
4750,0,44,1,36,37,38,39,31,9,10,41,15,42,40,17,18,4,35,33,19
4751,0,44,36,37,1,38,39,31,9,10,41,15,42,40,17,18,4,35,33,19
4752,0,44,36,37,1,38,39,31,9,10,41,15,42,40,17,18,4,35,33,19
4753,0,44,36,37,1,38,39,31,9,10,41,15,42,40,17,18,4,35,33,19
4754,0,44,36,37,1,38,39,31,9,10,41,15,42,40,17,18,4,35,33,19
4755,0,44,36,37,1,38,39,31,9,10,41,15,42,40,17,18,4,35,33,19
4756,0,44,36,37,1,38,39,31,9,10,41,15,42,40,17,18,4,35,33,19
4757,0,44,36,37,1,38,39,31,9,10,41,15,42,40,17,18,4,35,33,19
4758,0,44,36,37,1,38,39,31,9,10,41,15,42,40,17,18,4,35,33,19
4759,0,44,36,37,1,38,39,31,9,10,41,15,42,40,17,18,4,35,33,19
4760,0,44,36,37,1,38,39,31,9,10,41,15,42,40,17,18,4,35,33,19
4761,0,44,36,37,1,38,39,31,9,10,41,15,42,40,17,18,4,35,33,19
4762,0,44,36,37,1,38,39,31,9,10,41,15,42,40,17,18,4,35,33,19
4763,0,44,36,37,1,38,39,31,9,10,41,15,42,40,17,18,4,35,33,19
4764,0,44,36,37,1,38,39,31,9,10,41,15,42,40,17,18,4,35,33,19
4765,0,44,36,37,1,31,38,39,9,10,41,15,42,40,17,18,4,35,33,19
4766,0,44,36,37,1,31,38,39,9,10,41,15,42,40,17,18,4,35,33,19
4767,0,44,36,37,1,31,38,39,9,10,41,15,42,40,17,18,4,35,33,19
4768,0,44,36,37,1,31,38,39,9,10,41,15,42,40,17,18,4,35,33,19
4769,0,44,36,37,1,31,38,39,9,10,41,15,42,40,17,18,4,35,33,19
4770,0,44,36,37,1,31,38,39,9,10,41,15,42,40,17,18,4,35,33,19
4771,0,44,36,37,1,31,38,39,9,10,41,15,42,40,17,18,4,35,19,33
4772,0,44,36,37,1,31,38,39,9,10,41,15,42,40,17,18,4,35,19,33
4773,0,44,36,37,1,31,38,39,9,10,41,15,42,40,17,18,4,35,19,5
4774,0,44,36,37,1,31,38,39,9,10,41,15,42,40,17,18,4,35,19,5
4775,0,44,36,37,1,31,38,39,9,10,41,15,42,40,17,18,4,35,19,5
4776,0,44,36,37,1,31,38,39,9,10,41,15,42,40,17,18,4,35,19,5
4777,0,44,36,37,1,31,38,39,9,10,41,15,42,40,17,18,4,35,19,5
4778,0,44,36,37,1,31,38,39,9,10,41,15,42,40,17,18,4,35,19,5
4779,0,44,36,37,1,31,38,39,9,10,41,15,42,40,17,18,4,35,19,5
4780,0,44,36,37,1,31,38,39,9,10,41,15,42,40,17,18,4,35,19,5
4781,0,44,36,37,1,31,38,39,9,10,41,15,42,40,17,18,4,35,19,5
4782,0,44,36,37,1,31,38,39,9,10,41,15,42,40,17,18,4,35,19,5
4783,0,44,36,37,1,31,38,39,9,10,41,15,42,40,17,18,4,35,19,5
4784,0,44,36,37,1,31,38,39,9,10,41,15,42,40,17,18,4,35,19,5
4785,0,44,36,37,1,31,38,39,9,10,41,15,42,40,17,18,4,35,19,5
4786,0,44,36,37,1,31,38,39,9,10,41,15,42,40,17,18,4,35,19,5
4787,0,44,36,37,1,31,38,39,9,10,41,15,42,40,17,18,4,35,19,5
4788,0,44,36,37,1,31,38,39,9,10,41,15,42,40,17,18,4,35,19,5
4789,0,44,36,37,1,31,38,39,9,10,41,15,42,40,17,18,4,35,19,5
4790,0,44,36,37,1,31,38,39,9,10,41,15,42,40,17,18,4,35,19,5
4791,0,44,36,37,1,31,38,39,9,10,41,15,42,40,17,18,4,35,19,5
4792,0,44,36,37,1,31,38,39,9,10,41,15,42,40,17,18,4,35,19,5
4793,0,44,36,37,1,31,38,39,9,10,41,15,42,40,17,18,4,35,19,5
4794,0,44,36,37,1,31,38,39,9,10,41,15,42,40,17,18,4,35,19,5
4795,0,44,36,37,1,31,38,39,9,10,41,15,42,40,17,18,4,35,19,5
4796,0,44,36,37,1,31,38,39,9,10,41,15,42,40,17,18,35,4,19,5
4797,0,44,36,37,1,31,38,39,9,10,41,15,42,40,17,18,35,4,19,5
4798,0,44,36,37,1,31,38,39,9,10,41,15,42,40,17,18,35,4,19,5
4799,0,44,36,37,1,31,38,39,9,10,41,15,42,40,17,18,35,4,19,5
4800,0,44,36,37,1,31,38,39,9,10,41,15,42,40,17,18,35,4,19,5
4801,0,44,36,37,1,31,38,39,9,10,41,15,42,40,17,18,35,4,19,5
4802,0,44,36,37,1,31,38,39,9,10,41,15,42,40,17,18,35,4,19,5
4803,0,44,36,37,1,31,38,39,9,10,41,15,42,40,17,18,35,4,19,5
4804,0,44,36,37,1,31,38,39,9,10,41,15,42,40,17,18,35,4,19,5
4805,0,44,36,37,1,31,38,39,9,10,41,15,42,40,17,18,35,4,19,5
4806,0,44,36,37,1,31,38,39,9,10,41,15,42,40,17,18,35,4,19,5
4807,0,44,36,37,1,31,38,39,9,10,41,15,42,40,17,18,35,4,19,5
4808,0,44,36,37,1,31,38,39,9,10,41,15,42,40,17,18,35,4,19,3
4809,0,44,36,37,1,31,38,39,9,10,41,15,42,40,17,18,35,4,19,3
4810,0,44,36,37,1,31,38,39,9,10,41,15,42,40,17,18,35,4,3,19
4811,0,44,36,37,1,31,38,39,9,10,41,15,42,40,17,18,35,4,3,19
4812,0,44,36,37,1,31,38,39,9,10,41,15,42,40,17,18,35,4,3,19
4813,0,44,36,37,1,31,38,39,9,10,41,15,42,40,17,18,35,4,3,19
4814,0,44,36,37,1,31,38,39,9,10,41,15,42,40,17,18,35,4,3,19
4815,0,44,36,37,1,31,38,39,9,10,41,15,42,40,17,18,35,4,3,19
4816,0,44,36,37,1,31,38,39,9,10,41,15,42,40,17,18,35,4,3,19
4817,0,44,36,37,1,31,38,39,9,10,41,15,42,40,17,18,35,4,3,19
4818,0,44,36,37,1,31,38,39,9,10,41,15,42,40,17,18,35,4,3,19
4819,0,44,36,37,1,31,38,39,9,10,41,15,42,40,17,18,35,4,3,19
4820,0,44,36,37,1,31,38,39,9,10,41,15,42,40,17,18,35,4,3,19
4821,0,44,36,37,1,31,38,39,9,10,41,15,42,40,17,18,35,4,3,19
4822,0,44,36,37,1,31,38,39,9,10,41,15,42,40,17,18,35,4,3,19
4823,0,44,36,37,1,31,38,39,9,10,41,15,42,40,17,18,35,4,3,19
4824,0,44,36,37,1,31,38,39,9,10,41,15,42,40,17,18,35,4,3,19
4825,0,44,36,37,1,31,38,39,9,10,41,15,42,40,17,18,35,4,3,19
4826,0,44,36,37,1,31,38,39,9,10,41,15,42,40,17,18,35,4,3,19
4827,0,44,36,37,1,31,38,39,9,10,41,15,42,40,17,18,35,4,3,19
4828,0,44,36,37,1,31,38,39,9,10,41,15,42,40,17,18,35,4,3,19
4829,0,44,36,37,1,31,38,39,9,10,41,15,42,40,17,18,35,4,3,19
4830,0,44,36,37,1,31,38,39,9,10,41,15,42,40,17,18,35,4,3,19
4831,0,44,36,37,1,31,38,39,9,10,41,15,42,40,17,18,35,4,3,19
4832,0,44,36,37,1,31,38,39,9,10,41,15,42,40,17,18,35,4,3,19
4833,0,44,36,37,1,31,38,39,9,10,41,15,42,40,17,18,35,4,3,19
4834,0,44,36,37,1,31,38,39,9,10,41,15,42,40,17,18,35,4,3,19
4835,0,44,36,37,1,31,38,39,9,10,41,15,42,40,17,18,35,4,3,19
4836,0,44,36,37,1,38,39,31,9,10,41,15,42,40,17,18,35,4,3,19
4837,0,44,36,37,1,38,39,31,9,10,41,15,42,40,17,18,35,4,3,19
4838,0,44,36,37,1,38,39,31,9,10,41,15,42,40,17,18,35,4,3,19
4839,0,44,36,37,1,38,39,31,9,10,41,15,42,40,17,18,35,4,3,19
4840,0,44,36,37,1,38,39,31,9,10,41,15,42,40,17,18,35,4,3,19
4841,0,44,36,37,1,38,39,31,9,10,41,15,42,40,17,18,35,4,3,19
4842,0,44,36,37,1,38,39,31,9,10,41,15,42,40,17,18,35,4,3,19
4843,0,44,36,37,1,38,39,31,9,10,41,15,42,40,17,18,35,4,3,19
4844,0,44,36,37,1,38,39,31,9,10,41,15,42,40,17,18,35,4,3,19
4845,0,44,36,37,1,38,39,31,9,10,41,15,42,40,17,18,35,4,3,19
4846,0,44,36,37,1,38,39,31,9,10,41,15,42,40,17,18,35,4,3,19
4847,0,44,36,37,1,38,39,31,9,10,41,15,42,40,17,18,35,4,3,19
4848,0,44,36,37,1,38,39,31,9,10,41,15,42,40,17,18,35,4,3,19
4849,0,44,36,37,1,38,39,31,9,10,41,15,42,40,17,18,35,4,3,19
4850,0,44,36,37,1,38,39,31,9,10,41,15,42,40,17,18,35,4,3,19
4851,0,44,36,37,1,38,39,31,9,10,41,15,42,40,17,18,35,4,3,19
4852,0,44,36,37,1,38,39,31,9,10,41,15,42,40,17,18,35,4,3,19
4853,0,44,36,37,1,38,39,31,9,10,41,15,42,40,17,18,35,4,3,5
4854,0,44,36,37,1,38,39,31,9,10,41,15,42,40,17,18,35,3,4,5
4855,0,44,36,37,1,38,39,31,9,10,41,15,42,40,17,18,35,3,4,5
4856,0,44,36,37,1,38,39,31,9,10,41,15,42,40,17,18,35,3,4,5
4857,0,44,36,37,1,38,39,31,9,10,41,15,42,40,17,18,35,3,4,5
4858,0,44,36,37,1,38,39,31,9,10,41,15,42,40,17,18,35,3,4,5
4859,0,44,36,37,1,38,39,31,9,10,41,15,42,40,17,18,35,3,4,5
4860,0,44,36,37,1,38,39,31,9,10,41,15,42,40,17,18,35,3,4,5
4861,0,44,36,37,1,38,39,31,9,10,41,15,42,40,17,18,35,3,4,5
4862,0,44,36,37,1,38,39,31,9,10,41,15,42,40,17,18,35,4,3,5
4863,0,44,36,37,1,38,39,31,9,10,41,15,42,40,17,18,35,4,3,19
4864,0,44,36,37,1,38,39,31,9,10,41,15,42,40,17,18,35,4,3,19
4865,0,44,36,37,1,38,39,31,9,10,41,15,42,40,17,18,35,4,3,19
4866,0,44,36,37,1,38,39,31,9,10,41,15,42,40,17,18,35,4,3,19
4867,0,44,36,37,1,38,39,31,9,10,41,15,42,40,17,18,35,4,3,19
4868,0,44,36,37,1,38,39,31,9,10,41,15,42,40,17,18,35,4,3,19
4869,0,44,36,37,1,38,39,31,9,10,41,15,42,40,17,18,35,4,3,19
4870,0,44,36,37,1,38,39,31,9,10,41,15,42,40,17,18,35,4,3,19
4871,0,44,36,37,1,38,39,31,9,10,41,15,42,40,17,18,35,4,3,19
4872,0,44,36,37,1,38,39,31,9,10,41,15,42,40,17,18,35,4,3,19
4873,0,44,36,37,1,38,39,31,9,10,41,15,42,40,17,18,35,4,3,19
4874,0,44,36,37,1,38,39,31,9,10,41,15,42,40,17,18,35,4,3,19
4875,0,44,36,37,1,38,39,31,9,10,41,15,42,40,17,18,35,4,3,19
4876,0,44,36,37,1,38,39,31,9,10,41,15,42,40,17,18,35,4,3,19
4877,0,44,36,37,1,38,39,31,9,10,41,15,42,40,17,18,35,4,3,19
4878,0,44,36,37,1,38,39,31,9,10,41,15,42,40,17,18,35,4,3,19
4879,0,44,36,37,1,38,39,31,9,10,41,15,42,40,17,18,35,4,3,19
4880,0,44,36,37,1,38,39,31,9,10,41,15,42,40,17,18,35,4,3,19
4881,0,44,36,37,1,38,39,31,9,10,41,15,42,40,17,18,35,4,3,19
4882,0,44,36,37,1,38,39,31,9,10,41,15,42,40,17,18,35,4,3,19
4883,0,44,36,37,1,38,39,31,9,10,41,15,42,40,17,18,35,4,3,19
4884,0,44,36,37,1,38,39,31,9,10,41,15,42,40,17,18,35,4,3,19
4885,0,44,36,37,1,38,39,31,9,10,41,15,42,40,17,18,35,4,3,19
4886,0,44,36,37,1,38,39,31,9,10,41,15,42,40,17,18,35,4,3,19
4887,0,44,36,37,1,38,39,31,9,10,41,15,42,40,17,18,35,4,3,19
4888,0,36,37,44,1,38,39,31,9,10,41,15,42,40,17,18,35,4,3,19
4889,0,36,37,44,1,38,39,31,9,10,41,15,42,40,17,18,35,4,3,19
4890,0,36,37,44,1,38,39,31,9,10,41,15,42,40,17,18,35,4,3,19
4891,0,36,37,44,1,38,39,31,9,10,41,15,42,40,17,18,35,4,3,19
4892,0,36,37,44,1,38,39,31,9,10,41,15,42,40,17,18,35,4,3,19
4893,0,36,37,44,1,38,39,31,9,10,41,15,42,40,17,18,35,4,3,19
4894,0,36,37,44,1,38,39,31,9,10,41,15,42,40,17,18,35,4,3,19
4895,0,36,37,44,1,38,39,31,9,10,41,15,42,40,17,18,35,4,3,19
4896,0,36,37,44,1,38,39,31,9,10,41,15,42,40,17,18,35,4,3,19
4897,0,36,37,44,1,38,39,31,9,10,41,15,42,40,17,18,35,4,3,19
4898,0,36,37,44,1,38,39,31,9,10,41,15,42,40,17,18,35,4,3,19
4899,0,36,37,44,1,38,39,31,9,10,41,15,42,40,17,18,35,4,3,19
4900,0,36,37,44,1,38,39,9,10,31,41,15,42,40,17,18,35,4,3,19
4901,0,36,37,44,1,38,39,9,10,31,41,15,42,40,17,18,35,4,3,19
4902,0,36,37,44,1,38,39,9,10,31,41,15,42,40,17,18,35,4,3,19
4903,0,36,37,44,1,38,39,9,10,31,41,15,42,40,17,18,35,4,3,19
4904,0,36,37,44,1,38,39,9,10,31,41,15,42,40,17,18,35,4,3,19
4905,0,36,37,44,1,38,39,9,10,31,41,15,42,40,17,18,35,4,3,19
4906,0,36,37,44,1,38,39,9,10,31,41,15,42,40,17,18,35,4,3,19
4907,0,36,37,44,1,38,39,9,10,31,41,15,42,40,17,18,35,4,3,19
4908,0,36,37,44,1,38,39,9,10,31,41,15,42,40,17,18,35,4,3,19
4909,0,36,37,44,1,38,39,9,10,31,41,15,42,40,17,18,35,4,3,19
4910,0,36,37,44,1,38,39,9,10,31,41,15,42,40,17,18,35,4,3,19
4911,0,36,37,44,1,38,39,9,10,31,41,15,42,40,17,18,35,4,3,19
4912,0,36,37,44,1,38,39,9,10,31,41,15,42,40,17,18,35,4,3,19
4913,0,36,37,44,1,38,39,9,10,31,41,15,42,40,17,18,35,4,3,19
4914,0,36,37,44,1,38,39,9,10,31,41,15,42,40,17,18,35,4,3,19
4915,0,36,37,44,1,38,39,9,10,31,41,15,42,40,17,18,35,4,3,19
4916,0,36,37,44,1,38,39,9,10,31,41,15,42,40,17,18,35,4,3,19
4917,0,36,37,44,1,38,39,9,10,31,41,15,42,40,17,18,35,4,3,19
4918,0,36,37,44,1,38,39,9,10,31,41,15,42,40,17,18,35,4,3,19
4919,0,36,37,44,1,38,39,9,10,31,41,15,42,40,17,18,35,4,3,19
4920,0,36,37,44,1,38,39,9,10,31,41,15,42,40,17,18,35,4,3,19
4921,0,36,37,44,1,38,39,9,10,31,41,15,42,40,17,18,35,4,3,19
4922,0,36,37,44,1,38,39,9,10,31,41,15,42,40,17,18,35,4,3,19
4923,0,36,37,44,1,38,39,9,10,31,41,15,42,40,17,18,35,4,3,19
4924,0,36,37,44,1,38,39,9,10,31,41,15,42,40,17,18,35,4,3,19
4925,0,36,37,44,1,38,39,9,10,31,41,15,42,40,17,18,35,4,3,19
4926,0,36,37,44,1,38,39,9,10,31,41,15,42,40,17,18,35,4,3,19
4927,0,36,37,44,1,38,39,9,10,31,41,15,42,40,17,18,35,4,3,19
4928,0,36,37,44,1,38,39,9,10,31,41,15,42,40,17,18,35,4,3,19
4929,0,36,37,44,1,38,39,9,10,31,41,15,42,40,17,18,35,4,3,19
4930,0,36,37,44,1,38,39,9,10,31,41,15,42,40,17,18,35,4,3,19
4931,0,36,37,44,1,38,39,9,10,41,31,15,42,40,17,18,35,4,3,19
4932,0,36,37,44,1,38,39,9,10,41,31,15,42,40,17,18,35,4,3,19
4933,0,36,37,44,1,38,39,9,10,41,31,15,42,40,17,18,35,4,3,19
4934,0,36,37,44,1,38,39,9,10,41,31,15,42,40,17,18,35,4,3,19
4935,0,36,37,44,1,38,39,9,10,41,31,15,42,40,17,18,4,35,3,19
4936,0,36,37,44,1,38,39,9,10,41,31,15,42,40,17,18,4,35,3,19
4937,0,36,37,44,1,38,39,9,10,41,31,15,42,40,17,18,4,35,3,19
4938,0,36,37,44,1,38,39,9,10,41,31,15,42,40,17,18,4,35,3,19
4939,0,36,37,44,1,38,39,9,10,41,31,15,42,40,17,18,4,35,3,19
4940,0,36,37,44,1,38,39,9,10,41,15,31,42,40,17,18,4,35,3,19
4941,0,36,37,44,1,38,39,9,10,41,15,42,31,40,17,18,4,3,19,35
4942,0,36,37,44,1,38,39,9,10,41,15,42,31,40,17,18,4,3,19,35
4943,0,36,37,44,1,38,39,9,10,41,15,42,31,40,17,18,4,3,19,5
4944,0,36,37,44,1,38,39,9,10,41,15,42,31,40,17,18,4,3,19,5
4945,0,36,37,44,1,38,39,9,10,41,15,42,31,40,17,18,4,3,19,5
4946,0,36,37,44,1,38,39,9,10,41,15,42,31,40,17,18,4,3,19,5
4947,0,36,37,44,1,38,39,9,10,41,15,42,31,40,17,18,4,3,19,5
4948,0,36,37,44,1,38,39,9,10,41,15,42,31,40,17,18,4,3,19,5
4949,0,36,37,44,1,38,39,9,10,41,15,42,31,40,17,18,4,3,19,5
4950,0,36,37,44,1,38,39,9,10,41,15,42,31,40,17,18,4,3,19,5
4951,0,36,37,44,1,38,39,9,10,41,15,42,40,31,17,18,4,3,19,5
4952,0,36,37,44,1,38,39,9,10,41,15,42,40,31,17,18,4,3,19,5
4953,0,36,37,44,1,38,39,9,10,41,15,42,40,31,17,18,4,3,19,5
4954,0,36,37,44,1,38,39,9,10,41,15,42,40,31,17,18,4,3,19,5
4955,0,36,37,44,1,38,39,9,10,41,15,42,40,31,17,18,4,3,19,5
4956,0,36,37,44,1,38,39,9,10,41,15,42,40,31,17,18,4,3,19,5
4957,0,36,37,44,1,38,39,9,10,41,15,42,40,31,17,18,4,3,19,5
4958,0,36,37,44,1,38,39,9,10,41,15,42,40,31,17,18,4,3,19,5
4959,0,36,37,44,1,38,39,9,10,41,15,42,40,31,17,18,4,3,19,5
4960,0,36,37,44,1,38,39,9,10,41,15,42,40,31,17,18,4,3,19,5
4961,0,36,37,44,1,38,39,9,10,41,15,42,40,31,17,18,4,3,19,5
4962,0,36,37,44,1,38,39,9,10,41,15,42,40,31,17,18,4,3,19,5
4963,0,36,37,44,1,38,39,9,10,41,15,42,40,31,17,18,4,3,19,5
4964,0,36,37,44,1,38,39,9,10,41,15,42,40,31,17,18,4,3,19,5
4965,0,36,37,44,1,38,39,9,10,41,15,42,40,31,17,18,4,3,19,5
4966,0,36,37,44,1,38,39,9,10,41,15,42,40,31,17,18,4,3,19,5
4967,0,36,37,44,1,38,39,9,10,41,15,42,40,31,17,18,4,3,19,5
4968,0,36,37,44,1,38,39,9,10,41,15,42,40,31,17,18,4,3,19,5
4969,0,36,37,44,1,38,39,9,10,41,15,42,40,31,17,18,4,3,19,5
4970,0,36,37,44,1,38,39,9,10,41,15,42,40,31,17,18,4,3,19,5
4971,0,36,37,44,1,38,39,9,10,41,15,42,40,31,17,18,4,3,19,5
4972,0,36,37,44,1,38,39,9,10,41,15,42,40,31,17,18,4,3,19,5
4973,0,36,37,44,1,38,39,9,10,41,15,42,40,31,17,18,4,3,19,5
4974,0,36,37,44,1,38,39,9,10,41,15,42,40,31,17,18,4,3,19,5
4975,0,36,37,44,1,38,39,9,10,41,15,42,40,31,17,18,4,3,19,5
4976,0,36,37,44,1,38,39,9,10,41,15,42,40,31,17,18,4,3,19,5
4977,0,36,37,44,1,38,39,9,10,41,15,42,40,31,17,18,4,3,19,5
4978,0,36,37,44,1,38,39,9,10,41,15,42,40,31,17,18,4,3,19,5
4979,0,36,37,44,1,38,39,9,10,41,15,42,40,31,17,18,4,3,19,5
4980,0,36,37,44,1,38,39,9,10,41,15,42,40,31,17,18,4,3,19,5
4981,0,36,37,44,1,38,39,9,10,41,15,42,40,31,17,18,4,3,19,5
4982,0,36,37,44,1,38,39,9,10,41,15,42,40,31,17,18,4,3,19,5
4983,0,36,37,44,1,38,39,9,10,41,15,42,40,31,17,18,4,3,19,5
4984,0,36,37,44,1,38,39,9,10,41,15,42,40,31,17,18,4,3,19,5
4985,0,36,37,44,1,38,39,9,10,41,15,42,40,31,17,18,4,3,19,5
4986,0,36,37,44,1,38,39,9,10,41,15,42,40,31,17,18,4,19,3,5
4987,0,36,37,44,1,38,39,9,10,41,15,42,40,31,17,18,4,19,3,5
4988,0,36,37,44,1,38,39,9,10,41,15,42,40,31,17,18,4,19,3,35
4989,0,36,37,44,1,38,39,9,10,41,15,42,40,31,17,18,4,19,3,35
4990,0,36,37,44,1,38,39,9,10,41,15,42,40,31,17,18,4,19,3,35
4991,0,36,37,44,1,38,39,9,10,41,15,42,40,31,17,18,4,19,3,35
4992,0,36,37,44,1,38,39,9,10,41,15,42,40,31,17,18,4,19,3,35
4993,0,36,37,44,1,38,39,9,10,41,15,42,40,31,17,18,4,19,3,35
4994,0,36,37,44,1,38,39,9,10,41,15,42,40,31,17,18,4,19,3,35
4995,0,36,37,44,1,38,39,9,10,41,15,42,40,31,17,18,4,19,3,35
4996,0,36,37,44,1,38,39,9,10,41,15,42,40,31,17,18,4,19,3,35
4997,0,36,37,44,1,38,39,9,10,41,15,42,40,31,17,18,4,19,3,35
4998,0,36,37,44,1,38,39,9,10,41,15,42,40,31,17,18,4,19,3,35
4999,0,36,37,44,1,38,39,9,10,41,15,42,40,31,17,18,4,19,3,35
5000,0,36,37,44,1,38,39,9,10,41,15,42,40,31,17,18,4,19,3,35
5001,0,36,37,44,1,38,39,9,10,41,15,42,40,31,17,18,4,19,3,35
5002,0,36,37,44,1,38,39,9,10,41,15,42,40,31,17,18,4,19,3,35
5003,0,36,37,44,1,38,39,9,10,41,15,42,40,31,17,18,4,19,3,35
5004,0,36,37,44,1,38,39,9,10,41,15,42,40,31,17,18,4,19,3,35
5005,0,36,37,44,1,38,39,9,10,41,15,42,40,31,17,18,4,19,3,35
5006,0,36,37,44,1,38,39,9,10,41,15,42,40,31,17,18,4,19,3,35
5007,0,36,37,44,1,38,39,9,10,41,15,42,40,31,17,18,4,19,3,35
5008,0,36,37,44,1,38,39,9,10,41,15,42,40,31,17,18,4,19,3,35
5009,0,36,37,44,1,38,39,9,10,41,15,42,40,31,17,18,4,19,3,35
5010,0,36,37,44,38,39,1,9,10,41,15,42,40,31,17,18,4,19,3,35
5011,0,36,37,44,38,39,1,9,10,41,15,42,40,31,17,18,4,19,3,35
5012,0,36,37,44,38,39,1,9,10,41,15,42,40,31,17,18,4,19,3,35
5013,0,36,37,44,38,39,1,9,10,41,15,42,40,31,17,18,4,19,3,35
5014,0,36,37,44,38,39,1,9,10,41,15,42,40,31,17,18,4,19,3,35
5015,0,36,37,44,38,39,1,9,10,41,15,42,40,31,17,18,4,19,3,35
5016,0,36,37,44,38,39,1,9,10,41,15,42,40,31,17,18,4,19,3,35
5017,0,36,37,44,38,39,1,9,10,41,15,42,40,31,17,18,4,19,3,35
5018,0,36,37,44,38,39,1,9,10,41,15,42,40,31,17,18,4,19,3,35
5019,0,36,37,44,38,39,1,9,10,41,15,42,40,31,17,18,4,19,3,35
5020,0,36,37,44,38,39,1,9,10,41,15,42,40,31,17,18,4,19,3,35
5021,0,36,37,44,38,39,1,9,10,41,15,42,40,31,17,18,4,19,3,35
5022,0,36,37,44,38,39,1,9,10,41,15,42,40,31,17,18,4,19,3,35
5023,0,36,37,44,38,39,1,9,10,41,15,42,40,31,17,18,4,19,3,35
5024,0,36,37,44,38,39,1,9,10,41,15,42,40,31,17,18,4,19,3,35
5025,0,36,37,44,38,39,1,9,10,41,15,42,40,31,17,18,4,19,3,35
5026,0,36,37,44,38,39,1,9,10,41,15,42,40,31,17,18,4,19,3,35
5027,0,36,37,44,38,39,1,9,10,41,15,42,40,31,17,18,4,19,3,35
5028,0,36,37,44,38,39,1,9,10,41,15,42,40,31,17,18,4,19,3,35
5029,0,36,37,44,38,39,1,9,10,41,15,42,40,31,17,18,4,19,3,35
5030,0,36,37,44,38,39,1,9,10,41,15,42,40,31,17,18,4,19,3,35
5031,0,36,37,44,38,39,1,9,10,41,15,42,40,31,17,18,4,19,3,35
5032,0,36,37,44,38,39,1,9,10,41,15,42,40,31,17,18,4,19,3,35
5033,0,36,37,44,38,39,1,9,10,41,15,42,40,31,17,18,4,19,3,35
5034,0,36,37,44,38,39,1,9,10,41,15,42,40,31,17,18,4,19,3,35
5035,0,36,37,44,38,39,1,9,10,41,15,42,40,31,17,18,4,19,3,35
5036,0,36,37,44,38,39,1,9,10,41,15,42,40,31,17,18,4,19,35,3
5037,0,36,37,44,38,39,1,9,10,41,15,42,40,31,17,18,4,19,35,3
5038,0,36,37,44,38,39,1,9,10,41,15,42,40,31,17,18,4,19,35,3
5039,0,36,37,44,38,39,1,9,10,41,15,42,40,31,17,18,4,19,35,3
5040,0,36,37,44,38,39,1,9,10,41,15,42,40,31,17,18,4,19,35,3
5041,0,36,37,44,38,39,1,9,10,41,15,42,40,31,17,18,4,19,35,3
5042,0,36,37,44,38,39,1,9,10,41,15,42,40,31,17,18,4,19,35,3
5043,0,36,37,44,38,39,1,9,10,41,15,42,40,31,17,18,4,19,35,3
5044,0,36,37,44,38,39,1,9,10,41,15,42,40,31,17,18,4,19,35,3
5045,0,36,37,44,38,39,1,9,10,41,15,42,40,31,17,18,4,19,35,3
5046,0,36,37,44,38,39,1,9,10,41,15,42,40,17,18,31,4,19,35,3
5047,0,36,37,44,38,39,1,9,10,41,15,42,40,17,18,31,4,19,35,3
5048,0,36,37,44,38,39,1,9,10,41,15,42,40,17,18,31,4,19,35,3
5049,0,36,37,44,38,39,1,9,10,41,15,42,40,17,18,31,4,19,35,3
5050,0,36,37,44,38,39,1,9,10,41,15,42,40,17,18,31,4,19,3,35
5051,0,36,37,44,38,39,1,9,10,41,15,42,40,17,18,31,4,19,3,35
5052,0,36,37,44,38,39,1,9,10,41,15,42,40,17,18,31,4,19,3,35
5053,0,36,37,44,38,39,1,9,10,41,15,42,40,17,18,31,4,19,3,35
5054,0,36,37,44,38,39,1,9,10,41,15,42,40,17,18,31,4,19,3,35
5055,0,36,37,44,38,39,1,9,10,41,15,42,40,17,18,31,4,19,3,35
5056,0,36,37,44,38,39,1,9,10,41,15,42,40,17,18,31,4,19,3,35
5057,0,36,37,44,38,39,1,9,10,41,15,42,40,17,18,31,4,19,3,35
5058,0,36,37,44,38,39,1,9,10,41,15,42,40,17,18,31,4,19,3,33
5059,0,36,37,44,38,39,1,9,10,41,15,42,40,17,18,31,4,19,3,33
5060,0,36,37,44,38,39,1,9,10,41,15,42,40,17,18,31,4,19,3,33
5061,0,36,37,44,38,39,1,9,10,41,15,42,40,17,18,31,4,19,3,33
5062,0,36,37,44,38,39,1,9,10,41,15,42,40,17,18,31,4,19,3,33
5063,0,36,37,44,38,39,1,9,10,41,15,42,40,17,18,31,4,19,3,33
5064,0,36,37,44,38,39,1,9,10,41,15,42,40,17,18,31,4,19,3,33
5065,0,36,37,44,38,39,1,9,10,41,15,42,40,17,18,31,4,19,3,33
5066,0,36,37,44,38,39,1,9,10,41,15,42,40,17,18,31,4,19,3,33
5067,0,36,37,44,38,39,1,9,10,41,15,42,40,17,18,31,4,19,3,33
5068,0,36,37,44,38,39,1,9,10,41,15,42,40,17,18,31,4,19,3,33
5069,0,36,37,44,38,39,1,9,10,41,15,42,40,17,18,31,4,19,3,33
5070,0,36,37,44,38,39,1,9,10,41,15,42,40,17,18,31,4,19,3,33
5071,0,36,37,44,38,39,1,9,10,41,15,42,40,17,18,31,4,19,3,33
5072,0,36,37,44,38,39,1,9,10,41,15,42,40,17,18,31,4,19,3,33
5073,0,36,37,44,38,39,1,9,10,41,15,42,40,17,18,31,4,19,3,33
5074,0,36,37,44,38,39,1,9,10,41,15,42,40,17,18,31,4,19,3,33
5075,0,36,37,44,38,39,1,9,10,41,15,42,40,17,18,31,4,19,3,33
5076,0,36,37,44,38,39,1,9,10,41,15,42,40,17,18,31,4,19,3,33
5077,0,36,37,44,38,39,1,9,10,41,15,42,40,17,18,31,4,19,3,33
5078,0,36,37,44,38,39,1,9,10,41,15,42,40,17,18,31,4,19,3,33
5079,0,36,37,44,38,39,1,9,10,41,15,42,40,17,18,31,4,19,3,33
5080,0,36,37,44,38,39,1,9,10,41,15,42,40,17,18,31,4,19,3,33
5081,0,36,37,44,38,39,1,9,10,41,15,42,40,17,18,31,4,19,3,33
5082,0,36,37,44,38,39,1,9,10,41,15,42,40,17,18,31,4,19,3,33
5083,0,36,37,44,38,39,1,9,10,41,15,42,40,17,18,31,4,19,3,33
5084,0,36,37,44,38,39,1,9,10,41,15,42,40,17,18,31,4,19,3,33
5085,0,36,37,44,38,39,1,9,10,41,15,42,40,17,18,31,4,19,3,33
5086,0,36,37,44,38,39,1,9,10,41,15,42,40,17,18,31,4,19,3,33
5087,0,36,37,44,38,39,1,9,10,41,15,42,40,17,18,31,4,19,3,33
5088,0,36,37,44,38,39,1,9,10,41,15,42,40,17,18,31,4,19,3,33
5089,0,36,37,44,38,39,1,9,10,41,15,42,40,17,18,31,4,19,3,33
5090,0,36,37,44,38,39,1,9,10,41,15,42,40,17,18,31,4,19,3,33
5091,0,36,37,44,38,39,1,9,10,41,15,42,40,17,18,31,4,19,3,33
5092,0,36,37,44,38,39,1,9,10,41,15,42,40,17,18,31,4,19,3,33
5093,0,36,37,44,38,39,1,9,10,41,15,42,40,17,18,31,4,19,3,33
5094,0,36,37,44,38,39,1,9,10,41,15,42,40,17,18,31,4,19,3,33
5095,0,36,37,44,38,39,1,9,10,41,15,42,40,17,18,31,4,19,3,33
5096,0,36,37,44,38,39,1,9,10,41,15,42,40,17,18,31,4,19,3,33
5097,0,36,37,44,38,39,1,9,10,41,15,42,40,17,18,31,4,19,3,33
5098,0,36,37,44,38,39,1,9,10,41,15,42,40,17,18,31,4,19,3,33
5099,0,36,37,44,38,39,1,9,10,41,15,42,40,17,18,31,4,19,3,33
5100,0,36,37,44,38,39,1,9,10,41,15,42,40,17,18,31,4,19,3,33
5101,0,36,37,44,38,39,1,9,10,41,15,42,40,17,18,31,4,19,33,3
5102,0,36,37,44,38,39,1,9,10,41,15,42,40,17,18,31,4,19,33,3
5103,0,36,37,44,38,39,1,9,10,41,15,42,40,17,18,31,4,19,33,35
5104,0,36,37,44,38,39,1,9,10,41,15,42,40,17,18,31,4,19,33,35
5105,0,36,37,44,38,39,1,9,10,41,15,42,40,17,18,31,4,19,33,35
5106,0,36,37,44,38,39,1,9,10,41,15,42,40,17,18,31,4,19,33,35
5107,0,36,37,44,38,39,1,9,10,41,15,42,40,17,18,31,4,19,33,35
5108,0,36,37,44,38,39,1,9,10,41,15,42,40,17,18,31,4,19,33,35
5109,0,36,37,44,38,39,1,9,10,41,15,42,40,17,18,31,4,19,33,35
5110,0,36,37,1,38,39,44,9,10,41,15,42,40,17,18,31,4,19,33,35
5111,0,36,37,1,38,39,44,9,10,41,15,42,40,17,18,31,4,19,33,35
5112,0,36,37,1,38,39,44,9,10,41,15,42,40,17,18,31,4,19,33,35
5113,0,36,37,1,38,39,44,9,10,41,15,42,40,17,18,31,4,19,33,35
5114,0,36,37,1,38,39,44,9,10,41,15,42,40,17,18,31,4,19,33,35
5115,0,36,37,1,38,39,44,9,10,41,15,42,40,17,18,31,4,19,33,35
5116,0,36,37,1,38,39,44,9,10,41,15,42,40,17,18,31,4,19,33,35
5117,0,36,37,1,38,39,44,9,10,41,15,42,40,17,18,31,4,19,33,35
5118,0,36,37,1,38,39,44,9,10,41,15,42,40,17,18,31,4,19,33,35
5119,0,36,37,1,38,39,44,9,10,41,15,42,40,17,18,31,4,19,33,35
5120,0,36,37,1,38,39,44,9,10,41,15,42,40,17,18,31,4,19,33,35
5121,0,36,37,1,38,39,44,9,10,41,15,42,40,17,18,31,4,19,33,35
5122,0,36,37,1,38,39,44,9,10,41,15,42,40,17,18,31,4,19,33,35
5123,0,36,37,1,38,39,44,9,10,41,15,42,40,17,18,31,4,19,33,35
5124,0,36,37,1,38,39,44,9,10,41,15,42,40,17,18,31,4,19,33,35
5125,0,36,37,1,38,39,44,9,10,41,15,42,40,17,18,31,4,19,33,35
5126,0,36,37,1,38,39,44,9,10,41,15,42,40,17,18,31,4,19,33,35
5127,0,36,37,1,38,39,44,9,10,41,15,42,40,17,18,31,4,19,33,35
5128,0,36,37,1,38,39,44,9,10,41,15,42,40,17,18,31,4,19,33,35
5129,0,36,37,1,38,39,44,9,10,41,15,42,40,17,18,31,4,19,33,35
5130,0,36,37,1,38,39,44,9,10,41,15,42,40,17,18,31,4,19,33,35
5131,0,36,37,1,38,39,44,9,10,41,15,42,40,17,18,31,4,19,33,35
5132,0,36,37,1,38,39,44,9,10,41,15,42,40,17,18,31,4,19,33,35
5133,0,36,37,1,38,39,44,9,10,41,15,42,40,17,18,31,4,19,33,35
5134,0,36,37,1,38,39,44,9,10,41,15,42,40,17,18,31,4,19,33,35
5135,0,36,37,1,38,39,44,9,10,41,15,42,40,17,18,31,4,19,33,35
5136,0,36,37,1,38,39,44,9,10,41,15,42,40,17,18,31,4,19,33,35
5137,0,36,37,1,38,39,44,9,10,41,15,42,40,17,18,31,4,19,33,35
5138,0,36,37,1,38,39,44,9,10,41,15,42,40,17,18,31,4,19,33,35
5139,0,36,37,1,38,39,44,9,10,41,15,42,40,17,18,31,4,19,33,35
5140,0,36,37,1,38,39,44,9,10,41,15,42,40,17,18,31,4,19,33,35
5141,0,36,37,1,38,39,44,9,10,41,15,42,40,17,18,31,4,19,33,35
5142,0,36,37,1,38,39,44,9,10,41,15,42,40,17,18,31,4,19,33,35
5143,0,36,37,1,38,39,44,9,10,41,15,42,40,17,18,31,4,19,33,35
5144,0,36,37,1,38,39,44,9,10,41,15,42,40,17,18,31,4,19,33,35
5145,0,36,37,1,38,39,44,9,10,41,15,42,40,17,18,4,31,19,33,35
5146,0,36,37,1,38,39,44,9,10,41,15,42,40,17,18,31,4,19,33,35
5147,0,36,37,1,38,39,44,9,10,41,15,42,40,17,18,31,4,19,33,35
5148,0,36,37,1,38,39,44,9,10,41,15,42,40,17,18,31,4,19,33,35
5149,0,36,37,1,38,39,44,9,10,41,15,42,40,17,18,31,4,19,33,35
5150,0,36,37,1,38,39,44,9,10,41,15,42,40,17,18,31,4,19,33,35
5151,0,36,37,1,38,39,44,9,10,41,15,42,40,17,18,31,4,19,33,35
5152,0,36,37,1,38,39,44,9,10,41,15,42,40,17,18,31,4,19,33,35
5153,0,36,37,1,38,39,44,9,10,41,15,42,40,17,18,31,4,19,33,35
5154,0,36,37,1,38,39,44,9,10,41,15,42,40,17,18,31,4,19,33,35
5155,0,36,37,1,38,39,44,9,10,41,15,42,40,17,18,31,4,19,33,35
5156,0,36,37,1,38,39,44,9,10,41,15,42,40,17,18,31,4,19,33,35
5157,0,36,37,1,38,39,44,9,10,41,15,42,40,17,18,31,4,19,33,35
5158,0,36,37,1,38,39,44,9,10,41,15,42,40,17,18,31,4,19,33,35
5159,0,36,37,1,38,39,44,9,10,41,15,42,40,17,18,31,4,19,33,35
5160,0,36,37,1,38,39,44,9,10,41,15,42,40,17,18,31,4,19,33,35
5161,0,36,37,1,38,39,44,9,10,41,15,42,40,17,18,31,4,19,33,35
5162,0,36,37,1,38,39,44,9,10,41,15,42,40,17,18,31,4,19,33,35
5163,0,36,37,1,38,39,44,9,10,41,15,42,40,17,18,31,4,19,33,35
5164,0,36,37,1,38,39,44,9,10,41,15,42,40,17,18,31,4,19,33,35
5165,0,36,37,1,38,39,44,9,10,41,15,42,40,17,18,31,4,19,33,35
5166,0,36,37,1,38,39,44,9,10,41,15,42,40,17,18,31,4,19,33,35
5167,0,36,37,1,38,39,44,9,10,41,15,42,40,17,18,31,4,19,33,35
5168,0,36,37,1,38,39,44,9,10,41,15,42,40,17,18,31,4,19,33,35
5169,0,36,37,1,38,39,44,9,10,41,15,42,40,17,18,31,4,19,33,35
5170,0,36,37,1,38,39,44,9,10,41,15,42,40,17,18,31,4,19,33,35
5171,0,36,37,1,38,39,44,9,10,41,15,42,40,17,18,31,4,19,33,35
5172,0,36,37,1,38,39,44,9,10,41,15,42,40,17,18,31,4,19,33,35
5173,0,36,37,1,38,39,44,9,10,41,15,42,40,17,18,31,4,19,33,35
5174,0,36,37,1,38,39,44,9,10,41,15,42,40,17,18,31,4,19,33,35
5175,0,36,37,1,38,39,44,9,10,41,15,42,40,17,18,31,4,19,33,35
5176,0,36,37,1,38,39,44,9,10,41,15,42,40,17,18,31,4,19,33,35
5177,0,36,37,1,38,39,44,9,10,41,15,42,40,17,18,31,4,19,33,35
5178,0,36,37,1,38,39,44,9,10,41,15,42,40,17,18,31,4,19,33,35
5179,0,36,37,1,38,39,44,9,10,41,15,42,40,17,18,31,4,19,33,35
5180,0,36,37,1,38,39,44,9,10,41,15,42,40,17,18,31,4,19,33,35
5181,0,36,37,1,38,39,44,9,10,41,15,42,40,17,18,31,4,19,33,35
5182,0,36,37,1,38,39,44,9,10,41,15,42,40,17,18,31,4,19,33,35
5183,0,36,37,1,38,39,44,9,10,41,15,42,40,17,18,31,4,19,33,35
5184,0,36,37,1,38,39,44,9,10,41,15,42,40,17,18,31,4,19,33,35
5185,0,36,37,1,38,39,44,9,10,41,15,42,40,17,18,31,4,19,33,35
5186,0,36,37,1,38,39,44,9,10,41,15,42,40,17,18,31,4,19,33,35
5187,0,36,37,1,38,39,44,9,10,41,15,42,40,17,18,31,4,19,33,35
5188,0,36,37,1,38,39,44,9,10,41,15,42,40,17,18,31,4,19,33,35
5189,0,36,37,1,38,39,44,9,10,41,15,42,40,17,18,31,4,19,33,35
5190,0,36,37,1,38,39,44,9,10,41,15,42,40,17,18,31,4,19,33,35
5191,0,36,37,1,38,39,44,9,10,41,15,42,40,17,18,31,4,19,33,35
5192,0,36,37,1,38,39,44,9,10,41,15,42,40,17,18,31,4,19,33,35
5193,0,36,37,1,38,39,44,9,10,41,15,42,40,17,18,31,4,19,33,35
5194,0,36,37,1,38,39,44,9,10,41,15,42,40,17,18,31,4,19,33,35
5195,0,36,37,1,38,39,44,9,10,41,15,42,40,17,18,31,4,19,33,35
5196,0,36,37,1,38,39,44,9,10,41,15,42,40,17,18,31,4,19,33,35
5197,0,36,37,1,38,39,44,9,10,41,15,42,40,17,18,31,4,19,33,35
5198,0,36,37,1,38,39,44,9,10,41,15,42,40,17,18,31,4,19,33,35
5199,0,36,37,1,38,39,44,9,10,41,15,42,40,17,18,31,4,19,33,35
5200,0,36,37,1,38,39,44,9,10,41,15,42,40,17,18,31,4,19,33,35
5201,0,36,37,1,38,39,44,9,10,41,15,42,40,17,18,31,4,19,33,35
5202,0,36,37,1,38,39,44,9,10,41,15,42,40,17,18,31,4,19,33,35
5203,0,36,37,1,38,39,44,9,10,41,15,42,40,17,18,31,4,19,33,35
5204,0,36,37,1,38,39,44,9,10,41,15,42,40,17,18,31,4,19,33,35
5205,0,36,37,1,38,39,44,9,10,41,15,42,40,17,18,31,4,19,33,35
5206,0,36,37,1,38,39,44,9,10,41,15,42,40,17,18,31,4,19,33,35
5207,0,36,37,1,38,39,44,9,10,41,15,42,40,17,18,31,4,19,33,35
5208,0,36,37,1,38,39,44,9,10,41,15,42,40,17,18,31,4,19,33,35
5209,0,36,37,1,38,39,44,9,10,41,15,42,40,17,18,31,4,19,33,35
5210,0,36,37,1,38,39,44,9,10,41,15,42,40,17,18,31,4,19,33,35
5211,0,36,37,1,38,39,44,9,10,41,15,42,40,17,18,31,4,19,33,35
5212,0,36,37,1,38,39,44,9,10,41,15,42,40,17,18,31,4,19,33,35
5213,0,36,37,1,38,39,44,9,10,41,15,42,40,17,18,31,4,19,33,35
5214,0,36,37,1,38,39,44,9,10,41,15,42,40,17,18,31,4,19,33,35
5215,0,36,37,1,38,39,44,9,10,41,15,42,40,17,18,31,4,19,33,35
5216,0,36,37,1,38,39,44,9,10,41,15,42,40,17,18,31,4,19,33,35
5217,0,36,37,1,38,39,44,9,10,41,15,42,40,17,18,31,4,19,33,35
5218,0,36,37,1,38,39,44,9,10,41,15,42,40,17,18,31,4,19,33,35
5219,0,36,37,1,38,39,44,9,10,41,15,42,40,17,18,31,4,19,33,35
5220,0,36,37,1,38,39,44,9,10,41,15,42,40,17,18,31,4,19,33,35
5221,0,36,37,1,38,39,44,9,10,41,15,42,40,17,18,31,4,19,33,35
5222,0,36,37,1,38,39,44,9,10,41,15,42,40,17,18,31,4,19,33,35
5223,0,36,37,1,38,39,44,9,10,41,15,42,40,17,18,31,4,19,33,35
5224,0,36,37,1,38,39,44,9,10,41,15,42,40,17,18,31,4,19,33,35
5225,0,36,37,1,38,39,44,9,10,41,15,42,40,17,18,31,4,19,33,35
5226,0,36,37,1,38,39,44,9,10,41,15,42,40,17,18,31,4,19,33,35
5227,0,36,37,1,38,39,44,9,10,41,15,42,40,17,18,31,4,19,33,35
5228,0,36,37,1,38,39,44,9,10,41,15,42,40,17,18,31,4,19,33,35
5229,0,36,37,1,38,39,44,9,10,41,15,42,40,17,18,31,4,19,33,35
5230,0,36,37,1,38,39,44,9,10,41,15,42,40,17,18,31,4,19,33,35
5231,0,36,37,1,38,39,44,9,10,41,15,42,40,17,18,31,4,19,33,35
5232,0,36,37,1,38,39,44,9,10,41,15,42,40,17,18,31,4,19,33,35
5233,0,36,37,1,38,39,44,9,10,41,15,42,40,17,18,31,4,19,33,35
5234,0,36,37,1,38,39,44,9,10,41,15,42,40,17,18,31,4,19,33,35
5235,0,36,37,1,38,39,44,9,10,41,15,42,40,17,18,31,4,19,33,35
5236,0,36,37,1,38,39,44,9,10,41,15,42,40,17,18,31,4,19,33,35
5237,0,36,37,1,38,39,44,9,10,41,15,42,40,17,18,31,4,19,33,35
5238,0,36,37,1,38,39,44,9,10,41,15,42,40,17,18,31,4,19,33,35
5239,0,36,37,1,38,39,44,9,10,41,15,42,40,17,18,31,4,19,33,35
5240,0,36,37,1,38,39,44,9,10,41,15,42,40,17,18,4,31,19,33,35
5241,0,36,37,1,38,39,44,9,10,41,15,42,40,17,18,4,31,19,33,35
5242,0,36,37,1,38,39,44,9,10,41,15,42,40,17,18,4,31,19,33,35
5243,0,36,37,1,38,39,9,10,41,44,15,42,40,17,18,4,31,19,33,45
5244,0,36,37,1,38,39,9,10,41,44,15,42,40,17,18,4,31,19,33,45
5245,0,36,37,1,38,39,9,10,41,15,42,44,40,17,18,4,31,19,33,45
5246,0,36,37,1,38,39,9,10,41,15,42,44,40,17,18,4,31,19,33,45
5247,0,36,37,1,38,39,9,10,41,15,42,44,40,17,18,4,31,19,33,45
5248,0,36,37,1,38,39,9,10,41,15,42,44,40,17,18,4,31,19,33,45
5249,0,36,37,1,38,39,9,10,41,15,42,44,40,17,18,4,31,19,33,45
5250,0,36,37,1,38,39,9,10,41,15,42,44,40,17,18,4,31,19,33,45
5251,0,36,37,1,38,39,9,10,41,15,42,44,40,17,18,4,31,19,33,45
5252,0,36,37,1,38,39,9,10,41,15,42,44,40,17,18,4,31,19,33,45
5253,0,36,37,1,38,39,9,10,41,15,42,44,40,17,18,4,31,19,33,45
5254,0,36,37,1,38,39,9,10,41,15,42,44,40,17,18,4,31,19,33,45
5255,0,36,37,1,38,39,9,10,41,15,42,44,40,17,18,4,31,19,33,45
5256,0,36,37,1,38,39,9,10,41,15,42,44,40,17,18,4,31,19,33,45
5257,0,36,37,1,38,39,9,10,41,15,42,44,40,17,18,4,31,19,33,45
5258,0,36,37,1,38,39,9,10,41,15,42,44,40,17,18,4,31,19,33,45
5259,0,36,37,1,38,39,9,10,41,15,42,44,40,17,18,4,31,19,33,45
5260,0,36,37,1,38,39,9,10,41,15,42,44,40,17,18,4,31,19,33,45
5261,0,36,37,1,38,39,9,10,41,15,42,44,40,17,18,4,31,19,33,45
5262,0,36,37,1,38,39,9,10,41,15,42,44,40,17,18,4,31,19,33,45
5263,0,36,37,1,38,39,9,10,41,15,42,44,40,17,18,4,31,19,33,45
5264,0,36,37,1,38,39,9,10,41,15,42,44,40,17,18,4,31,19,33,45
5265,0,36,37,1,38,39,9,10,41,15,42,44,40,17,18,4,31,19,33,45
5266,0,36,37,1,38,39,9,10,41,15,42,44,40,17,18,4,31,19,33,45
5267,0,36,37,1,38,39,9,10,41,15,42,44,40,17,18,4,31,19,33,45
5268,0,36,37,1,38,39,9,10,41,15,42,44,40,17,18,4,31,19,33,45
5269,0,36,37,1,38,39,9,10,41,15,42,44,40,17,18,4,31,19,33,45
5270,0,36,37,1,38,39,9,10,41,15,42,44,40,17,18,4,31,19,33,45
5271,0,36,37,1,38,39,9,10,41,15,42,44,40,17,18,4,31,19,33,45
5272,0,36,37,1,38,39,9,10,41,15,42,44,40,17,18,4,31,19,33,45
5273,0,36,37,1,38,39,9,10,41,15,42,44,40,17,18,4,31,19,33,45
5274,0,36,37,1,38,39,9,10,41,15,42,44,40,17,18,4,31,19,33,45
5275,0,36,37,1,38,39,9,10,41,15,42,44,40,17,18,4,31,19,33,45
5276,0,36,37,1,38,39,9,10,41,15,42,44,40,17,18,4,31,19,33,45
5277,0,36,37,1,38,39,9,10,41,15,42,44,40,17,18,4,31,19,33,45
5278,0,36,37,1,38,39,9,10,41,15,42,44,40,17,18,4,31,19,33,45
5279,0,36,37,1,38,39,9,10,41,15,42,44,40,17,18,4,31,19,33,45
5280,0,36,37,1,38,39,9,10,41,15,42,44,40,17,18,4,31,19,33,45
5281,0,36,37,1,38,39,9,10,41,15,42,44,40,17,18,4,31,19,33,45
5282,0,36,37,1,38,39,9,10,41,15,42,44,40,17,18,4,31,19,33,45
5283,0,36,37,1,38,39,9,10,41,15,42,44,40,17,18,4,31,19,33,45
5284,0,36,37,1,38,39,9,10,41,15,42,44,40,17,18,4,31,19,33,45
5285,0,36,37,1,38,39,9,10,41,15,42,44,40,17,18,4,31,19,33,45
5286,0,36,37,1,38,39,9,10,41,15,42,44,40,17,18,4,31,19,33,45
5287,0,36,37,1,38,39,9,10,41,15,42,44,40,17,18,4,31,19,33,45
5288,0,36,37,1,38,39,9,10,41,15,42,44,40,17,18,4,31,19,33,45
5289,0,36,37,1,38,39,9,10,41,15,42,44,40,17,18,4,31,19,33,45
5290,0,36,37,1,38,39,9,10,41,15,42,44,40,17,18,4,31,19,33,45
5291,0,36,37,1,38,39,9,10,41,15,42,44,40,17,18,4,31,19,33,45
5292,0,36,37,1,38,39,9,10,41,15,42,44,40,17,18,4,31,19,33,45
5293,0,36,37,1,38,39,9,10,41,15,42,44,40,17,18,4,31,19,33,45
5294,0,36,37,1,38,39,9,10,41,15,42,44,40,17,18,4,31,19,33,45
5295,0,36,37,1,38,39,9,10,41,15,42,44,40,17,18,4,31,19,33,45
5296,0,36,37,1,38,39,9,10,41,15,42,44,40,17,18,4,31,19,33,45
5297,0,36,37,1,38,39,9,10,41,15,42,44,40,17,18,4,31,19,33,45
5298,0,36,37,1,38,39,9,10,41,15,42,44,40,17,18,4,31,19,33,45
5299,0,36,37,1,38,39,9,10,41,15,42,44,40,17,18,4,31,19,33,45
5300,0,36,37,1,38,39,9,10,41,15,42,44,40,17,18,4,31,19,33,45
5301,0,36,37,1,38,39,9,10,41,15,42,44,40,17,18,4,31,19,33,45
5302,0,36,37,1,38,39,9,10,41,15,42,44,40,17,18,4,31,19,33,45
5303,0,36,37,1,38,39,9,10,41,15,42,44,40,17,18,4,31,19,33,45
5304,0,36,37,1,38,39,9,10,41,15,42,44,40,17,18,4,31,19,33,45
5305,0,36,37,1,38,39,9,10,41,15,42,44,40,17,18,4,31,19,33,45
5306,0,36,37,1,38,39,9,10,41,15,42,44,40,17,18,31,4,19,33,45
5307,0,36,37,1,38,39,9,10,41,15,42,44,40,17,18,31,4,19,33,45
5308,0,36,37,1,38,39,9,10,41,15,42,44,40,17,18,31,4,19,33,45
5309,0,36,37,1,38,39,9,10,41,15,42,44,40,17,18,31,4,19,33,45
5310,0,36,37,1,38,39,9,10,41,15,42,44,40,17,18,31,4,19,33,45
5311,0,36,37,1,38,39,9,10,41,15,42,44,40,17,18,31,4,19,33,45
5312,0,36,37,1,38,39,9,10,41,15,42,44,40,17,18,31,4,19,33,45
5313,0,36,37,1,38,39,9,10,41,15,42,44,40,17,18,31,4,19,33,45
5314,0,36,37,1,38,39,9,10,41,15,42,44,40,17,18,31,4,19,33,45
5315,0,36,37,1,38,39,9,10,41,15,42,44,40,17,18,4,31,19,33,45
5316,0,36,37,1,38,39,9,10,41,15,42,44,40,17,18,31,4,19,33,45
5317,0,36,37,1,38,39,9,10,41,15,42,44,40,17,18,31,4,19,33,45
5318,0,36,37,1,38,39,9,10,41,15,42,44,40,17,18,31,4,19,33,45
5319,0,36,37,1,38,39,9,10,41,15,42,44,40,17,18,31,4,19,33,45
5320,0,36,37,1,38,39,9,10,41,15,42,44,40,17,18,31,4,19,33,45
5321,0,36,37,1,38,39,9,10,41,15,42,44,40,17,18,31,4,19,33,45
5322,0,36,37,1,38,39,9,10,41,15,42,44,40,17,18,31,4,19,33,45
5323,0,36,37,1,38,39,9,10,41,15,42,44,40,17,18,31,4,19,33,45
5324,0,36,37,1,38,39,9,10,41,15,42,44,40,17,18,31,4,19,33,45
5325,0,36,37,1,38,39,9,10,41,15,42,44,40,17,18,31,4,19,33,45
5326,0,36,37,1,38,39,9,10,41,15,42,44,40,17,18,31,4,19,33,45
5327,0,36,37,1,38,39,9,10,41,15,42,44,40,17,18,31,4,19,33,45
5328,0,36,37,1,38,39,9,10,41,15,42,44,40,17,18,31,4,19,33,45
5329,0,36,37,1,38,39,9,10,41,15,42,44,40,17,18,31,4,19,33,45
5330,0,36,37,1,38,39,9,10,41,15,42,44,40,17,18,31,4,19,33,45
5331,0,36,37,1,38,39,9,10,41,15,42,44,40,17,18,31,4,19,33,45
5332,0,36,37,1,38,39,9,10,41,15,42,44,40,17,18,31,4,19,33,45
5333,0,36,37,1,38,39,9,10,41,15,42,44,40,17,18,31,4,19,33,45
5334,0,36,37,1,38,39,9,10,41,15,42,44,40,17,18,31,4,19,33,45
5335,0,36,37,1,38,39,9,10,41,15,42,44,40,17,18,4,31,19,33,45
5336,0,36,37,1,38,39,9,10,41,15,42,44,40,17,18,31,4,19,33,45
5337,0,36,37,1,38,39,9,10,41,15,42,44,40,17,18,31,4,19,33,45
5338,0,36,37,1,38,39,9,10,41,15,42,44,40,17,18,31,4,19,33,45
5339,0,36,37,1,38,39,9,10,41,15,42,44,40,17,18,31,4,19,33,45
5340,0,36,37,1,38,39,9,10,41,15,42,44,40,17,18,31,4,19,33,45
5341,0,36,37,1,38,39,9,10,41,15,42,44,40,17,18,31,4,19,33,45
5342,0,36,37,1,38,39,9,10,41,15,42,44,40,17,18,31,4,19,33,45
5343,0,36,37,1,38,39,9,10,41,15,42,44,40,17,18,31,4,19,33,45
5344,0,36,37,1,38,39,9,10,41,15,42,44,40,17,18,31,4,19,33,45
5345,0,36,37,1,38,39,9,10,41,15,42,44,40,17,18,31,4,19,33,45
5346,0,36,37,1,38,39,9,10,41,15,42,44,40,17,18,31,4,19,33,45
5347,0,36,37,1,38,39,9,10,41,15,42,44,40,17,18,31,4,19,33,45
5348,0,36,37,1,38,39,9,10,41,15,42,44,40,17,18,31,4,19,33,45
5349,0,36,37,1,38,39,9,10,41,15,42,44,40,17,18,31,4,19,33,45
5350,0,36,37,1,38,39,9,10,41,15,42,44,40,17,18,31,4,19,33,45
5351,0,36,37,1,38,39,9,10,41,15,42,44,40,17,18,31,4,19,33,45
5352,0,36,37,1,38,39,9,10,41,15,42,44,40,17,18,31,4,19,33,45
5353,0,36,37,1,38,39,9,10,41,15,42,44,40,17,18,31,4,19,33,45
5354,0,36,37,1,38,39,9,10,41,15,42,44,40,17,18,31,4,19,33,45
5355,0,36,37,1,38,39,9,10,41,15,42,44,40,17,18,31,4,19,33,45
5356,0,36,37,1,38,39,9,10,41,15,42,44,40,17,18,31,4,19,33,45
5357,0,36,37,1,38,39,9,10,41,15,42,44,40,17,18,31,4,19,33,45
5358,0,36,37,1,38,39,9,10,41,15,42,44,40,17,18,31,4,19,33,45
5359,0,36,37,1,38,39,9,10,41,15,42,44,40,17,18,31,4,19,33,45
5360,0,36,37,1,38,39,9,10,41,15,42,44,40,17,18,31,4,19,33,45
5361,0,36,37,1,38,39,9,10,41,15,42,44,40,17,18,31,4,19,33,45
5362,0,36,37,1,38,39,9,10,41,15,42,44,40,17,18,31,4,19,33,45
5363,0,36,37,1,38,39,9,10,41,15,42,44,40,17,18,31,4,19,33,45
5364,0,36,37,1,38,39,9,10,41,15,42,44,40,17,18,31,4,19,33,45
5365,0,36,37,1,38,39,9,10,41,15,42,44,40,17,18,31,4,19,33,45
5366,0,36,37,1,38,39,9,10,41,15,42,44,40,17,18,31,4,19,33,45
5367,0,36,37,1,38,39,9,10,41,15,42,44,40,17,18,31,4,19,33,45
5368,0,36,37,1,38,39,9,10,41,15,42,44,40,17,18,31,4,19,33,45
5369,0,36,37,1,38,39,9,10,41,15,42,44,40,17,18,31,4,19,33,45
5370,0,36,37,1,38,39,9,10,41,15,42,44,40,17,18,31,4,19,33,45
5371,0,36,37,1,38,39,9,10,41,15,42,44,40,17,18,31,4,19,33,45
5372,0,36,37,1,38,39,9,10,41,15,42,44,40,17,18,31,4,19,33,45
5373,0,36,37,1,38,39,9,10,41,15,42,44,40,17,18,31,4,19,33,45
5374,0,36,37,1,38,39,9,10,41,15,42,44,40,17,18,31,4,19,33,45
5375,0,36,37,1,38,39,9,10,41,15,42,44,40,17,18,31,4,19,33,45
5376,0,36,37,1,38,39,9,10,41,15,42,44,40,17,18,31,4,19,33,45
5377,0,36,37,1,38,39,9,10,41,15,42,44,40,17,18,31,4,19,33,45
5378,0,36,37,1,38,39,9,10,41,15,42,44,40,17,18,31,4,19,33,45
5379,0,36,37,1,38,39,9,10,41,15,42,44,40,17,18,31,4,19,33,45
5380,0,36,37,1,38,39,9,10,41,15,42,44,40,17,18,31,4,19,33,45
5381,0,36,37,1,38,39,9,10,41,15,42,44,40,17,18,31,4,19,33,45
5382,0,36,37,1,38,39,9,10,41,15,42,44,40,17,18,31,4,19,33,45
5383,0,36,37,1,38,39,9,10,41,15,42,44,40,17,18,31,4,19,33,45
5384,0,36,37,1,38,39,9,10,41,15,42,44,40,17,18,31,4,19,33,45
5385,0,36,37,1,38,39,9,10,41,15,42,44,40,17,18,31,4,19,33,45
5386,0,36,37,1,38,39,9,10,41,15,42,44,40,17,18,31,4,19,33,45
5387,0,36,37,1,38,39,9,10,41,15,42,44,40,17,18,31,4,19,33,45
5388,0,36,37,1,38,39,9,10,41,15,42,44,40,17,18,31,4,19,33,45
5389,0,36,37,1,38,39,9,10,41,15,42,44,40,17,18,31,4,19,33,45
5390,0,36,37,1,38,39,9,10,41,15,42,44,40,17,18,4,31,19,33,45
5391,0,36,37,1,38,39,9,10,41,15,42,44,40,17,18,4,31,19,33,45
5392,0,36,37,1,38,39,9,10,41,15,42,44,40,17,18,4,31,19,33,45
5393,0,36,37,1,38,39,9,10,41,15,42,44,40,17,18,4,31,19,33,45
5394,0,36,37,1,38,39,9,10,41,15,42,44,40,17,18,4,31,19,33,45
5395,0,36,37,1,38,39,9,10,41,15,42,44,40,17,18,4,31,19,33,45
5396,0,36,37,1,38,39,9,10,41,15,42,44,40,17,18,4,31,19,33,45
5397,0,36,37,1,38,39,9,10,41,15,42,44,40,17,18,4,31,19,33,45
5398,0,36,37,1,38,39,9,10,41,15,42,44,40,17,18,4,31,19,33,45
5399,0,36,37,1,38,39,9,10,41,15,42,44,40,17,18,4,31,19,33,45
5400,0,36,37,1,38,39,9,10,41,15,42,44,40,17,18,4,31,19,33,45
5401,0,36,37,1,38,39,9,10,41,15,42,44,40,17,18,4,31,19,33,45
5402,0,36,37,1,38,39,9,10,41,15,42,44,40,17,18,4,31,19,33,45
5403,0,36,37,1,38,39,9,10,41,15,42,44,40,17,18,4,31,19,33,45
5404,0,36,37,1,38,39,9,10,41,15,42,44,40,17,18,4,31,19,33,45
5405,0,36,37,1,38,39,9,10,41,15,42,44,40,17,18,4,31,19,33,45
5406,0,36,37,1,38,39,9,10,41,15,42,44,40,17,18,4,31,19,33,45
5407,0,36,37,1,38,39,9,10,41,15,42,44,40,17,18,4,31,19,33,45
5408,0,36,37,1,38,39,9,10,41,15,42,44,40,17,18,4,31,19,33,45
5409,0,36,37,1,38,39,9,10,41,15,42,44,40,17,18,4,31,19,33,45
5410,0,36,37,1,38,39,9,10,41,15,42,44,40,17,18,4,31,19,33,45
5411,0,36,37,1,38,39,9,10,41,15,42,44,40,17,18,31,4,19,33,45
5412,0,36,37,1,38,39,9,10,41,15,42,44,40,17,18,31,4,19,33,45
5413,0,36,37,1,38,39,9,10,41,15,42,44,40,17,18,31,4,19,33,45
5414,0,36,37,1,38,39,9,10,41,15,42,44,40,17,18,31,4,19,33,45
5415,0,36,37,1,38,39,9,10,41,15,42,44,40,17,18,31,4,19,33,45
5416,0,36,37,1,38,39,9,10,41,15,42,44,40,17,18,31,4,19,33,45
5417,0,36,37,1,38,39,9,10,41,15,42,44,40,17,18,31,4,19,33,45
5418,0,36,37,1,38,39,9,10,41,15,42,44,40,17,18,31,4,19,33,45
5419,0,36,37,1,38,39,9,10,41,15,42,44,40,17,18,31,19,4,33,45
5420,0,36,37,1,38,39,9,10,41,15,42,44,40,17,18,31,19,4,33,45
5421,0,36,37,1,38,39,9,10,41,15,42,44,40,17,18,31,19,4,33,45
5422,0,36,37,1,38,39,9,10,41,15,42,44,40,17,18,31,19,4,33,45
5423,0,36,37,1,38,39,9,10,41,15,42,44,40,17,18,31,19,4,33,45
5424,0,36,37,1,38,39,9,10,41,15,42,44,40,17,18,31,19,4,33,45
5425,0,36,37,1,38,39,9,10,41,15,42,44,40,17,18,31,19,4,33,45
5426,0,36,37,1,38,39,9,10,41,15,42,44,40,17,18,31,19,4,33,45
5427,0,36,37,1,38,39,9,10,41,15,42,44,40,17,18,31,19,4,33,45
5428,0,36,37,1,38,39,9,10,41,15,42,44,40,17,18,31,19,4,33,45
5429,0,36,37,1,38,39,9,10,41,15,42,44,40,17,18,31,19,4,33,45
5430,0,36,37,1,38,39,9,10,41,15,42,44,40,17,18,31,19,4,33,45
5431,0,36,37,1,38,39,9,10,41,15,42,44,40,17,18,31,19,4,33,45
5432,0,36,37,1,38,39,9,10,41,15,42,44,40,17,18,31,19,4,33,45
5433,0,36,37,1,38,39,9,10,41,15,42,44,40,17,18,31,19,4,33,45
5434,0,36,37,1,38,39,9,10,41,15,42,44,40,17,18,31,19,4,33,45
5435,0,36,37,1,38,39,9,10,41,15,42,44,40,17,18,31,19,4,33,45
5436,0,36,37,1,38,39,9,10,41,15,42,44,40,17,18,31,19,4,33,45
5437,0,36,37,1,38,39,9,10,41,15,42,44,40,17,18,31,19,4,33,45
5438,0,36,37,1,38,39,9,10,41,15,42,44,40,17,18,31,19,4,33,45
5439,0,36,37,1,38,39,9,10,41,15,42,44,40,17,18,31,19,4,33,45
5440,0,36,37,1,38,39,9,10,41,15,42,44,40,17,18,31,19,4,33,45
5441,0,36,37,1,38,39,9,10,41,15,42,44,40,17,18,31,19,4,33,45
5442,0,36,37,1,38,39,9,10,41,15,42,40,44,17,18,31,19,4,33,45
5443,0,36,37,1,38,39,9,10,41,15,42,40,44,17,18,31,19,4,33,45
5444,0,36,37,1,38,39,9,10,41,15,42,40,44,17,18,31,19,4,33,45
5445,0,36,37,1,38,39,9,10,41,15,42,40,44,17,18,31,19,4,33,45
5446,0,36,37,1,38,39,9,10,41,15,42,40,44,17,18,31,19,4,33,45
5447,0,36,37,1,38,39,9,10,41,15,42,40,44,17,18,31,19,4,33,45
5448,0,36,37,1,38,39,9,10,41,15,42,40,44,17,18,31,19,4,33,45
5449,0,36,37,1,38,39,9,10,41,15,42,40,44,17,18,31,19,4,33,45
5450,0,36,37,1,38,39,9,10,41,15,42,40,44,17,18,31,19,4,33,45
5451,0,36,37,1,38,39,9,10,41,15,42,40,44,17,18,31,19,4,33,45
5452,0,36,37,1,38,39,9,10,41,15,42,40,44,17,18,31,19,4,33,45
5453,0,36,37,1,38,39,9,10,41,15,42,40,44,17,18,31,19,4,33,35
5454,0,36,37,1,38,39,9,10,41,15,42,40,44,17,18,31,19,4,33,35
5455,0,36,37,1,38,39,9,10,41,15,42,40,44,17,18,31,19,4,33,35
5456,0,36,37,1,38,39,9,10,41,15,42,40,44,17,18,31,19,4,33,35
5457,0,36,37,1,38,39,9,10,41,15,42,40,44,17,18,31,19,4,33,35
5458,0,36,37,1,38,39,9,10,41,15,42,40,44,17,18,31,19,4,33,35
5459,0,36,37,1,38,39,9,10,41,15,42,40,44,17,18,31,19,4,33,35
5460,0,36,37,1,38,39,9,10,41,15,42,40,44,17,18,31,19,4,33,35
5461,0,36,37,1,38,39,9,10,41,15,42,40,44,17,18,31,19,4,33,35
5462,0,36,37,1,38,39,9,10,41,15,42,40,44,17,18,31,19,4,33,35
5463,0,36,37,1,38,39,9,10,41,15,42,40,44,17,18,31,19,4,33,35
5464,0,36,37,1,38,39,9,10,41,15,42,40,44,17,18,31,19,4,33,35
5465,0,36,37,1,38,39,9,10,41,15,42,40,44,17,18,31,19,4,33,35
5466,0,36,37,1,38,39,9,10,41,15,42,40,44,17,18,31,19,4,33,35
5467,0,36,37,1,38,39,9,10,41,15,42,40,44,17,18,31,19,4,33,35
5468,0,36,37,1,38,39,9,10,41,15,42,40,44,17,18,31,19,4,33,35
5469,0,36,37,1,38,39,9,10,41,15,42,40,44,17,18,31,19,4,33,35
5470,0,36,37,1,38,39,9,10,41,15,42,40,44,17,18,31,19,4,33,35
5471,0,36,37,1,38,39,9,10,41,15,42,40,44,17,18,31,19,4,33,35
5472,0,36,37,1,38,39,9,10,41,15,42,40,44,17,18,31,19,4,33,35
5473,0,36,37,1,38,39,9,10,41,15,42,40,44,17,18,31,19,4,33,35
5474,0,36,37,1,38,39,9,10,41,15,42,40,44,17,18,31,19,4,33,35
5475,0,36,37,1,38,39,9,10,41,15,42,40,44,17,18,31,19,4,33,35
5476,0,36,37,1,38,39,9,10,41,15,42,40,44,17,18,31,19,4,33,35
5477,0,36,37,1,38,39,9,10,41,15,42,40,44,17,18,31,19,4,33,35
5478,0,36,37,1,38,39,9,10,41,15,42,40,44,17,18,31,19,4,33,35
5479,0,36,37,1,38,39,9,10,41,15,42,40,44,17,18,31,19,4,33,35
5480,0,36,37,1,38,39,9,10,41,15,42,40,44,17,18,31,19,4,33,35
5481,0,36,37,1,38,39,9,10,41,15,42,40,44,17,18,31,19,4,33,35
5482,0,36,37,1,38,39,9,10,41,15,42,40,44,17,18,31,19,4,33,35
5483,0,36,37,1,38,39,9,10,41,15,42,40,44,17,18,31,19,4,33,35
5484,0,36,37,1,38,39,9,10,41,15,42,40,44,17,18,31,19,4,33,35
5485,0,36,37,1,38,39,9,10,41,15,42,40,44,17,18,31,19,4,33,35
5486,0,36,37,1,38,39,9,10,41,15,42,40,44,17,18,31,19,4,33,35
5487,0,36,37,1,38,39,9,10,41,15,42,40,44,17,18,31,19,4,33,35
5488,0,36,37,1,38,39,9,10,41,15,42,40,44,17,18,31,19,4,33,35
5489,0,36,37,1,38,39,9,10,41,15,42,40,44,17,18,31,19,4,33,35
5490,0,36,37,1,38,39,9,10,41,15,42,40,44,17,18,31,19,4,33,35
5491,0,36,37,1,38,39,9,10,41,15,42,40,44,17,18,31,19,4,33,35
5492,0,36,37,1,38,39,9,10,41,15,42,40,44,17,18,31,19,4,33,35
5493,0,36,37,1,38,39,9,10,41,15,42,40,44,17,18,31,19,4,33,35
5494,0,36,37,1,38,39,9,10,41,15,42,40,44,17,18,31,19,4,33,35
5495,0,36,37,1,38,39,9,10,41,15,42,40,44,17,18,31,19,4,33,35
5496,0,36,37,1,38,39,9,10,41,15,42,40,44,17,18,31,19,4,33,35
5497,0,36,37,1,38,39,9,10,41,15,42,40,44,17,18,31,19,4,33,35
5498,0,36,37,1,38,39,9,10,41,15,42,40,44,17,18,31,19,4,33,35
5499,0,36,37,1,38,39,9,10,41,15,42,40,44,17,18,31,19,4,33,35
5500,0,36,37,1,38,39,9,10,41,15,42,40,44,17,18,31,19,4,33,35
5501,0,36,37,1,38,39,9,10,41,15,42,40,44,17,18,31,19,4,33,35
5502,0,36,37,1,38,39,9,10,41,15,42,40,44,17,18,31,19,4,33,35
5503,0,36,37,1,38,39,9,10,41,15,42,40,44,17,18,31,19,4,33,35
5504,0,36,37,1,38,39,9,10,41,15,42,40,44,17,18,31,19,4,33,35
5505,0,36,37,1,38,39,9,10,41,15,42,40,44,17,18,31,19,4,33,35
5506,0,36,37,1,38,39,9,10,41,15,42,40,44,17,18,31,19,4,33,35
5507,0,36,37,1,38,39,9,10,41,15,42,40,44,17,18,31,19,4,33,35
5508,0,36,37,1,38,39,9,10,41,15,42,40,44,17,18,31,19,4,33,35
5509,0,36,37,1,38,39,9,10,41,15,42,40,44,17,18,31,19,4,33,35
5510,0,36,37,1,38,39,9,10,41,15,42,40,44,17,18,31,19,4,33,35
5511,0,36,37,1,38,39,9,10,41,15,42,40,44,17,18,31,19,4,33,35
5512,0,36,37,1,38,39,9,10,41,15,42,40,44,17,18,31,19,4,33,35
5513,0,36,37,1,38,39,9,10,41,15,42,40,44,17,18,31,19,4,33,35
5514,0,36,37,1,38,39,9,10,41,15,42,40,44,17,18,31,19,4,33,35
5515,0,36,37,1,38,39,9,10,41,15,42,40,44,31,17,18,19,4,33,35
5516,0,36,37,1,38,39,9,10,41,15,42,40,44,31,17,18,19,4,33,35
5517,0,36,37,1,38,39,9,10,41,15,42,40,44,31,17,18,19,4,33,35
5518,0,36,37,1,38,39,9,10,41,15,42,40,44,31,17,18,19,4,33,35
5519,0,36,37,1,38,39,9,10,41,15,42,40,44,31,17,18,19,4,33,35
5520,0,36,37,1,38,39,9,10,41,15,42,40,44,31,17,18,19,4,33,35
5521,0,36,37,1,38,39,9,10,41,15,42,40,44,17,18,31,19,4,33,35
5522,0,36,37,1,38,39,9,10,41,15,42,40,44,17,18,31,19,4,33,35
5523,0,36,37,1,38,39,9,10,41,15,42,40,44,17,18,31,19,4,33,35
5524,0,36,37,1,38,39,9,10,41,15,42,40,44,17,18,31,19,4,33,35
5525,0,36,37,1,38,39,9,10,41,15,42,40,44,17,18,31,19,4,33,35
5526,0,36,37,1,38,39,9,10,41,15,42,40,44,17,18,31,19,4,33,35
5527,0,36,37,1,38,39,9,10,41,15,42,40,44,17,18,31,19,4,33,35
5528,0,36,37,1,38,39,9,10,41,15,42,40,44,17,18,31,19,4,33,35
5529,0,36,37,1,38,39,9,10,41,15,42,40,44,17,18,31,19,4,33,35
5530,0,36,37,1,38,39,9,10,41,15,42,40,44,17,18,31,19,4,33,35
5531,0,36,37,1,38,39,9,10,41,15,42,40,44,17,18,31,19,4,33,35
5532,0,36,37,1,38,39,9,10,41,15,42,40,44,17,18,31,19,4,33,35
5533,0,36,37,1,38,39,9,10,41,15,42,40,44,17,18,31,19,4,33,35
5534,0,36,37,1,38,39,9,10,41,15,42,40,44,17,18,31,19,4,33,35
5535,0,36,37,1,38,39,9,10,41,15,42,40,44,17,18,31,19,4,33,35
5536,0,36,37,1,38,39,9,10,41,15,42,40,44,17,18,31,19,4,33,35
5537,0,36,37,1,38,39,9,10,41,15,42,40,44,17,18,31,19,4,33,35
5538,0,36,37,1,38,39,9,10,41,15,42,40,44,17,18,31,19,4,33,35
5539,0,36,37,1,38,39,9,10,41,15,42,40,44,17,18,31,19,4,33,35
5540,0,36,37,1,38,39,9,10,41,15,42,40,44,17,18,31,19,4,33,35
5541,0,36,37,1,38,39,9,10,41,15,42,40,44,17,18,31,19,4,33,35
5542,0,36,37,1,38,39,9,10,41,15,42,40,44,17,18,31,19,4,33,35
5543,0,36,37,1,38,39,9,10,41,15,42,40,44,17,18,31,19,4,33,35
5544,0,36,37,1,38,39,9,10,41,15,42,40,44,17,18,31,19,4,33,35
5545,0,36,37,1,38,39,9,10,41,15,42,40,44,31,17,18,19,4,33,35
5546,0,36,37,1,38,39,9,10,41,15,42,40,44,31,17,18,19,4,33,35
5547,0,36,37,1,38,39,9,10,41,15,42,40,44,31,17,18,19,4,33,35
5548,0,36,37,1,38,39,9,10,41,15,42,40,44,31,17,18,19,4,33,35
5549,0,36,37,1,38,39,9,10,41,15,42,40,44,31,17,18,19,4,33,35
5550,0,36,37,1,38,39,9,10,41,15,42,40,44,31,17,18,19,4,33,35
5551,0,36,37,1,38,39,9,10,41,15,42,40,44,17,18,31,19,4,33,35
5552,0,36,37,1,38,39,9,10,41,15,42,40,44,17,18,31,19,4,33,35
5553,0,36,37,1,38,39,9,10,41,15,42,40,44,17,18,31,19,4,33,45
5554,0,36,37,1,38,39,9,10,41,15,42,40,44,17,18,31,19,4,33,45
5555,0,36,37,1,38,39,9,10,41,15,42,40,44,17,18,31,19,4,33,45
5556,0,36,37,1,38,39,9,10,41,15,42,40,44,17,18,31,19,4,33,45
5557,0,36,37,1,38,39,9,10,41,15,42,40,44,17,18,31,19,4,33,45
5558,0,36,37,1,38,39,9,10,41,15,42,40,44,17,18,31,19,4,33,45
5559,0,36,37,1,38,39,9,10,41,15,42,40,44,17,18,31,19,4,33,45
5560,0,36,37,1,38,39,9,10,41,15,42,40,44,31,17,18,19,4,33,45
5561,0,36,37,1,38,39,9,10,41,15,42,40,44,17,18,31,19,4,33,45
5562,0,36,37,1,38,39,9,10,41,15,42,40,44,17,18,31,19,4,33,45
5563,0,36,37,1,38,39,9,10,41,15,42,40,44,17,18,31,19,4,33,45
5564,0,36,37,1,38,39,9,10,41,15,42,40,44,17,18,31,19,4,33,45
5565,0,36,37,1,38,39,9,10,41,15,42,40,44,17,18,31,19,4,33,45
5566,0,36,37,1,38,39,9,10,41,15,42,40,44,17,18,31,19,4,33,45
5567,0,36,37,1,38,39,9,10,41,15,42,40,44,17,18,31,19,4,33,45
5568,0,36,37,1,38,39,9,10,41,15,42,40,44,17,18,31,19,4,33,45
5569,0,36,37,1,38,39,9,10,41,15,42,40,44,17,18,31,19,4,33,45
5570,0,36,37,1,38,39,9,10,41,15,42,40,44,17,18,31,19,4,33,45
5571,0,36,37,1,38,39,9,10,41,15,42,40,44,17,18,31,19,4,33,45
5572,0,36,37,1,38,39,9,10,41,15,42,40,44,17,18,31,19,4,33,45
5573,0,36,37,1,38,39,9,10,41,15,42,40,44,17,18,31,19,4,33,45
5574,0,36,37,1,38,39,9,10,41,15,42,40,44,17,18,31,19,4,33,45
5575,0,36,37,1,38,39,9,10,41,15,42,40,44,17,18,31,19,4,33,45
5576,0,36,37,1,38,39,9,10,41,15,42,40,44,17,18,31,19,4,33,45
5577,0,36,37,1,38,39,9,10,41,15,42,40,44,17,18,31,19,4,33,45
5578,0,36,37,1,38,39,9,10,41,15,42,40,44,17,18,31,19,4,33,45
5579,0,36,37,1,38,39,9,10,41,15,42,40,44,17,18,31,19,4,33,45
5580,0,36,37,1,38,39,9,10,41,15,42,40,44,17,18,31,19,4,33,45
5581,0,36,37,1,38,39,9,10,41,15,42,40,44,17,18,31,19,4,33,45
5582,0,36,37,1,38,39,9,10,41,15,42,40,44,17,18,31,19,4,33,45
5583,0,36,37,1,38,39,9,10,41,15,42,40,44,17,18,31,19,4,33,45
5584,0,36,37,1,38,39,9,10,41,15,42,40,44,17,18,31,19,4,33,45
5585,0,36,37,1,38,39,9,10,41,15,42,40,44,17,18,31,19,4,33,45
5586,0,36,37,1,38,39,9,10,41,15,42,40,44,17,18,31,19,4,33,45
5587,0,36,37,1,38,39,9,10,41,15,42,40,44,17,18,31,19,4,33,45
5588,0,36,37,1,38,39,9,10,41,15,42,40,44,17,18,31,19,4,33,45
5589,0,36,37,1,38,39,9,10,41,15,42,40,44,17,18,31,19,4,33,45
5590,0,36,37,1,38,39,9,10,41,15,42,40,44,17,18,31,19,4,33,45
5591,0,36,37,1,38,39,9,10,41,15,42,40,44,17,18,31,19,4,33,45
5592,0,36,37,1,38,39,9,10,41,15,42,40,44,17,18,31,19,4,33,45
5593,0,36,37,1,38,39,9,10,41,15,42,40,44,17,18,31,19,4,33,45
5594,0,36,37,1,38,39,9,10,41,15,42,40,44,17,18,31,19,4,33,45
5595,0,36,37,1,38,39,9,10,41,15,42,40,44,17,18,31,19,4,33,45
5596,0,36,37,1,38,39,9,10,41,15,42,40,44,17,18,31,19,4,33,45
5597,0,36,37,1,38,39,9,10,41,15,42,40,44,17,18,31,19,4,33,45
5598,0,36,37,1,38,39,9,10,41,15,42,40,44,17,18,31,19,4,33,45
5599,0,36,37,1,38,39,9,10,41,15,42,40,44,17,18,31,19,4,33,45
5600,0,36,37,1,38,39,9,10,41,15,42,40,44,17,18,31,19,4,33,45
5601,0,36,37,1,38,39,9,10,41,15,42,40,44,17,18,31,19,4,33,45
5602,0,36,37,1,38,39,9,10,41,15,42,40,44,17,18,31,19,4,33,45
5603,0,36,37,1,38,39,9,10,41,15,42,40,44,17,18,31,19,4,33,45
5604,0,36,37,1,38,39,9,10,41,15,42,40,44,17,18,31,19,4,33,45
5605,0,36,37,1,38,39,9,10,41,15,42,40,44,17,18,31,19,4,33,45
5606,0,36,37,1,38,39,9,10,41,15,42,40,44,17,18,31,19,4,33,45
5607,0,36,37,1,38,39,9,10,41,15,42,40,44,17,18,31,19,4,33,45
5608,0,36,37,1,38,39,9,10,41,15,42,40,44,17,18,31,19,4,33,45
5609,0,36,37,1,38,39,9,10,41,15,42,40,44,17,18,31,19,4,33,45
5610,0,36,37,1,38,39,9,10,41,15,42,40,44,17,18,31,19,4,33,45
5611,0,36,37,1,38,39,9,10,41,15,42,40,44,17,18,31,19,4,33,45
5612,0,36,37,1,38,39,9,10,41,15,42,40,44,17,18,31,19,4,33,45
5613,0,36,37,1,38,39,9,10,41,15,42,40,44,17,18,31,19,4,33,45
5614,0,36,37,1,38,39,9,10,41,15,42,40,44,17,18,31,19,4,33,45
5615,0,36,37,1,38,39,9,10,41,15,42,40,44,17,18,31,19,4,33,45
5616,0,36,37,1,38,39,9,10,41,15,42,40,44,17,18,31,19,4,33,45
5617,0,36,37,1,38,39,9,10,41,15,42,40,44,17,18,31,19,4,33,45
5618,0,36,37,1,38,39,9,10,41,15,42,40,44,17,18,31,19,4,33,45
5619,0,36,37,1,38,39,9,10,41,15,42,40,44,17,18,31,19,4,33,45
5620,0,36,37,1,38,39,9,10,41,15,42,40,44,17,18,31,19,4,33,45
5621,0,36,37,1,38,39,9,10,41,15,42,40,44,17,18,31,19,4,33,45
5622,0,36,37,1,38,39,9,10,41,15,42,40,44,17,18,31,19,4,33,45
5623,0,36,37,1,38,39,9,10,41,15,42,40,44,17,18,31,19,4,33,45
5624,0,36,37,1,38,39,9,10,41,15,42,40,44,17,18,31,19,4,33,45
5625,0,36,37,1,38,39,9,10,41,15,42,40,44,17,18,31,19,4,33,45
5626,0,36,37,1,38,39,9,10,41,15,42,40,44,17,18,31,19,4,33,45
5627,0,36,37,1,38,39,9,10,41,15,42,40,44,17,18,31,19,4,33,45
5628,0,36,37,1,38,39,9,10,41,15,42,40,44,17,18,31,19,4,33,45
5629,0,36,37,1,38,39,9,10,41,15,42,40,44,17,18,31,19,4,33,45
5630,0,36,37,1,38,39,9,10,41,15,42,40,44,17,18,31,19,4,33,45
5631,0,36,37,1,38,39,9,10,41,15,42,40,44,17,18,31,19,4,33,45
5632,0,36,37,1,38,39,9,10,41,15,42,40,44,17,18,31,19,4,33,45
5633,0,36,37,1,38,39,9,10,41,15,42,40,44,17,18,31,19,4,33,45
5634,0,36,37,1,38,39,9,10,41,15,42,40,44,17,18,31,19,4,33,45
5635,0,36,37,1,38,39,9,10,41,15,42,40,44,17,18,31,19,4,33,45
5636,0,36,37,1,38,39,9,10,41,15,42,40,44,17,18,31,19,4,33,45
5637,0,36,37,1,38,39,9,10,41,15,42,40,44,17,18,31,19,4,33,45
5638,0,36,37,1,38,39,9,10,41,15,42,40,44,17,18,31,19,4,33,45
5639,0,36,37,1,38,39,9,10,41,15,42,40,44,17,18,31,19,4,33,45
5640,0,36,37,1,38,39,9,10,41,15,42,40,44,17,18,31,19,4,33,45
5641,0,36,37,1,38,39,9,10,41,15,42,40,44,17,18,31,19,4,33,45
5642,0,36,37,1,38,39,9,10,41,15,42,40,44,17,18,31,19,4,33,45
5643,0,36,37,1,38,39,9,10,41,15,42,40,44,17,18,31,19,4,33,45
5644,0,36,37,1,38,39,9,10,41,15,42,40,44,17,18,31,19,4,33,45
5645,0,36,37,1,38,39,9,10,41,15,42,40,44,17,18,31,19,4,33,45
5646,0,36,37,1,38,39,9,10,41,15,42,40,44,17,18,31,19,4,33,45
5647,0,36,37,1,38,39,9,10,41,15,42,40,17,18,44,31,19,4,33,45
5648,0,36,37,1,38,39,9,10,41,15,42,40,17,18,31,44,19,4,33,45
5649,0,36,37,1,38,39,9,10,41,15,42,40,17,18,31,44,19,4,33,45
5650,0,36,37,1,38,39,9,10,41,15,42,40,17,18,31,44,19,4,33,45
5651,0,36,37,1,38,39,9,10,41,15,42,40,17,18,31,44,19,4,33,45
5652,0,36,37,1,38,39,9,10,41,15,42,40,17,18,31,44,19,4,33,45
5653,0,36,37,1,38,39,9,10,41,15,42,40,17,18,31,44,19,4,33,45
5654,0,36,37,1,38,39,9,10,41,15,42,40,17,18,31,44,19,4,33,45
5655,0,36,37,1,38,39,9,10,41,15,42,40,17,18,31,44,19,4,33,45
5656,0,36,37,1,38,39,9,10,41,15,42,40,17,18,31,44,19,4,33,45
5657,0,36,37,1,38,39,9,10,41,15,42,40,17,18,31,44,19,4,33,45
5658,0,36,37,1,38,39,9,10,41,15,42,40,17,18,31,44,19,4,33,45
5659,0,36,37,1,38,39,9,10,41,15,42,40,17,18,31,44,19,4,33,45
5660,0,36,37,1,38,39,9,10,41,15,42,40,17,18,31,44,19,4,33,45
5661,0,36,37,1,38,39,9,10,41,15,42,40,17,18,31,44,19,4,33,45
5662,0,36,37,1,38,39,9,10,41,15,42,40,17,18,31,44,19,4,33,45
5663,0,36,37,1,38,39,9,10,41,15,42,40,17,18,31,44,19,4,33,45
5664,0,36,37,1,38,39,9,10,41,15,42,40,17,18,31,44,19,4,33,45
5665,0,36,37,1,38,39,9,10,41,15,42,40,17,18,31,44,19,4,33,45
5666,0,36,37,1,38,39,9,10,41,15,42,40,17,18,31,44,19,4,33,45
5667,0,36,37,1,38,39,9,10,41,15,42,40,17,18,31,44,19,4,33,45
5668,0,36,37,1,38,39,9,10,41,15,42,40,17,18,31,44,19,4,33,45
5669,0,36,37,1,38,39,9,10,41,15,42,40,17,18,31,44,19,4,33,45
5670,0,36,37,1,38,39,9,10,41,15,42,40,17,18,31,44,19,4,33,45
5671,0,36,37,1,38,39,9,10,41,15,42,40,17,18,31,44,19,4,33,45
5672,0,36,37,1,38,39,9,10,41,15,42,40,17,18,31,44,19,4,33,45
5673,0,36,37,1,38,39,9,10,41,15,42,40,17,18,31,44,19,4,33,45
5674,0,36,37,1,38,39,9,10,41,15,42,40,17,18,31,44,19,4,33,45
5675,0,36,37,1,38,39,9,10,41,15,42,40,17,18,31,44,19,4,33,45
5676,0,36,37,1,38,39,9,10,41,15,42,40,17,18,31,44,19,4,33,45
5677,0,36,37,1,38,39,9,10,41,15,42,40,17,18,31,44,19,4,33,45
5678,0,36,37,1,38,39,9,10,41,15,42,40,17,18,31,44,19,4,33,45
5679,0,36,37,1,38,39,9,10,41,15,42,40,17,18,31,44,19,4,33,45
5680,0,36,37,1,38,39,9,10,41,15,42,40,17,18,31,44,19,4,33,45
5681,0,36,37,1,38,39,9,10,41,15,42,40,17,18,31,44,19,4,33,45
5682,0,36,37,1,38,39,9,10,41,15,42,40,17,18,31,44,19,4,33,45
5683,0,36,37,1,38,39,9,10,41,15,42,40,17,18,31,44,19,4,33,45
5684,0,36,37,1,38,39,9,10,41,15,42,40,17,18,31,44,19,4,33,45
5685,0,36,37,1,38,39,9,10,41,15,42,40,17,18,31,44,19,4,33,45
5686,0,36,37,1,38,39,9,10,41,15,42,40,17,18,31,44,19,4,33,45
5687,0,36,37,1,38,39,9,10,41,15,42,40,17,18,31,44,19,4,33,45
5688,0,36,37,1,38,39,9,10,41,15,42,40,17,18,31,44,19,4,33,45
5689,0,36,37,1,38,39,9,10,41,15,42,40,17,18,31,44,19,4,33,45
5690,0,36,37,1,38,39,9,10,41,15,42,40,17,18,31,44,19,4,33,45
5691,0,36,37,1,38,39,9,10,41,15,42,40,17,18,31,44,19,4,33,45
5692,0,36,37,1,38,39,9,10,41,15,42,40,17,18,31,44,19,4,33,45
5693,0,36,37,1,38,39,9,10,41,15,42,40,17,18,31,44,19,4,33,45
5694,0,36,37,1,38,39,9,10,41,15,42,40,17,18,31,44,19,4,33,45
5695,0,36,37,1,38,39,9,10,41,15,42,40,17,18,31,44,19,4,33,45
5696,0,36,37,1,38,39,9,10,41,15,42,40,17,18,31,44,19,4,33,45
5697,0,36,37,1,38,39,9,10,41,15,42,40,17,18,31,44,19,4,33,45
5698,0,36,37,1,38,39,9,10,41,15,42,40,17,18,31,44,19,4,33,45
5699,0,36,37,1,38,39,9,10,41,15,42,40,17,18,31,44,19,4,33,45
5700,0,36,37,1,38,39,9,10,41,15,42,40,17,18,31,44,19,4,33,45
5701,0,36,37,1,38,39,9,10,41,15,42,40,17,18,31,44,19,4,33,45
5702,0,36,37,1,38,39,9,10,41,15,42,40,17,18,31,44,19,4,33,45
5703,0,36,37,1,38,39,9,10,41,15,42,40,17,18,31,44,19,4,33,45
5704,0,36,37,1,38,39,9,10,41,15,42,40,17,18,31,44,19,4,33,45
5705,0,36,37,1,38,39,9,10,41,15,42,40,17,18,31,44,19,4,33,45
5706,0,36,37,1,38,39,9,10,41,15,42,40,17,18,31,44,19,4,33,45
5707,0,36,37,1,38,39,9,10,41,15,42,40,17,18,31,44,19,4,33,45
5708,0,36,37,1,38,39,9,10,41,15,42,40,17,18,31,44,19,4,33,46
5709,0,36,37,1,38,39,9,10,41,15,42,40,17,18,31,44,19,4,33,46
5710,0,36,37,1,38,39,9,10,41,15,42,40,17,18,31,44,19,4,33,46
5711,0,36,37,1,38,39,9,10,41,15,42,40,17,18,31,44,19,4,33,46
5712,0,36,37,1,38,39,9,10,41,15,42,40,17,18,31,44,19,4,33,46
5713,0,36,37,1,38,39,9,10,41,15,42,40,17,18,31,44,19,4,33,46
5714,0,36,37,1,38,39,9,10,41,15,42,40,17,18,31,44,19,4,33,46
5715,0,36,37,1,38,39,9,10,41,15,42,40,17,18,31,44,19,4,33,46
5716,0,36,37,1,38,39,9,10,41,15,42,40,17,18,31,44,19,4,33,46
5717,0,36,37,1,38,39,9,10,41,15,42,40,17,18,31,44,19,4,33,46
5718,0,36,37,1,38,39,9,10,41,15,42,40,17,18,31,44,19,4,33,46
5719,0,36,37,1,38,39,9,10,41,15,42,40,17,18,31,44,19,4,33,46
5720,0,36,37,1,38,39,9,10,41,15,42,40,17,18,31,44,19,4,33,46
5721,0,36,37,1,38,39,9,10,41,15,42,40,17,18,31,44,19,4,33,46
5722,0,36,37,1,38,39,9,10,41,15,42,40,17,18,31,44,19,4,33,46
5723,0,36,37,1,38,39,9,10,41,15,42,40,17,18,31,44,19,4,33,46
5724,0,36,37,1,38,39,9,10,41,15,42,40,17,18,31,44,19,4,33,46
5725,0,36,37,1,38,39,9,10,41,15,42,40,17,18,31,44,19,4,33,46
5726,0,36,37,1,38,39,9,10,41,15,42,40,17,18,31,44,19,4,33,46
5727,0,36,37,1,38,39,9,10,41,15,42,40,17,18,31,44,19,4,33,46
5728,0,36,37,1,38,39,9,10,41,15,42,40,17,18,31,44,19,4,33,46
5729,0,36,37,1,38,39,9,10,41,15,42,40,17,18,31,44,19,4,33,46
5730,0,36,37,1,38,39,9,10,41,15,42,40,17,18,31,44,19,4,33,46
5731,0,36,37,1,38,39,9,10,41,15,42,40,17,18,31,44,19,4,33,46
5732,0,36,37,1,38,39,9,10,41,15,42,40,17,18,31,44,19,4,33,46
5733,0,36,37,1,38,39,9,10,41,15,42,40,17,18,31,44,19,4,33,46
5734,0,36,37,1,38,39,9,10,41,15,42,40,17,18,31,44,19,4,33,46
5735,0,36,37,1,38,39,9,10,41,15,42,40,17,18,31,44,19,4,33,46
5736,0,36,37,1,38,39,9,10,41,15,42,40,17,18,31,44,19,4,33,46
5737,0,36,37,1,38,39,9,10,41,15,42,40,17,18,31,44,19,4,33,46
5738,0,36,37,1,38,39,9,10,41,15,42,40,17,18,31,44,19,4,33,46
5739,0,36,37,1,38,39,9,10,41,15,42,40,17,18,31,44,19,4,33,46
5740,0,36,37,1,38,39,9,10,41,15,42,40,17,18,31,44,19,4,33,46
5741,0,36,37,1,38,39,9,10,41,15,42,40,17,18,31,44,19,4,33,46
5742,0,36,37,1,38,39,9,10,41,15,42,40,17,18,31,44,19,4,33,46
5743,0,36,37,1,38,39,9,10,41,15,42,40,17,18,31,44,19,4,33,46
5744,0,36,37,1,38,39,9,10,41,15,42,40,17,18,31,44,19,4,33,46
5745,0,36,37,1,38,39,9,10,41,15,42,40,17,18,31,44,19,4,33,46
5746,0,36,37,1,38,39,9,10,41,15,42,40,17,18,31,44,19,4,33,46
5747,0,36,37,1,38,39,9,10,41,15,42,40,17,18,31,44,19,4,33,46
5748,0,36,37,1,38,39,9,10,41,15,42,40,17,18,31,44,19,4,33,46
5749,0,36,37,1,38,39,9,10,41,15,42,40,17,18,31,44,19,4,33,46
5750,0,36,37,1,38,39,9,10,41,15,42,40,17,18,31,44,19,4,33,46
5751,0,36,37,1,38,39,9,10,41,15,42,40,17,18,31,44,19,4,33,46
5752,0,36,37,1,38,39,9,10,41,15,42,40,17,18,31,44,19,4,33,46
5753,0,36,37,1,38,39,9,10,41,15,42,40,17,18,31,44,19,4,33,46
5754,0,36,37,1,38,39,9,10,41,15,42,40,17,18,31,44,19,4,33,46
5755,0,36,37,1,38,39,9,10,41,15,42,40,17,18,31,44,19,4,33,46
5756,0,36,37,1,38,39,9,10,41,15,42,40,17,18,31,44,19,4,33,46
5757,0,36,37,1,38,39,9,10,41,15,42,40,17,18,31,44,19,4,33,46
5758,0,36,37,1,38,39,9,10,41,15,42,40,17,18,31,44,19,4,33,46
5759,0,36,37,1,38,39,9,10,41,15,42,40,17,18,31,44,19,4,33,46
5760,0,36,37,1,38,39,9,10,41,15,42,40,17,18,31,44,19,4,33,46
5761,0,36,37,1,38,39,9,10,41,15,42,40,17,18,31,44,19,4,33,46
5762,0,36,37,1,38,39,9,10,41,15,42,40,17,18,31,44,19,4,33,46
5763,0,36,37,1,38,39,9,10,41,15,42,40,17,18,31,44,19,4,33,46
5764,0,36,37,1,38,39,9,10,41,15,42,40,17,18,31,44,19,4,33,46
5765,0,36,37,1,38,39,9,10,41,15,42,40,17,18,31,44,19,4,33,46
5766,0,36,37,1,38,39,9,10,41,15,42,40,17,18,31,44,19,4,33,46
5767,0,36,37,1,38,39,9,10,41,15,42,40,17,18,31,44,19,4,33,46
5768,0,36,37,1,38,39,9,10,41,15,42,40,17,18,31,44,19,4,33,46
5769,0,36,37,1,38,39,9,10,41,15,42,40,17,18,31,44,19,4,33,46
5770,0,36,37,1,38,39,9,10,41,15,42,40,17,18,31,44,19,4,33,46
5771,0,36,37,1,38,39,9,10,41,15,42,40,17,18,31,44,19,4,33,46
5772,0,36,37,1,38,39,9,10,41,15,42,40,17,18,31,44,19,4,33,46
5773,0,36,37,1,38,39,9,10,41,15,42,40,17,18,31,44,19,4,33,46
5774,0,36,37,1,38,39,9,10,41,15,42,40,17,18,31,44,19,4,33,46
5775,0,36,37,1,38,39,9,10,41,15,42,40,17,18,31,44,19,4,33,46
5776,0,36,37,1,38,39,9,10,41,15,42,40,17,18,31,44,19,4,33,46
5777,0,36,37,1,38,39,9,10,41,15,42,40,17,18,31,44,19,4,33,46
5778,0,36,37,1,38,39,9,10,41,15,42,40,17,18,31,44,19,4,33,46
5779,0,36,37,1,38,39,9,10,41,15,42,40,17,18,31,44,19,4,33,46
5780,0,36,37,1,38,39,9,10,41,15,42,40,31,17,18,44,19,4,33,46
5781,0,36,37,1,38,39,9,10,41,15,42,40,31,17,18,44,19,4,33,46
5782,0,36,37,1,38,39,9,10,41,15,42,40,31,17,18,44,19,4,33,46
5783,0,36,37,1,38,39,9,10,41,15,42,40,31,17,18,44,19,4,33,46
5784,0,36,37,1,38,39,9,10,41,15,42,40,31,17,18,44,19,4,33,46
5785,0,36,37,1,38,39,9,10,41,15,42,40,31,17,18,44,19,4,33,46
5786,0,36,37,1,38,39,9,10,41,15,42,40,31,17,18,44,19,4,33,46
5787,0,36,37,1,38,39,9,10,41,15,42,40,31,17,18,44,19,4,33,46
5788,0,36,37,1,38,39,9,10,41,15,42,40,31,17,18,44,19,4,33,46
5789,0,36,37,1,38,39,9,10,41,15,42,40,31,17,18,44,19,4,33,46
5790,0,36,37,1,38,39,9,10,41,15,42,40,31,17,18,44,19,4,33,46
5791,0,36,37,1,38,39,9,10,41,15,42,40,31,17,18,44,19,4,33,46
5792,0,36,37,1,38,39,9,10,41,15,42,40,31,17,18,44,19,4,33,46
5793,0,36,37,1,38,39,9,10,41,15,42,40,31,17,18,44,19,4,33,46
5794,0,36,37,1,38,39,9,10,41,15,42,40,31,17,18,44,19,4,33,46
5795,0,36,37,1,38,39,9,10,41,15,42,40,31,17,18,44,19,4,33,46
5796,0,36,37,1,38,39,9,10,41,15,42,40,31,17,18,44,19,4,33,46
5797,0,36,37,1,38,39,9,10,41,15,42,40,31,17,18,44,19,4,33,46
5798,0,36,37,1,38,39,9,10,41,15,42,40,31,17,18,44,19,4,33,46
5799,0,36,37,1,38,39,9,10,41,15,42,40,31,17,18,44,19,4,33,46
5800,0,36,37,1,38,39,9,10,41,15,42,40,31,17,18,44,19,4,33,46
5801,0,36,37,1,38,39,9,10,41,15,42,40,31,17,18,44,19,4,33,46
5802,0,36,37,1,38,39,9,10,41,15,42,40,31,17,18,44,19,4,33,46
5803,0,36,37,1,38,39,9,10,41,15,42,40,31,17,18,44,19,4,33,46
5804,0,36,37,1,38,39,9,10,41,15,42,40,31,17,18,44,19,4,33,46
5805,0,36,37,1,38,39,9,10,41,15,42,40,31,17,18,44,19,4,33,46
5806,0,36,37,1,38,39,9,10,41,15,42,40,31,17,18,44,19,4,33,46
5807,0,36,37,1,38,39,9,10,41,15,42,40,31,17,18,44,19,4,33,46
5808,0,36,37,1,38,39,9,10,41,15,42,40,31,17,18,44,19,4,33,46
5809,0,36,37,1,38,39,9,10,41,15,42,40,31,17,18,44,19,4,33,46
5810,0,36,37,1,38,39,9,10,41,15,42,40,31,17,18,44,19,4,33,46
5811,0,36,37,1,38,39,9,10,41,15,42,40,31,17,18,44,19,4,33,46
5812,0,36,37,1,38,39,9,10,41,15,42,40,31,17,18,44,19,4,33,46
5813,0,36,37,1,38,39,9,10,41,15,42,40,31,17,18,44,19,4,33,46
5814,0,36,37,1,38,39,9,10,41,15,42,40,31,17,18,44,19,4,33,46
5815,0,36,37,1,38,39,9,10,41,15,42,40,31,17,18,44,19,4,33,46
5816,0,36,37,1,38,39,9,10,41,15,42,40,31,17,18,44,19,4,33,46
5817,0,36,37,1,38,39,9,10,41,15,42,40,31,17,18,44,19,4,33,46
5818,0,36,37,1,38,39,9,10,41,15,42,40,31,17,18,44,19,4,33,46
5819,0,36,37,1,38,39,9,10,41,15,42,40,31,17,18,44,19,4,33,46
5820,0,36,37,1,38,39,9,10,41,15,42,40,31,17,18,44,19,4,33,46
5821,0,36,37,1,38,39,9,10,41,15,42,40,31,17,18,44,19,4,33,46
5822,0,36,37,1,38,39,9,10,41,15,42,40,31,17,18,44,19,4,33,46
5823,0,36,37,1,38,39,9,10,41,15,42,40,31,17,18,44,19,4,33,46
5824,0,36,37,1,38,39,9,10,41,15,42,40,31,17,18,44,19,4,33,46
5825,0,36,37,1,38,39,9,10,41,15,42,40,31,17,18,44,19,4,33,46
5826,0,36,37,1,38,39,9,10,41,15,42,40,17,18,31,44,19,4,33,46
5827,0,36,37,1,38,39,9,10,41,15,42,40,17,18,31,44,19,4,33,46
5828,0,36,37,1,38,39,9,10,41,15,42,40,17,18,31,44,19,4,33,46
5829,0,36,37,1,38,39,9,10,41,15,42,40,17,18,31,44,19,4,33,46
5830,0,36,37,1,38,39,9,10,41,15,42,40,17,18,31,44,19,4,33,46
5831,0,36,37,1,38,39,9,10,41,15,42,40,17,18,31,44,19,4,33,46
5832,0,36,37,1,38,39,9,10,41,15,42,40,17,18,31,44,19,4,33,46
5833,0,36,37,1,38,39,9,10,41,15,42,40,17,18,31,44,19,4,33,46
5834,0,36,37,1,38,39,9,10,41,15,42,40,17,18,31,44,19,4,33,46
5835,0,36,37,1,38,39,9,10,41,15,42,40,17,18,31,44,19,4,33,46
5836,0,36,37,1,38,39,9,10,41,15,42,40,17,18,31,44,19,4,33,46
5837,0,36,37,1,38,39,9,10,41,15,42,40,17,18,31,44,19,4,33,46
5838,0,36,37,1,38,39,9,10,41,15,42,40,17,18,31,44,19,4,33,46
5839,0,36,37,1,38,39,9,10,41,15,42,40,17,18,31,44,19,4,33,46
5840,0,36,37,1,38,39,9,10,41,15,42,40,17,18,31,44,19,4,33,46
5841,0,36,37,1,38,39,9,10,41,15,42,40,17,18,31,44,19,4,33,46
5842,0,36,37,1,38,39,9,10,41,15,42,40,17,18,31,44,19,4,33,46
5843,0,36,37,1,38,39,9,10,41,15,42,40,17,18,31,44,19,4,33,46
5844,0,36,37,1,38,39,9,10,41,15,42,40,17,18,31,44,19,4,33,46
5845,0,36,37,1,38,39,9,10,41,15,42,40,31,17,18,44,19,4,33,46
5846,0,36,37,1,38,39,9,10,41,15,42,40,17,18,31,44,19,4,33,46
5847,0,36,37,1,38,39,9,10,41,15,42,40,17,18,31,44,19,4,33,46
5848,0,36,37,1,38,39,9,10,41,15,42,40,17,18,31,44,19,4,33,46
5849,0,36,37,1,38,39,9,10,41,15,42,40,17,18,31,44,19,4,33,46
5850,0,36,37,1,38,39,9,10,41,15,42,40,17,18,31,44,19,4,33,46
5851,0,36,37,1,38,39,9,10,41,15,42,40,17,18,31,44,19,4,33,46
5852,0,36,37,1,38,39,9,10,41,15,42,40,17,18,31,44,19,4,33,46
5853,0,36,37,1,38,39,9,10,41,15,42,40,17,18,31,44,19,4,33,46
5854,0,36,37,1,38,39,9,10,41,15,42,40,17,18,31,44,19,4,33,46
5855,0,36,37,1,38,39,9,10,41,15,42,40,31,17,18,44,19,4,33,46
5856,0,36,37,1,38,39,9,10,41,15,42,40,31,17,18,44,19,4,33,46
5857,0,36,37,1,38,39,9,10,41,15,42,40,31,17,18,44,19,4,33,46
5858,0,36,37,1,38,39,9,10,41,15,42,40,31,17,18,44,19,4,33,46
5859,0,36,37,1,38,39,9,10,41,15,42,40,31,17,18,44,19,4,33,46
5860,0,36,37,1,38,39,9,10,41,15,42,40,31,17,18,44,19,4,33,46
5861,0,36,37,1,38,39,9,10,41,15,42,40,31,17,18,44,19,4,33,46
5862,0,36,37,1,38,39,9,10,41,15,42,40,31,17,18,44,19,4,33,46
5863,0,36,37,1,38,39,9,10,41,15,42,40,31,17,18,44,19,4,33,46
5864,0,36,37,1,38,39,9,10,41,15,42,40,31,17,18,44,19,4,33,46
5865,0,36,37,1,38,39,9,10,41,15,42,40,31,17,18,44,19,4,33,46
5866,0,36,37,1,38,39,9,10,41,15,42,40,31,17,18,44,19,4,33,46
5867,0,36,37,1,38,39,9,10,41,15,42,40,31,17,18,44,19,4,33,46
5868,0,36,37,1,38,39,9,10,41,15,42,40,31,17,18,44,19,4,33,46
5869,0,36,37,1,38,39,9,10,41,15,42,40,31,17,18,44,19,4,33,46
5870,0,36,37,1,38,39,9,10,41,15,42,40,31,17,18,44,19,4,33,46
5871,0,36,37,1,38,39,9,10,41,15,42,40,31,17,18,44,19,4,33,46
5872,0,36,37,1,38,39,9,10,41,15,42,40,31,17,18,44,19,4,33,46
5873,0,36,37,1,38,39,9,10,41,15,42,40,31,17,18,44,19,4,33,47
5874,0,36,37,1,38,39,9,10,41,15,42,40,31,17,18,44,19,4,33,47
5875,0,36,37,1,38,39,9,10,41,15,42,40,31,17,18,44,19,47,4,33
5876,0,36,37,1,38,39,9,10,41,15,42,40,31,17,18,44,19,47,4,33
5877,0,36,37,1,38,39,9,10,41,15,42,40,31,17,18,44,19,47,4,33
5878,0,36,37,1,38,39,9,10,41,15,42,40,31,17,18,44,19,47,4,33
5879,0,36,37,1,38,39,9,10,41,15,42,40,31,17,18,44,19,47,4,33
5880,0,36,37,1,38,39,9,10,41,15,42,40,31,17,18,44,19,47,4,33
5881,0,36,37,1,38,39,9,10,41,15,42,40,31,17,18,44,19,47,4,33
5882,0,36,37,1,38,39,9,10,41,15,42,40,31,17,18,44,19,47,4,33
5883,0,36,37,1,38,39,9,10,41,15,42,40,31,17,18,44,19,47,4,33
5884,0,36,37,1,38,39,9,10,41,15,42,40,31,17,18,44,19,47,4,33
5885,0,36,37,1,38,39,9,10,41,15,42,40,31,17,18,44,19,47,4,33
5886,0,36,37,1,38,39,9,10,41,15,42,40,31,17,18,44,19,47,4,33
5887,0,36,37,1,38,39,9,10,41,15,42,40,31,17,18,44,19,47,4,33
5888,0,36,37,1,38,39,9,10,41,15,42,40,31,17,18,44,19,47,4,33
5889,0,36,37,1,38,39,9,10,41,15,42,40,31,17,18,44,19,47,4,33
5890,0,36,37,1,38,39,9,10,41,15,42,40,31,17,18,44,19,47,4,33
5891,0,36,37,1,38,39,9,10,41,15,42,40,31,17,18,44,19,47,4,33
5892,0,36,37,1,38,39,9,10,41,15,42,40,31,17,18,44,19,47,4,33
5893,0,36,37,1,38,39,9,10,41,15,42,40,31,17,18,44,19,47,4,33
5894,0,36,37,1,38,39,9,10,41,15,42,40,31,17,18,44,19,47,4,33
5895,0,36,37,1,38,39,9,10,41,15,42,40,31,17,18,44,19,47,4,33
5896,0,36,37,1,38,39,9,10,41,15,42,40,31,17,18,44,19,47,4,33
5897,0,36,37,1,38,39,9,10,41,15,42,40,31,17,18,44,19,47,4,33
5898,0,36,37,1,38,39,9,10,41,15,42,40,31,17,18,44,19,47,4,33
5899,0,36,37,1,38,39,9,10,41,15,42,40,31,17,18,44,19,47,4,33
5900,0,36,37,1,38,39,9,10,41,15,42,40,31,17,18,44,19,47,4,33
5901,0,36,37,1,38,39,9,10,41,15,42,40,31,17,18,44,19,47,4,33
5902,0,36,37,1,38,39,9,10,41,15,42,40,31,17,18,44,19,47,4,33
5903,0,36,37,1,38,39,9,10,41,15,42,40,31,17,18,44,19,47,4,33
5904,0,36,37,1,38,39,9,10,41,15,42,40,31,17,18,44,19,47,4,33
5905,0,36,37,1,38,39,9,10,41,15,42,40,31,17,18,44,19,47,4,33
5906,0,36,37,1,38,39,9,10,41,15,42,40,17,18,31,44,19,47,4,33
5907,0,36,37,1,38,39,9,10,41,15,42,40,17,18,31,44,19,47,4,33
5908,0,36,37,1,38,39,9,10,41,15,42,40,17,18,31,44,19,47,4,33
5909,0,36,37,1,38,39,9,10,41,15,42,40,17,18,31,44,19,47,4,33
5910,0,36,37,1,38,39,9,10,41,15,42,40,17,18,31,44,19,47,4,33
5911,0,36,37,1,38,39,9,10,41,15,42,40,17,18,31,44,19,47,4,33
5912,0,36,37,1,38,39,9,10,41,15,42,40,17,18,31,44,19,47,4,33
5913,0,36,37,1,38,39,9,10,41,15,42,40,17,18,31,44,19,47,4,48
5914,0,36,37,1,38,39,9,10,41,15,42,40,17,18,31,44,19,47,4,48
5915,0,36,37,1,38,39,9,10,41,15,42,40,31,17,18,44,19,47,48,4
5916,0,36,37,1,38,39,9,10,41,15,42,40,31,17,18,44,19,47,48,4
5917,0,36,37,1,38,39,9,10,41,15,42,40,31,17,18,44,19,47,48,4
5918,0,36,37,1,38,39,9,10,41,15,42,40,31,17,18,44,19,47,48,4
5919,0,36,37,1,38,39,9,10,41,15,42,40,31,17,18,44,19,47,48,4
5920,0,36,37,1,38,39,9,10,41,15,42,40,31,17,18,44,19,47,48,4
5921,0,36,37,1,38,39,9,10,41,15,42,40,17,18,31,44,19,47,48,4
5922,0,36,37,1,38,39,9,10,41,15,42,40,17,18,31,44,19,47,48,4
5923,0,36,37,1,38,39,9,10,41,15,42,40,17,18,31,44,19,47,48,4
5924,0,36,37,1,38,39,9,10,41,15,42,40,17,18,31,44,19,47,48,4
5925,0,36,37,1,38,39,9,10,41,15,42,40,17,18,31,44,19,47,48,4
5926,0,36,37,1,38,39,9,10,41,15,42,40,17,18,31,44,19,47,48,4
5927,0,36,37,1,38,39,9,10,41,15,42,40,17,18,31,44,19,47,48,4
5928,0,36,37,1,38,39,9,10,41,15,42,40,17,18,31,44,19,47,48,4
5929,0,36,37,1,38,39,9,10,41,15,42,40,17,18,31,44,19,47,48,4
5930,0,36,37,1,38,39,9,10,41,15,42,40,17,18,31,44,19,47,48,4
5931,0,36,37,1,38,39,9,10,41,15,42,40,17,18,31,44,19,47,48,4
5932,0,36,37,1,38,39,9,10,41,15,42,40,17,18,31,44,19,47,48,4
5933,0,36,37,1,38,39,9,10,41,15,42,40,17,18,31,44,19,47,48,4
5934,0,36,37,1,38,39,9,10,41,15,42,40,17,18,31,44,19,47,48,4
5935,0,36,37,1,38,39,9,10,41,15,42,40,17,18,31,44,19,47,48,4
5936,0,36,37,1,38,39,9,10,41,15,42,40,17,18,31,44,19,47,48,4
5937,0,36,37,1,38,39,9,10,41,15,42,40,17,18,31,44,19,47,48,4
5938,0,36,37,1,38,39,9,10,41,15,42,40,17,18,31,44,19,47,48,4
5939,0,36,37,1,38,39,9,10,41,15,42,40,17,18,31,44,19,47,48,4
5940,0,36,37,1,38,39,9,10,41,15,42,40,17,18,31,44,19,47,48,4
5941,0,36,37,1,38,39,9,10,41,15,42,40,17,18,31,44,19,47,48,4
5942,0,36,37,1,38,39,9,10,41,15,42,40,17,18,31,44,19,47,48,4
5943,0,36,37,1,38,39,9,10,41,15,42,40,17,18,31,44,19,47,48,4
5944,0,36,37,1,38,39,9,10,41,15,42,40,17,18,31,44,19,47,48,4
5945,0,36,37,1,38,39,9,10,41,15,42,40,17,18,31,44,19,47,48,4
5946,0,36,37,1,38,39,9,10,41,15,42,40,17,18,31,44,19,47,48,4
5947,0,36,37,1,38,39,9,10,41,15,42,40,17,18,31,44,19,47,48,4
5948,0,36,37,1,38,39,9,10,41,15,42,40,17,18,31,44,19,47,48,4
5949,0,36,37,1,38,39,9,10,41,15,42,40,17,18,31,44,19,47,48,4
5950,0,36,37,1,38,39,9,10,41,15,42,40,17,18,31,44,19,47,48,4
5951,0,36,37,1,38,39,9,10,41,15,42,40,17,18,31,44,19,47,48,4
5952,0,36,37,1,38,39,9,10,41,15,42,40,17,18,31,44,19,47,48,4
5953,0,36,37,1,38,39,9,10,41,15,42,40,17,18,31,44,19,47,48,4
5954,0,36,37,1,38,39,9,10,41,15,42,40,17,18,31,44,19,47,48,4
5955,0,36,37,1,38,39,9,10,41,15,42,40,17,18,31,44,19,47,48,4
5956,0,36,37,1,38,39,9,10,41,15,42,40,17,18,31,44,19,47,48,4
5957,0,36,37,1,38,39,9,10,41,15,42,40,17,18,31,44,19,47,48,4
5958,0,36,37,1,38,39,9,10,41,15,42,40,17,18,31,44,19,47,48,4
5959,0,36,37,1,38,39,9,10,41,15,42,40,17,18,31,44,19,47,48,4
5960,0,36,37,1,38,39,9,10,41,15,42,40,17,18,31,44,19,47,48,4
5961,0,36,37,1,38,39,9,10,41,15,42,40,17,18,31,44,19,47,48,4
5962,0,36,37,1,38,39,9,10,41,15,42,40,17,18,31,44,19,47,48,4
5963,0,36,37,1,38,39,9,10,41,15,42,40,17,18,31,44,19,47,48,4
5964,0,36,37,1,38,39,9,10,41,15,42,40,17,18,31,44,19,47,48,4
5965,0,36,37,1,38,39,9,10,41,15,42,40,17,18,31,44,19,47,48,4
5966,0,36,37,1,38,39,9,10,41,15,42,40,17,18,31,44,19,47,48,4
5967,0,36,37,1,38,39,9,10,41,15,42,40,17,18,31,44,19,47,48,4
5968,0,36,37,1,38,39,9,10,41,15,42,40,17,18,31,44,19,47,48,4
5969,0,36,37,1,38,39,9,10,41,15,42,40,17,18,31,44,19,47,48,4
5970,0,36,37,1,38,39,9,10,41,15,42,40,17,18,31,44,19,47,48,4
5971,0,36,37,1,38,39,9,10,41,15,42,40,17,18,31,44,19,47,48,4
5972,0,36,37,1,38,39,9,10,41,15,42,40,17,18,31,44,19,47,48,4
5973,0,36,37,1,38,39,9,10,41,15,42,40,17,18,31,44,19,47,48,4
5974,0,36,37,1,38,39,9,10,41,15,42,40,17,18,31,44,19,47,48,4
5975,0,36,37,1,38,39,9,10,41,15,42,40,17,18,31,44,19,47,48,4
5976,0,36,37,1,38,39,9,10,41,15,42,40,17,18,31,44,19,47,48,4
5977,0,36,37,1,38,39,9,10,41,15,42,40,17,18,31,44,19,47,48,4
5978,0,36,37,1,38,39,9,10,41,15,42,40,17,18,31,44,19,47,48,4
5979,0,36,37,1,38,39,9,10,41,15,42,40,17,18,31,44,19,47,48,4
5980,0,36,37,1,38,39,9,10,41,15,42,40,17,18,31,44,19,47,48,4
5981,0,36,37,1,38,39,9,10,41,15,42,40,17,18,31,44,19,47,48,4
5982,0,36,37,1,38,39,9,10,41,15,42,40,17,18,31,44,19,47,48,4
5983,0,36,37,1,38,39,9,10,41,15,42,40,17,18,31,44,19,47,48,4
5984,0,36,37,1,38,39,9,10,41,15,42,40,17,18,31,44,19,47,48,4
5985,0,36,37,1,38,39,9,10,41,15,42,40,17,18,31,44,19,47,48,4
5986,0,36,37,1,38,39,9,10,41,15,42,40,17,18,31,44,19,47,48,4
5987,0,36,37,1,38,39,9,10,41,15,42,40,17,18,31,44,19,47,48,4
5988,0,36,37,1,38,39,9,10,41,15,42,40,17,18,31,44,19,47,48,4
5989,0,36,37,1,38,39,9,10,41,15,42,40,17,18,31,44,19,47,48,4
5990,0,36,37,1,38,39,9,10,41,15,42,40,17,18,31,44,19,47,48,4
5991,0,36,37,1,38,39,9,10,41,15,42,40,17,18,31,44,19,48,4,47
5992,0,36,37,1,38,39,9,10,41,15,42,40,17,18,31,44,19,48,4,47
5993,0,36,37,1,38,39,9,10,41,15,42,40,17,18,31,44,19,48,4,33
5994,0,36,37,1,38,39,9,10,41,15,42,40,17,18,31,44,19,48,4,33
5995,0,36,37,1,38,39,9,10,41,15,42,40,17,18,31,44,19,48,4,33
5996,0,36,37,1,38,39,9,10,41,15,42,40,17,18,31,44,19,48,4,33
5997,0,36,37,1,38,39,9,10,41,15,42,40,17,18,31,44,19,48,4,33
5998,0,36,37,1,38,39,9,10,41,15,42,40,17,18,31,44,19,48,4,33
5999,0,36,37,1,38,39,9,10,41,15,42,40,17,18,31,44,19,48,4,33
6000,0,36,37,1,38,39,9,10,41,15,42,40,17,18,31,44,19,48,4,33
6001,0,36,37,1,38,39,9,10,41,15,42,40,17,18,31,44,19,48,4,33
6002,0,36,37,1,38,39,9,10,41,15,42,40,17,18,31,44,19,48,4,33
6003,0,36,37,1,38,39,9,10,41,15,42,40,17,18,31,44,19,48,4,33
6004,0,36,37,1,38,39,9,10,41,15,42,40,17,18,31,44,19,48,4,33
6005,0,36,37,1,38,39,9,10,41,15,42,40,17,18,31,44,19,48,4,33
6006,0,36,37,1,38,39,9,10,41,15,42,40,17,18,31,44,19,48,4,33
6007,0,36,37,1,38,39,9,10,41,15,42,40,17,18,31,44,19,48,4,33
6008,0,36,37,1,38,39,9,10,41,15,42,40,17,18,31,44,19,48,4,33
6009,0,36,37,1,38,39,9,10,41,15,42,40,17,18,31,44,19,48,4,33
6010,0,36,37,1,38,39,9,10,41,15,42,40,17,18,31,44,19,48,4,33
6011,0,36,37,1,38,39,9,10,41,15,42,40,17,18,31,44,19,48,4,33
6012,0,36,37,1,38,39,9,10,41,15,42,40,17,18,31,44,19,48,4,33
6013,0,36,37,1,38,39,9,10,41,15,42,40,17,18,31,44,19,48,4,33
6014,0,36,37,1,38,39,9,10,41,15,42,40,17,18,31,44,19,48,4,33
6015,0,36,37,1,38,39,9,10,41,15,42,40,17,18,31,44,19,48,4,33
6016,0,36,37,1,38,39,9,10,41,15,42,40,17,18,31,44,19,48,4,33
6017,0,36,37,1,38,39,9,10,41,15,42,40,17,18,31,44,19,48,4,33
6018,0,36,37,1,38,39,9,10,41,15,42,40,17,18,31,44,19,48,4,33
6019,0,36,37,1,38,39,9,10,41,15,42,40,17,18,31,44,19,48,4,33
6020,0,36,37,1,38,39,9,10,41,15,42,40,17,18,31,44,19,48,4,33
6021,0,36,37,1,38,39,9,10,41,15,42,40,17,18,31,44,19,48,4,33
6022,0,36,37,1,38,39,9,10,41,15,42,40,17,18,31,44,19,48,4,33
6023,0,36,37,1,38,39,9,10,41,15,42,40,17,18,31,44,19,48,4,33
6024,0,36,37,1,38,39,9,10,41,15,42,40,17,18,31,44,19,48,4,33
6025,0,36,37,1,38,39,9,10,41,15,42,40,17,18,31,44,19,48,4,33
6026,0,36,37,1,38,39,9,10,41,15,42,40,17,18,31,44,19,48,4,33
6027,0,36,37,1,38,39,9,10,41,15,42,40,17,18,31,44,19,48,4,33
6028,0,36,37,1,38,39,9,10,41,15,42,40,17,18,31,44,19,48,4,33
6029,0,36,37,1,38,39,9,10,41,15,42,40,17,18,31,44,19,48,4,33
6030,0,36,37,1,38,39,9,10,41,15,42,40,17,18,31,44,19,48,4,33
6031,0,36,37,1,38,39,9,10,41,15,42,40,17,18,31,44,19,4,33,48
6032,0,36,37,1,38,39,9,10,41,15,42,40,17,18,31,44,19,4,33,48
6033,0,36,37,1,38,39,9,10,41,15,42,40,17,18,31,44,19,4,33,47
6034,0,36,37,1,38,39,9,10,41,15,42,40,17,18,31,44,19,4,33,47
6035,0,36,37,1,38,39,9,10,41,15,42,40,17,18,31,44,19,47,4,33
6036,0,36,37,1,38,39,9,10,41,15,42,40,17,18,31,44,19,47,4,33
6037,0,36,37,1,38,39,9,10,41,15,42,40,17,18,31,44,19,47,4,33
6038,0,36,37,1,38,39,9,10,41,15,42,40,17,18,31,44,19,47,4,33
6039,0,36,37,1,38,39,9,10,41,15,42,40,17,18,31,44,19,47,4,33
6040,0,36,37,1,38,39,9,10,41,15,42,40,17,18,31,44,19,47,4,33
6041,0,36,37,1,38,39,9,10,41,15,42,40,17,18,31,44,19,47,4,33
6042,0,36,37,1,38,39,9,10,41,15,42,40,17,18,31,44,19,47,4,33
6043,0,36,37,1,38,39,9,10,41,15,42,40,17,18,31,44,19,47,4,33
6044,0,36,37,1,38,39,9,10,41,15,42,40,17,18,31,44,19,47,4,33
6045,0,36,37,1,38,39,9,10,41,15,42,40,17,18,31,44,19,47,4,33
6046,0,36,37,1,38,39,9,10,41,15,42,40,17,18,31,44,19,47,4,33
6047,0,36,37,1,38,39,9,10,41,15,42,40,17,18,31,44,19,47,4,33
6048,0,36,37,1,38,39,9,10,41,15,42,40,17,18,31,44,19,47,4,33
6049,0,36,37,1,38,39,9,10,41,15,42,40,17,18,31,44,19,47,4,33
6050,0,36,37,1,38,39,9,10,41,15,42,40,17,18,31,44,19,47,4,33
6051,0,36,37,1,38,39,9,10,41,15,42,40,17,18,31,44,19,47,4,33
6052,0,36,37,1,38,39,9,10,41,15,42,40,17,18,31,44,19,47,4,33
6053,0,36,37,1,38,39,9,10,41,15,42,40,17,18,31,44,19,47,4,33
6054,0,36,37,1,38,39,9,10,41,15,42,40,17,18,31,44,19,47,4,33
6055,0,36,37,1,38,39,9,10,41,15,42,40,17,18,31,44,19,47,4,33
6056,0,36,37,1,38,39,9,10,41,15,42,40,17,18,31,44,19,47,4,33
6057,0,36,37,1,38,39,9,10,41,15,42,40,17,18,31,44,19,47,4,33
6058,0,36,37,1,38,39,9,10,41,15,42,40,17,18,31,44,19,47,4,33
6059,0,36,37,1,38,39,9,10,41,15,42,40,17,18,31,44,19,47,4,33
6060,0,36,37,1,38,39,9,10,41,15,42,40,17,18,31,44,19,47,4,33
6061,0,36,37,1,38,39,9,10,41,15,42,40,17,18,31,44,19,47,4,33
6062,0,36,37,1,38,39,9,10,41,15,42,40,17,18,31,44,19,47,4,33
6063,0,36,37,1,38,39,9,10,41,15,42,40,17,18,31,44,19,47,4,33
6064,0,36,37,1,38,39,9,10,41,15,42,40,17,18,31,44,19,47,4,33
6065,0,36,37,1,38,39,9,10,41,15,42,40,17,18,31,44,19,47,4,33
6066,0,36,37,1,38,39,9,10,41,15,42,40,17,18,31,44,19,47,4,33
6067,0,36,37,1,38,39,9,10,41,15,42,40,17,18,31,44,19,47,4,33
6068,0,36,37,1,38,39,9,10,41,15,42,40,17,18,31,44,19,47,4,33
6069,0,36,37,1,38,39,9,10,41,15,42,40,17,18,31,44,19,47,4,33
6070,0,36,37,1,38,39,9,10,41,15,42,40,17,18,31,44,19,47,4,33
6071,0,36,37,1,38,39,9,10,41,15,42,40,17,18,31,44,19,47,4,33
6072,0,36,37,1,38,39,9,10,41,15,42,40,17,18,31,44,19,47,4,33
6073,0,36,37,1,38,39,9,10,41,15,42,40,17,18,31,44,19,47,4,33
6074,0,36,37,1,38,39,9,10,41,15,42,40,17,18,31,19,44,47,4,33
6075,0,36,37,1,38,39,9,10,41,15,42,40,17,18,31,19,44,47,4,33
6076,0,36,37,1,38,39,9,10,41,15,42,40,17,18,31,19,44,47,4,33
6077,0,36,37,1,38,39,9,10,41,15,42,40,17,18,31,19,44,47,4,33
6078,0,36,37,1,38,39,9,10,41,15,42,40,17,18,31,19,44,47,4,33
6079,0,36,37,1,38,39,9,10,41,15,42,40,17,18,31,19,44,47,4,33
6080,0,36,37,1,38,39,9,10,41,15,42,40,17,18,31,19,44,47,4,33
6081,0,36,37,1,38,39,9,10,41,15,42,40,17,18,31,19,44,47,4,33
6082,0,36,37,1,38,39,9,10,41,15,42,40,17,18,31,19,44,47,4,33
6083,0,36,37,1,38,39,9,10,41,15,42,40,17,18,31,19,44,47,4,33
6084,0,36,37,1,38,39,9,10,41,15,42,40,17,18,31,19,44,47,4,33
6085,0,36,37,1,38,39,9,10,41,15,42,40,17,18,31,19,44,47,4,33
6086,0,36,37,1,38,39,9,10,41,15,42,40,17,18,31,19,44,47,4,33
6087,0,36,37,1,38,39,9,10,41,15,42,40,17,18,31,19,44,47,4,33
6088,0,36,37,1,38,39,9,10,41,15,42,40,17,18,31,19,44,47,4,33
6089,0,36,37,1,38,39,9,10,41,15,42,40,17,18,31,19,44,47,4,33
6090,0,36,37,1,38,39,9,10,41,15,42,40,17,18,31,19,44,47,4,33
6091,0,36,37,1,38,39,9,10,41,15,42,40,17,18,31,19,44,47,4,33
6092,0,36,37,1,38,39,9,10,41,15,42,40,17,18,31,19,44,47,4,33
6093,0,36,37,1,38,39,9,10,41,15,42,40,17,18,31,19,44,47,4,33
6094,0,36,37,1,38,39,9,10,41,15,42,40,17,18,31,19,44,47,4,33
6095,0,36,37,1,38,39,9,10,41,15,42,40,17,18,31,19,44,47,4,33
6096,0,36,37,1,38,39,9,10,41,15,42,40,17,18,31,19,44,47,4,33
6097,0,36,37,1,38,39,9,10,41,15,42,40,17,18,31,19,44,47,4,33
6098,0,36,37,1,38,39,9,10,41,15,42,40,17,18,31,19,44,47,4,33
6099,0,36,37,1,38,39,9,10,41,15,42,40,17,18,31,19,44,47,4,33
6100,0,36,37,1,38,39,9,10,41,15,42,40,17,18,31,19,44,47,4,33
6101,0,36,37,1,38,39,9,10,41,15,42,40,17,18,31,19,44,47,4,33
6102,0,36,37,1,38,39,9,10,41,15,42,40,17,18,31,19,44,47,4,33
6103,0,36,37,1,38,39,9,10,41,15,42,40,17,18,31,19,44,47,4,33
6104,0,36,37,1,38,39,9,10,41,15,42,40,17,18,31,19,44,47,4,33
6105,0,36,37,1,38,39,9,10,41,15,42,40,17,18,31,19,44,47,4,33
6106,0,36,37,1,38,39,9,10,41,15,42,40,17,18,31,19,44,47,4,33
6107,0,36,37,1,38,39,9,10,41,15,42,40,17,18,31,19,44,47,4,33
6108,0,36,37,1,38,39,9,10,41,15,42,40,17,18,31,19,44,47,4,33
6109,0,36,37,1,38,39,9,10,41,15,42,40,17,18,31,19,44,47,4,33
6110,0,36,37,1,38,39,9,10,41,15,42,40,17,18,31,19,44,47,4,33
6111,0,36,37,1,38,39,9,10,41,15,42,40,17,18,31,19,44,47,4,33
6112,0,36,37,1,38,39,9,10,41,15,42,40,17,18,31,19,44,47,4,33
6113,0,36,37,1,38,39,9,10,41,15,42,40,17,18,31,19,44,47,4,33
6114,0,36,37,1,38,39,9,10,41,15,42,40,17,18,31,19,44,47,4,33
6115,0,36,37,1,38,39,9,10,41,15,42,40,17,18,31,19,44,47,4,33
6116,0,36,37,1,38,39,9,10,41,15,42,40,17,18,31,19,44,47,4,33
6117,0,36,37,1,38,39,9,10,41,15,42,40,17,18,31,19,44,47,4,33
6118,0,36,37,1,38,39,9,10,41,15,42,40,17,18,31,19,44,47,4,33
6119,0,36,37,1,38,39,9,10,41,15,42,40,17,18,31,19,44,47,4,33
6120,0,36,37,1,38,39,9,10,41,15,42,40,17,18,31,19,44,47,4,33
6121,0,36,37,1,38,39,9,10,41,15,42,40,17,18,31,19,44,47,4,33
6122,0,36,37,1,38,39,9,10,41,15,42,40,17,18,31,19,44,47,4,33
6123,0,36,37,1,38,39,9,10,41,15,42,40,17,18,31,19,44,47,4,33
6124,0,36,37,1,38,39,9,10,41,15,42,40,17,18,31,19,44,47,4,33
6125,0,36,37,1,38,39,9,10,41,15,42,40,17,18,31,19,44,47,4,33
6126,0,36,37,1,38,39,9,10,41,15,42,40,17,18,31,19,44,47,4,33
6127,0,36,37,1,38,39,9,10,41,15,42,40,17,18,31,19,44,47,4,33
6128,0,36,37,1,38,39,9,10,41,15,42,40,17,18,31,19,44,47,4,33
6129,0,36,37,1,38,39,9,10,41,15,42,40,17,18,31,19,44,47,4,33
6130,0,36,37,1,38,39,9,10,41,15,42,40,17,18,31,19,44,47,4,33
6131,0,36,37,1,38,39,9,10,41,15,42,40,17,18,31,19,44,47,4,33
6132,0,36,37,1,38,39,9,10,41,15,42,40,17,18,31,19,44,47,4,33
6133,0,36,37,1,38,39,9,10,41,15,42,40,17,18,31,19,44,47,4,33
6134,0,36,37,1,38,39,9,10,41,15,42,40,17,18,31,19,44,47,4,33
6135,0,36,37,1,38,39,9,10,41,15,42,40,17,18,31,19,44,47,4,33
6136,0,36,37,1,38,39,9,10,41,15,42,40,17,18,31,19,44,47,4,33
6137,0,36,37,1,38,39,9,10,41,15,42,40,17,18,31,19,44,47,4,33
6138,0,36,37,1,38,39,9,10,41,15,42,40,17,18,31,19,44,47,4,33
6139,0,36,37,1,38,39,9,10,41,15,42,40,17,18,31,19,44,47,4,33
6140,0,36,37,1,38,39,9,10,41,15,42,40,17,18,31,19,44,47,4,33
6141,0,36,37,1,38,39,9,10,41,15,42,40,17,18,31,19,44,47,4,33
6142,0,36,37,1,38,39,9,10,41,15,42,40,17,18,31,19,44,47,4,33
6143,0,36,37,1,38,39,9,10,41,15,42,40,17,18,31,19,44,47,4,33
6144,0,36,37,1,38,39,9,10,41,15,42,40,17,18,31,19,44,47,4,33
6145,0,36,37,1,38,39,9,10,41,15,42,40,17,18,31,19,44,47,4,33
6146,0,36,37,1,38,39,9,10,41,15,42,40,17,18,31,19,44,47,4,33
6147,0,36,37,1,38,39,9,10,41,15,42,40,17,18,31,19,44,47,4,33
6148,0,36,37,1,38,39,9,10,41,15,42,40,17,18,31,19,44,47,4,33
6149,0,36,37,1,38,39,9,10,41,15,42,40,17,18,31,19,44,47,4,33
6150,0,36,37,1,38,39,9,10,41,15,42,40,17,18,31,19,44,47,4,33
6151,0,36,37,1,38,39,9,10,41,15,42,40,17,18,31,19,44,47,4,33
6152,0,36,37,1,38,39,9,10,41,15,42,40,17,18,31,19,44,47,4,33
6153,0,36,37,1,38,39,9,10,41,15,42,40,17,18,31,19,44,47,4,33
6154,0,36,37,1,38,39,9,10,41,15,42,40,17,18,31,19,44,47,4,33
6155,0,36,37,1,38,39,9,10,41,15,42,40,17,18,31,19,44,47,4,33
6156,0,36,37,1,38,39,9,10,41,15,42,40,17,18,31,19,44,47,4,33
6157,0,36,37,1,38,39,9,10,41,15,42,40,17,18,31,19,44,47,4,33
6158,0,36,37,1,38,39,9,10,41,15,42,40,17,18,31,19,44,47,4,33
6159,0,36,37,1,38,39,9,10,41,15,42,40,17,18,31,19,44,47,4,33
6160,0,36,37,1,38,39,9,10,41,15,42,40,17,18,31,19,44,47,4,33
6161,0,36,37,1,38,39,9,10,41,15,42,40,17,18,31,19,44,47,33,4
6162,0,36,37,1,38,39,9,10,41,15,42,40,17,18,31,19,44,47,33,4
6163,0,36,37,1,38,39,9,10,41,15,42,40,17,18,31,19,44,47,33,48
6164,0,36,37,1,38,39,9,10,41,15,42,40,17,18,31,19,44,47,33,48
6165,0,36,37,1,38,39,9,10,41,15,42,40,17,18,31,19,44,47,33,48
6166,0,36,37,1,38,39,9,10,41,15,42,40,17,18,31,19,44,47,33,48
6167,0,36,37,1,38,39,9,10,41,15,42,40,17,18,31,19,44,47,33,48
6168,0,36,37,1,38,39,9,10,41,15,42,40,17,18,31,19,44,47,33,48
6169,0,36,37,1,38,39,9,10,41,15,42,40,17,18,31,19,44,47,33,48
6170,0,36,37,1,38,39,9,10,41,15,42,40,17,18,31,19,44,47,33,48
6171,0,36,37,1,38,39,9,10,41,15,42,40,17,18,31,19,44,47,33,48
6172,0,36,37,1,38,39,9,10,41,15,42,40,17,18,31,19,44,47,33,48
6173,0,36,37,1,38,39,9,10,41,15,42,40,17,18,31,19,44,47,33,48
6174,0,36,37,1,38,39,9,10,41,15,42,40,17,18,31,19,44,47,33,48
6175,0,36,37,1,38,39,9,10,41,15,42,40,17,18,31,19,44,47,33,48
6176,0,36,37,1,38,39,9,10,41,15,42,40,17,18,31,19,44,47,33,48
6177,0,36,37,1,38,39,9,10,41,15,42,40,17,18,31,19,44,47,33,48
6178,0,36,37,1,38,39,9,10,41,15,42,40,17,18,31,19,44,47,33,48
6179,0,36,37,1,38,39,9,10,41,15,42,40,17,18,31,19,44,47,33,48
6180,0,36,37,1,38,39,9,10,41,15,42,40,17,18,31,19,44,47,33,48
6181,0,36,37,1,38,39,9,10,41,15,42,40,17,18,31,19,44,47,33,48
6182,0,36,37,1,38,39,9,10,41,15,42,40,17,18,31,19,44,47,33,48
6183,0,36,37,1,38,39,9,10,41,15,42,40,17,18,31,19,44,47,33,48
6184,0,36,37,1,38,39,9,10,41,15,42,40,17,18,31,19,44,47,33,48
6185,0,36,37,1,38,39,9,10,41,15,42,40,17,18,31,19,44,47,33,48
6186,0,36,37,1,38,39,9,10,41,15,42,40,17,18,31,19,44,47,33,48
6187,0,36,37,1,38,39,9,10,41,15,42,40,17,18,31,19,44,47,33,48
6188,0,36,37,1,38,39,9,10,41,15,42,40,17,18,31,19,44,47,33,48
6189,0,36,37,1,38,39,9,10,41,15,42,40,17,18,31,19,44,47,33,48
6190,0,36,37,1,38,39,9,10,41,15,42,40,17,18,31,19,44,47,33,48
6191,0,36,37,1,38,39,9,10,41,15,42,40,17,18,31,19,44,47,33,48
6192,0,36,37,1,38,39,9,10,41,15,42,40,17,18,31,19,44,47,33,48
6193,0,36,37,1,38,39,9,10,41,15,42,40,17,18,31,19,44,47,33,48
6194,0,36,37,1,38,39,9,10,41,15,42,40,17,18,31,19,44,47,33,48
6195,0,36,37,1,38,39,9,10,41,15,42,40,17,18,31,19,44,47,33,48
6196,0,36,37,1,38,39,9,10,41,15,42,40,17,18,31,19,44,47,33,48
6197,0,36,37,1,38,39,9,10,41,15,42,40,17,18,31,19,44,47,33,48
6198,0,36,37,1,38,39,9,10,41,15,42,40,17,18,31,19,44,47,33,48
6199,0,36,37,1,38,39,9,10,41,15,42,40,17,18,31,19,44,47,33,48
6200,0,36,37,1,38,39,9,10,41,15,42,40,17,18,31,19,44,47,33,48
6201,0,36,37,1,38,39,9,10,41,15,42,40,17,18,31,19,44,47,33,48
6202,0,36,37,1,38,39,9,10,41,15,42,40,17,18,31,19,44,47,33,48
6203,0,36,37,1,38,39,9,10,41,15,42,40,17,18,31,19,44,47,33,48
6204,0,36,37,1,38,39,9,10,41,15,42,40,17,18,31,19,44,47,33,48
6205,0,36,37,1,38,39,9,10,41,15,42,40,17,18,31,19,44,47,33,48
6206,0,36,37,1,38,39,9,10,41,15,42,40,17,18,31,19,44,47,33,48
6207,0,36,37,1,38,39,9,10,41,15,42,40,17,18,31,19,44,47,33,48
6208,0,36,37,1,38,39,9,10,41,15,42,40,17,18,31,19,44,47,33,48
6209,0,36,37,1,38,39,9,10,41,15,42,40,17,18,31,19,44,47,33,48
6210,0,36,37,1,38,39,9,10,41,15,42,40,17,18,31,19,44,47,33,48
6211,0,36,37,1,38,39,9,10,41,15,42,40,17,18,31,19,44,47,33,48
6212,0,36,37,1,38,39,9,10,41,15,42,40,17,18,31,19,44,47,33,48
6213,0,36,37,1,38,39,9,10,41,15,42,40,17,18,31,19,44,47,33,48
6214,0,36,37,1,38,39,9,10,41,15,42,40,17,18,31,19,44,47,33,48
6215,0,36,37,1,38,39,9,10,41,15,42,40,17,18,31,19,44,47,33,48
6216,0,36,37,1,38,39,9,10,41,15,42,40,17,18,31,19,44,47,33,48
6217,0,36,37,1,38,39,9,10,41,15,42,40,17,18,31,19,44,47,33,48
6218,0,36,37,1,38,39,9,10,41,15,42,40,17,18,31,19,44,47,33,48
6219,0,36,37,1,38,39,9,10,41,15,42,40,17,18,31,19,44,47,33,48
6220,0,36,37,1,38,39,9,10,41,15,42,40,17,18,31,19,44,47,33,48
6221,0,36,37,1,38,39,9,10,41,15,42,40,17,18,31,19,44,47,33,48
6222,0,36,37,1,38,39,9,10,41,15,42,40,17,18,31,19,44,47,33,48
6223,0,36,37,1,38,39,9,10,41,15,42,40,17,18,31,19,44,47,33,48
6224,0,36,37,1,38,39,9,10,41,15,42,40,17,18,31,19,44,47,33,48
6225,0,36,37,1,38,39,9,10,41,15,42,40,17,18,31,19,44,47,33,48
6226,0,36,37,1,38,39,9,10,41,15,42,40,17,18,31,19,44,47,33,48
6227,0,36,37,1,38,39,9,10,41,15,42,40,17,18,31,19,44,47,33,48
6228,0,36,37,1,38,39,9,10,41,15,42,40,17,18,31,19,44,47,33,48
6229,0,36,37,1,38,39,9,10,41,15,42,40,17,18,31,19,44,47,33,48
6230,0,36,37,1,38,39,9,10,41,15,42,40,17,18,31,19,44,47,33,48
6231,0,36,37,1,38,39,9,10,41,15,42,40,17,18,31,19,44,33,47,48
6232,0,36,37,1,38,39,9,10,41,15,42,40,17,18,31,19,44,33,48,47
6233,0,36,37,1,38,39,9,10,41,15,42,40,17,18,31,19,44,33,48,4
6234,0,36,37,1,38,39,9,10,41,15,42,40,17,18,31,19,44,33,48,4
6235,0,36,37,1,38,39,9,10,41,15,42,40,17,18,31,19,44,33,48,4
6236,0,36,37,1,38,39,9,10,41,15,42,40,17,18,31,19,44,33,48,4
6237,0,36,37,1,38,39,9,10,41,15,42,40,17,18,31,19,44,33,48,4
6238,0,36,37,1,38,39,9,10,41,15,42,40,17,18,31,19,44,33,48,4
6239,0,36,37,1,38,39,9,10,41,15,42,40,17,18,31,19,44,33,48,4
6240,0,36,37,1,38,39,9,10,41,15,42,40,17,18,31,19,44,33,48,4
6241,0,36,37,1,38,39,9,10,41,15,42,40,17,18,31,19,44,33,48,4
6242,0,36,37,1,38,39,9,10,41,15,42,40,17,18,31,19,44,33,48,4
6243,0,36,37,1,38,39,9,10,41,15,42,40,17,18,31,19,44,33,48,4
6244,0,36,37,1,38,39,9,10,41,15,42,40,17,18,31,19,44,33,48,4
6245,0,36,37,1,38,39,9,10,41,15,42,40,17,18,31,19,44,33,48,4
6246,0,36,37,1,38,39,9,10,41,15,42,40,17,18,31,19,44,33,48,4
6247,0,36,37,1,38,39,9,10,41,15,42,40,17,18,31,19,44,33,48,4
6248,0,36,37,1,38,39,9,10,41,15,42,40,17,18,31,19,44,33,48,4
6249,0,36,37,1,38,39,9,10,41,15,42,40,17,18,31,19,44,33,48,4
6250,0,36,37,1,38,39,9,10,41,15,42,40,17,18,31,19,44,33,48,4
6251,0,36,37,1,38,39,9,10,41,15,42,40,17,18,31,19,44,33,48,4
6252,0,36,37,1,38,39,9,10,41,15,42,40,17,18,31,19,44,33,48,4
6253,0,36,37,1,38,39,9,10,41,15,42,40,17,18,31,19,44,33,48,4
6254,0,36,37,1,38,39,9,10,41,15,42,40,17,18,31,19,44,33,48,4
6255,0,36,37,1,38,39,9,10,41,15,42,40,17,18,31,19,44,33,48,4
6256,0,36,37,1,38,39,9,10,41,15,42,40,17,18,31,19,44,33,48,4
6257,0,36,37,1,38,39,9,10,41,15,42,40,17,18,31,19,44,33,48,4
6258,0,36,37,1,38,39,9,10,41,15,42,40,17,18,31,19,44,33,48,4
6259,0,36,37,1,38,39,9,10,41,15,42,40,17,18,31,19,44,33,48,4
6260,0,36,37,1,38,39,9,10,41,15,42,40,17,18,31,19,44,33,48,4
6261,0,36,37,1,38,39,9,10,41,15,42,40,17,18,31,19,44,33,48,4
6262,0,36,37,1,38,39,9,10,41,15,42,40,17,18,31,19,44,33,48,4
6263,0,36,37,1,38,39,9,10,41,15,42,40,17,18,31,19,44,33,48,4
6264,0,36,37,1,38,39,9,10,41,15,42,40,17,18,31,19,44,33,48,4
6265,0,36,37,1,38,39,9,10,41,15,42,40,17,18,31,19,44,33,48,4
6266,0,36,37,1,38,39,9,10,41,15,42,40,17,18,31,19,44,33,48,4
6267,0,36,37,1,38,39,9,10,41,15,42,40,17,18,31,19,44,33,48,4
6268,0,36,37,1,38,39,9,10,41,15,42,40,17,18,31,19,44,33,48,4
6269,0,36,37,1,38,39,9,10,41,15,42,40,17,18,31,19,44,33,48,4
6270,0,36,37,1,38,39,9,10,41,15,42,40,17,18,31,19,44,33,48,4
6271,0,36,37,1,38,39,9,10,41,15,42,40,17,18,31,19,44,33,48,4
6272,0,36,37,1,38,39,9,10,41,15,42,40,17,18,31,19,44,33,48,4
6273,0,36,37,1,38,39,9,10,41,15,42,40,17,18,31,19,44,33,48,4
6274,0,36,37,1,38,39,9,10,41,15,42,40,17,18,31,19,44,33,48,4
6275,0,36,37,1,38,39,9,10,41,15,42,40,17,18,31,19,44,33,48,4
6276,0,36,37,1,38,39,9,10,41,15,42,40,17,18,31,19,44,33,48,4
6277,0,36,37,1,38,39,9,10,41,15,42,40,17,18,31,19,44,33,48,4
6278,0,36,37,1,38,39,9,10,41,15,42,40,17,18,31,19,44,33,48,4
6279,0,36,37,1,38,39,9,10,41,15,42,40,17,18,31,19,44,33,48,4
6280,0,36,37,1,38,39,9,10,41,15,42,40,17,18,31,19,44,33,48,4
6281,0,36,37,1,38,39,9,10,41,15,42,40,17,18,31,19,44,33,48,4
6282,0,36,37,1,38,39,9,10,41,15,42,40,17,18,31,19,44,33,48,4
6283,0,36,37,1,38,39,9,10,41,15,42,40,17,18,31,19,44,33,48,4
6284,0,36,37,1,38,39,9,10,41,15,42,40,17,18,31,19,44,33,48,4
6285,0,36,37,1,38,39,9,10,41,15,42,40,17,18,31,19,44,33,48,4
6286,0,36,37,1,38,39,9,10,41,15,42,40,17,18,31,19,44,33,48,4
6287,0,36,37,1,38,39,9,10,41,15,42,40,17,18,31,19,44,33,48,4
6288,0,36,37,1,38,39,9,10,41,15,42,40,17,18,31,19,44,33,48,4
6289,0,36,37,1,38,39,9,10,41,15,42,40,17,18,31,19,44,33,48,4
6290,0,36,37,1,38,39,9,10,41,15,42,40,17,18,31,19,44,33,48,4
6291,0,36,37,1,38,39,9,10,41,15,42,40,17,18,31,19,44,33,48,4
6292,0,36,37,1,38,39,9,10,41,15,42,40,17,18,31,19,44,33,48,4
6293,0,36,37,1,38,39,9,10,41,15,42,40,17,18,31,19,44,33,48,4
6294,0,36,37,1,38,39,9,10,41,15,42,40,17,18,31,19,44,33,48,4
6295,0,36,37,1,38,39,9,10,41,15,42,40,17,18,31,19,44,33,48,4
6296,0,36,37,1,38,39,9,10,41,15,42,40,17,18,31,19,44,33,48,4
6297,0,36,37,1,38,39,9,10,41,15,42,40,17,18,31,19,44,33,48,4
6298,0,36,37,1,38,39,9,10,41,15,42,40,17,18,31,19,44,33,48,4
6299,0,36,37,1,38,39,9,10,41,15,42,40,17,18,31,19,44,33,48,4
6300,0,36,37,1,38,39,9,10,41,15,42,40,17,18,31,19,44,33,48,4
6301,0,36,37,1,38,39,9,10,41,15,42,40,17,18,31,19,44,33,48,4
6302,0,36,37,1,38,39,9,10,41,15,42,40,17,18,31,19,44,33,48,4
6303,0,36,37,1,38,39,9,10,41,15,42,40,17,18,31,19,44,33,48,4
6304,0,36,37,1,38,39,9,10,41,15,42,40,17,18,31,19,44,33,48,4
6305,0,36,37,1,38,39,9,10,41,15,42,40,17,18,31,19,44,33,48,4
6306,0,36,37,1,38,39,9,10,41,15,42,40,17,18,31,19,44,33,48,4
6307,0,36,37,1,38,39,9,10,41,15,42,40,17,18,31,19,44,33,48,4
6308,0,36,37,1,38,39,9,10,41,15,42,40,17,18,31,19,44,33,48,4
6309,0,36,37,1,38,39,9,10,41,15,42,40,17,18,31,19,44,33,48,4
6310,0,36,37,1,38,39,9,10,41,15,42,40,17,18,31,19,44,33,48,4
6311,0,36,37,1,38,39,9,10,41,15,42,40,17,18,31,19,44,33,48,4
6312,0,36,37,1,38,39,9,10,41,15,42,40,17,18,31,19,44,33,48,4
6313,0,36,37,1,38,39,9,10,41,15,42,40,17,18,31,19,44,33,48,4
6314,0,36,37,1,38,39,9,10,41,15,42,40,17,18,31,19,44,33,48,4
6315,0,36,37,1,38,39,9,10,41,15,42,40,17,18,31,19,44,33,48,4
6316,0,36,37,1,38,39,9,10,41,15,42,40,17,18,31,19,44,33,48,4
6317,0,36,37,1,38,39,9,10,41,15,42,40,17,18,31,19,44,33,48,4
6318,0,36,37,1,38,39,9,10,41,15,42,40,17,18,31,19,44,33,48,4
6319,0,36,37,1,38,39,9,10,41,15,42,40,17,18,31,19,44,33,48,4
6320,0,36,37,1,38,39,9,10,41,15,42,40,17,18,31,19,44,33,48,4
6321,0,36,37,38,39,1,9,10,41,15,42,40,17,18,31,19,44,33,48,4
6322,0,36,37,38,39,1,9,10,41,15,42,40,17,18,31,19,44,33,48,4
6323,0,36,37,38,39,1,9,10,41,15,42,40,17,18,31,19,44,33,48,4
6324,0,36,37,38,39,1,9,10,41,15,42,40,17,18,31,19,44,33,48,4
6325,0,36,37,38,39,1,9,10,41,15,42,40,17,18,31,19,44,33,48,4
6326,0,36,37,38,39,1,9,10,41,15,42,40,17,18,31,19,44,33,48,4
6327,0,36,37,38,39,1,9,10,41,15,42,40,17,18,31,19,44,33,48,4
6328,0,36,37,38,39,1,9,10,41,15,42,40,17,18,31,19,44,33,48,4
6329,0,36,37,38,39,1,9,10,41,15,42,40,17,18,31,19,44,33,48,4
6330,0,36,37,38,39,1,9,10,41,15,42,40,17,18,31,19,44,33,48,4
6331,0,36,37,38,39,1,9,10,41,15,42,40,17,18,31,19,44,33,48,4
6332,0,36,37,38,39,1,9,10,41,15,42,40,17,18,31,19,44,33,48,4
6333,0,36,37,38,39,1,9,10,41,15,42,40,17,18,31,19,44,33,48,4
6334,0,36,37,38,39,1,9,10,41,15,42,40,17,18,31,19,44,33,48,4
6335,0,36,37,38,39,1,9,10,41,15,42,40,17,18,31,19,44,33,48,4
6336,0,36,37,38,39,1,9,10,41,15,42,40,17,18,31,19,44,33,48,4
6337,0,36,37,38,39,1,9,10,41,15,42,40,17,18,31,19,44,33,48,4
6338,0,36,37,38,39,1,9,10,41,15,42,40,17,18,31,19,44,33,48,4
6339,0,36,37,38,39,1,9,10,41,15,42,40,17,18,31,19,44,33,48,4
6340,0,36,37,38,39,1,9,10,41,15,42,40,17,18,31,19,44,33,48,4
6341,0,36,37,38,39,1,9,10,41,15,42,40,17,18,31,19,44,33,48,4
6342,0,36,37,38,39,1,9,10,41,15,42,40,17,18,31,19,44,33,48,4
6343,0,36,37,38,39,1,9,10,41,15,42,40,17,18,31,19,44,33,48,4
6344,0,36,37,38,39,1,9,10,41,15,42,40,17,18,31,19,44,33,48,4
6345,0,36,37,38,39,1,9,10,41,15,42,40,17,18,31,19,44,33,48,4
6346,0,36,37,38,39,1,9,10,41,15,42,40,17,18,31,19,44,33,48,4
6347,0,36,37,38,39,1,9,10,41,15,42,40,17,18,31,19,44,33,48,4
6348,0,36,37,38,39,1,9,10,41,15,42,40,17,18,31,19,44,33,48,4
6349,0,36,37,38,39,1,9,10,41,15,42,40,17,18,31,19,44,33,48,4
6350,0,36,37,38,39,1,9,10,41,15,42,40,17,18,31,19,44,33,48,4
6351,0,36,37,38,39,1,9,10,41,15,42,40,17,18,31,19,44,33,48,4
6352,0,36,37,38,39,1,9,10,41,15,42,40,17,18,31,19,44,33,48,4
6353,0,36,37,38,39,1,9,10,41,15,42,40,17,18,31,19,44,33,48,4
6354,0,36,37,38,39,1,9,10,41,15,42,40,17,18,31,19,44,33,48,4
6355,0,36,37,38,39,1,9,10,41,15,42,40,17,18,31,19,44,33,48,4
6356,0,36,37,38,39,1,9,10,41,15,42,40,17,18,31,19,44,33,48,4
6357,0,36,37,38,39,1,9,10,41,15,42,40,17,18,31,19,44,33,48,4
6358,0,36,37,38,39,1,9,10,41,15,42,40,17,18,31,19,44,33,48,4
6359,0,36,37,38,39,1,9,10,41,15,42,40,17,18,31,19,44,33,48,4
6360,0,36,37,38,39,1,9,10,41,15,42,40,17,18,31,19,44,33,48,4
6361,0,36,37,38,39,1,9,10,41,15,42,40,17,18,31,19,44,33,48,4
6362,0,36,37,38,39,1,9,10,41,15,42,40,17,18,31,19,44,33,48,4
6363,0,36,37,38,39,1,9,10,41,15,42,40,17,18,31,19,44,33,48,4
6364,0,36,37,38,39,1,9,10,41,15,42,40,17,18,31,19,44,33,48,4
6365,0,36,37,38,39,1,9,10,41,15,42,40,17,18,31,19,44,33,48,4
6366,0,36,37,38,39,1,9,10,41,15,42,40,17,18,31,19,44,33,48,4
6367,0,36,37,38,39,1,9,10,41,15,42,40,17,18,31,19,44,33,48,4
6368,0,36,37,38,39,1,9,10,41,15,42,40,17,18,31,19,44,33,48,4
6369,0,36,37,38,39,1,9,10,41,15,42,40,17,18,31,19,44,33,48,4
6370,0,36,37,38,39,1,9,10,41,15,42,40,17,18,31,19,44,33,48,4
6371,0,36,37,38,39,1,9,10,41,15,42,40,17,18,31,19,44,33,48,4
6372,0,36,37,38,39,1,9,10,41,15,42,40,17,18,31,19,44,33,48,4
6373,0,36,37,38,39,1,9,10,41,15,42,40,17,18,31,19,44,33,48,4
6374,0,36,37,38,39,1,9,10,41,15,42,40,17,18,31,19,44,33,48,4
6375,0,36,37,38,39,1,9,10,41,15,42,40,17,18,31,19,44,48,33,4
6376,0,36,37,38,39,1,9,10,41,15,42,40,17,18,31,19,44,48,33,4
6377,0,36,37,38,39,1,9,10,41,15,42,40,17,18,31,19,44,48,33,4
6378,0,36,37,38,39,1,9,10,41,15,42,40,17,18,31,19,44,48,33,4
6379,0,36,37,38,39,1,9,10,41,15,42,40,17,18,31,19,44,48,33,4
6380,0,36,37,38,39,1,9,10,41,15,42,40,17,18,31,19,44,48,33,4
6381,0,36,37,38,39,1,9,10,41,15,42,40,17,18,31,19,44,48,33,4
6382,0,36,37,38,39,1,9,10,41,15,42,40,17,18,31,19,44,48,33,4
6383,0,36,37,38,39,1,9,10,41,15,42,40,17,18,31,19,44,48,33,4
6384,0,36,37,38,39,1,9,10,41,15,42,40,17,18,31,19,44,48,33,4
6385,0,36,37,38,39,1,9,10,41,15,42,40,17,18,31,19,44,48,33,4
6386,0,36,37,38,39,1,9,10,41,15,42,40,17,18,31,19,44,48,33,4
6387,0,36,37,38,39,1,9,10,41,15,42,40,17,18,31,19,44,48,33,4
6388,0,36,37,38,39,1,9,10,41,15,42,40,17,18,31,19,44,48,33,4
6389,0,36,37,38,39,1,9,10,41,15,42,40,17,18,31,19,44,48,33,4
6390,0,36,37,38,39,1,9,10,41,15,42,40,31,17,18,19,44,48,33,4
6391,0,36,37,38,39,1,9,10,41,15,42,40,31,17,18,19,44,48,33,4
6392,0,36,37,38,39,1,9,10,41,15,42,40,31,17,18,19,44,48,33,4
6393,0,36,37,38,39,1,9,10,41,15,42,40,31,17,18,19,44,48,33,4
6394,0,36,37,38,39,1,9,10,41,15,42,40,31,17,18,19,44,48,33,4
6395,0,36,37,38,39,1,9,10,41,15,42,40,31,17,18,19,44,48,33,4
6396,0,36,37,38,39,1,9,10,41,15,42,40,17,18,31,19,44,48,33,4
6397,0,36,37,38,39,1,9,10,41,15,42,40,17,18,31,19,44,48,33,4
6398,0,36,37,38,39,1,9,10,41,15,42,40,17,18,31,19,44,48,33,4
6399,0,36,37,38,39,1,9,10,41,15,42,40,17,18,31,19,44,48,33,4
6400,0,36,37,38,39,1,9,10,41,15,42,40,17,18,31,19,44,48,33,4
6401,0,36,37,38,39,1,9,10,41,15,42,40,17,18,31,19,44,48,33,4
6402,0,36,37,38,39,1,9,10,41,15,42,40,17,18,31,19,44,48,33,4
6403,0,36,37,38,39,1,9,10,41,15,42,40,17,18,31,19,44,48,33,4
6404,0,36,37,38,39,1,9,10,41,15,42,40,17,18,31,19,44,48,33,4
6405,0,36,37,38,39,1,9,10,41,15,42,40,17,18,31,19,44,48,33,4
6406,0,36,37,38,39,1,9,10,41,15,42,40,17,18,31,19,44,48,33,4
6407,0,36,37,38,39,1,9,10,41,15,42,40,17,18,31,19,44,48,33,4
6408,0,36,37,38,39,1,9,10,41,15,42,40,17,18,31,19,44,48,33,4
6409,0,36,37,38,39,1,9,10,41,15,42,40,17,18,31,19,44,48,33,4
6410,0,36,37,38,39,1,9,10,41,15,42,40,17,18,31,19,44,48,33,4
6411,0,36,37,38,39,1,9,10,41,15,42,40,17,18,31,19,44,48,33,4
6412,0,36,37,38,39,1,9,10,41,15,42,40,17,18,31,19,44,48,33,4
6413,0,36,37,38,39,1,9,10,41,15,42,40,17,18,31,19,44,48,33,4
6414,0,36,37,38,39,1,9,10,41,15,42,40,17,18,31,19,44,48,33,4
6415,0,36,37,38,39,1,9,10,41,15,42,40,17,18,31,19,44,48,33,4
6416,0,36,37,38,39,1,9,10,41,15,42,40,17,18,31,19,44,48,33,4
6417,0,36,37,38,39,1,9,10,41,15,42,40,17,18,31,19,44,48,33,4
6418,0,36,37,38,39,1,9,10,41,15,42,40,17,18,31,19,44,48,33,4
6419,0,36,37,38,39,1,9,10,41,15,42,40,17,18,31,19,44,48,33,4
6420,0,36,37,38,39,1,9,10,41,15,42,40,17,18,31,19,44,48,33,4
6421,0,36,37,38,39,1,9,10,41,15,42,40,17,18,31,19,44,48,33,4
6422,0,36,37,38,39,1,9,10,41,15,42,40,17,18,31,19,44,48,33,4
6423,0,36,37,38,39,1,9,10,41,15,42,40,17,18,31,19,44,48,33,4
6424,0,36,37,38,39,1,9,10,41,15,42,40,17,18,31,19,44,48,33,4
6425,0,36,37,38,39,1,9,10,41,15,42,40,17,18,31,19,44,48,33,4
6426,0,36,37,38,39,1,9,10,41,15,42,40,17,18,31,19,44,33,48,4
6427,0,36,37,38,39,1,9,10,41,15,42,40,17,18,31,19,44,33,48,4
6428,0,36,37,38,39,1,9,10,41,15,42,40,17,18,31,19,44,33,48,4
6429,0,36,37,38,39,1,9,10,41,15,42,40,17,18,31,19,44,33,48,4
6430,0,36,37,38,39,1,9,10,41,15,42,40,17,18,31,19,44,33,48,4
6431,0,36,37,38,39,1,9,10,41,15,42,40,17,18,31,19,44,33,48,4
6432,0,36,37,38,39,1,9,10,41,15,42,40,17,18,31,19,44,33,48,4
6433,0,36,37,38,39,1,9,10,41,15,42,40,17,18,31,19,44,33,48,4
6434,0,36,37,38,39,1,9,10,41,15,42,40,17,18,31,19,44,33,48,4
6435,0,36,37,38,39,1,9,10,41,15,42,40,17,18,31,19,44,33,48,4
6436,0,36,37,38,39,1,9,10,41,15,42,40,17,18,31,19,44,33,48,4
6437,0,36,37,38,39,1,9,10,41,15,42,40,17,18,31,19,44,33,48,4
6438,0,36,37,38,39,1,9,10,41,15,42,40,17,18,31,19,44,33,48,4
6439,0,36,37,38,39,1,9,10,41,15,42,40,17,18,31,19,44,33,48,4
6440,0,36,37,38,39,1,9,10,41,15,42,40,17,18,31,19,44,33,48,4
6441,0,36,37,38,39,1,9,10,41,15,42,40,17,18,31,19,44,33,48,4
6442,0,36,37,38,39,1,9,10,41,15,42,40,17,18,31,19,44,33,48,4
6443,0,36,37,38,39,1,9,10,41,15,42,40,17,18,31,19,44,33,48,4
6444,0,36,37,38,39,1,9,10,41,15,42,40,17,18,31,19,44,33,48,4
6445,0,36,37,38,39,1,9,10,41,15,42,40,17,18,31,19,44,33,48,4
6446,0,36,37,38,39,1,9,10,41,15,42,40,17,18,31,19,44,33,48,4
6447,0,36,37,38,39,1,9,10,41,15,42,40,17,18,31,19,44,33,48,4
6448,0,36,37,38,39,1,9,10,41,15,42,40,17,18,31,19,44,33,48,4
6449,0,36,37,38,39,1,9,10,41,15,42,40,17,18,31,19,44,33,48,4
6450,0,36,37,38,39,1,9,10,41,15,42,40,17,18,31,19,44,33,48,4
6451,0,36,37,38,39,1,9,10,41,15,42,40,17,18,31,19,44,33,48,4
6452,0,36,37,38,39,1,9,10,41,15,42,40,17,18,31,19,44,33,48,4
6453,0,36,37,38,39,1,9,10,41,15,42,40,17,18,31,19,44,33,48,4
6454,0,36,37,38,39,1,9,10,41,15,42,40,17,18,31,19,44,33,48,4
6455,0,36,37,38,39,1,9,10,41,15,42,40,17,18,31,19,44,33,48,4
6456,0,36,37,38,39,1,9,10,41,15,42,40,17,18,31,19,44,33,48,4
6457,0,36,37,38,39,1,9,10,41,15,42,40,17,18,31,19,44,33,48,4
6458,0,36,37,38,39,1,9,10,41,15,42,40,17,18,31,19,44,33,48,4
6459,0,36,37,38,39,1,9,10,41,15,42,40,17,18,31,19,44,33,48,4
6460,0,36,37,38,39,1,9,10,41,15,42,40,17,18,31,19,44,33,48,4
6461,0,36,37,38,39,1,9,10,41,15,42,40,17,18,31,19,44,33,48,4
6462,0,36,37,38,39,1,9,10,41,15,42,40,17,18,31,19,44,33,48,4
6463,0,36,37,38,39,1,9,10,41,15,42,40,17,18,31,19,44,33,48,4
6464,0,36,37,38,39,1,9,10,41,15,42,40,17,18,31,19,44,33,48,4
6465,0,36,37,38,39,1,9,10,41,15,42,40,17,18,31,19,44,33,48,4
6466,0,36,37,38,39,1,9,10,41,15,42,40,17,18,31,19,44,33,48,4
6467,0,36,37,38,39,1,9,10,41,15,42,40,17,18,31,19,44,33,48,4
6468,0,36,37,38,39,1,9,10,41,15,42,40,17,18,31,19,44,33,48,4
6469,0,36,37,38,39,1,9,10,41,15,42,40,17,18,31,19,44,33,48,4
6470,0,36,37,38,39,1,9,10,41,15,42,40,17,18,31,19,44,33,48,4
6471,0,36,37,38,39,1,9,10,41,15,42,40,17,18,31,19,44,33,48,4
6472,0,36,37,38,39,1,9,10,41,15,42,40,17,18,31,19,44,33,48,4
6473,0,36,37,38,39,1,9,10,41,15,42,40,17,18,31,19,44,33,48,4
6474,0,36,37,38,39,1,9,10,41,15,42,40,17,18,31,19,44,33,48,4
6475,0,36,37,38,39,1,9,10,41,15,42,40,17,18,31,19,44,33,48,4
6476,0,36,37,38,39,1,9,10,41,15,42,40,17,18,31,19,44,33,48,4
6477,0,36,37,38,39,1,9,10,41,15,42,40,17,18,31,19,44,33,48,4
6478,0,36,37,38,39,1,9,10,41,15,42,40,17,18,31,19,44,33,48,4
6479,0,36,37,38,39,1,9,10,41,15,42,40,17,18,31,19,44,33,48,4
6480,0,36,37,38,39,1,9,10,41,15,42,40,17,18,31,19,44,33,48,4
6481,0,36,37,38,39,1,9,10,41,15,42,40,17,18,31,19,44,33,48,4
6482,0,36,37,38,39,1,9,10,41,15,42,40,17,18,31,19,44,33,48,4
6483,0,36,37,38,39,1,9,10,41,15,42,40,17,18,31,19,44,33,48,4
6484,0,36,37,38,39,1,9,10,41,15,42,40,17,18,31,19,44,33,48,4
6485,0,36,37,38,39,1,9,10,41,15,42,40,17,18,31,19,44,33,48,4
6486,0,36,37,38,39,1,9,10,41,15,42,40,17,18,31,19,44,33,48,4
6487,0,36,37,38,39,1,9,10,41,15,42,40,17,18,31,19,44,33,48,4
6488,0,36,37,38,39,1,9,10,41,15,42,40,17,18,31,19,44,33,48,4
6489,0,36,37,38,39,1,9,10,41,15,42,40,17,18,31,19,44,33,48,4
6490,0,36,37,38,39,1,9,10,41,15,42,40,17,18,31,19,44,33,48,4
6491,0,36,37,38,39,1,9,10,41,15,42,40,17,18,31,19,44,33,48,4
6492,0,36,37,38,39,1,9,10,41,15,42,40,17,18,31,19,44,33,48,4
6493,0,36,37,38,39,1,9,10,41,15,42,40,17,18,31,19,44,33,48,4
6494,0,36,37,38,39,1,9,10,41,15,42,40,17,18,31,19,44,33,48,4
6495,0,36,37,38,39,1,9,10,41,15,42,40,17,18,31,19,44,33,48,4
6496,0,36,37,38,39,1,9,10,41,15,42,40,17,18,31,19,44,33,48,4
6497,0,36,37,38,39,1,9,10,41,15,42,40,17,18,31,19,44,33,48,4
6498,0,36,37,38,39,1,9,10,41,15,42,40,17,18,31,19,44,33,48,4
6499,0,36,37,38,39,1,9,10,41,15,42,40,17,18,31,19,44,33,48,4
6500,0,36,37,38,39,1,9,10,41,15,42,40,17,18,31,19,44,33,48,4
6501,0,36,37,38,39,1,9,10,41,15,42,40,17,18,31,19,44,33,48,4
6502,0,36,37,38,39,1,9,10,41,15,42,40,17,18,31,19,44,33,48,4
6503,0,36,37,38,39,1,9,10,41,15,42,40,17,18,31,19,44,33,48,4
6504,0,36,37,38,39,1,9,10,41,15,42,40,17,18,31,19,44,33,48,4
6505,0,36,37,38,39,1,9,10,41,15,42,40,17,18,31,19,44,33,48,4
6506,0,36,37,38,39,1,9,10,41,15,42,40,17,18,31,19,44,33,48,4
6507,0,36,37,38,39,1,9,10,41,15,42,40,17,18,31,19,44,33,48,4
6508,0,36,37,38,39,1,9,10,41,15,42,40,17,18,31,19,44,33,48,4
6509,0,36,37,38,39,1,9,10,41,15,42,40,17,18,31,19,44,33,48,4
6510,0,36,37,38,39,1,9,10,41,15,42,40,17,18,31,19,44,33,48,4
6511,0,36,37,38,39,1,9,10,41,15,42,40,17,18,31,19,44,33,48,4
6512,0,36,37,38,39,1,9,10,41,15,42,40,17,18,31,19,44,33,48,4
6513,0,36,37,38,39,1,9,10,41,15,42,40,17,18,31,19,44,33,48,4
6514,0,36,37,38,39,1,9,10,41,15,42,40,17,18,31,19,44,33,48,4
6515,0,36,37,38,39,1,9,10,41,15,42,40,17,18,31,19,44,33,48,4
6516,0,36,37,38,39,1,9,10,41,15,42,40,17,18,31,19,44,33,48,4
6517,0,36,37,38,39,1,9,10,41,15,42,40,17,18,31,19,44,33,48,4
6518,0,36,37,38,39,1,9,10,41,15,42,40,17,18,31,19,44,33,48,4
6519,0,36,37,38,39,1,9,10,41,15,42,40,17,18,31,19,44,33,48,4
6520,0,36,37,38,39,1,9,10,41,15,42,40,17,18,31,19,44,33,48,4
6521,0,36,37,38,39,1,9,10,41,15,42,40,17,18,31,19,44,33,48,4
6522,0,36,37,38,39,1,9,10,41,15,42,40,17,18,31,19,44,33,48,4
6523,0,36,37,38,39,1,9,10,41,15,42,40,17,18,31,19,44,33,48,4
6524,0,36,37,38,39,1,9,10,41,15,42,40,17,18,31,19,44,33,48,4
6525,0,36,37,38,39,1,9,10,41,15,42,40,17,18,31,19,44,33,48,4
6526,0,36,37,38,39,1,9,10,41,15,42,40,17,18,31,19,44,33,48,4
6527,0,36,37,38,39,1,9,10,41,15,42,40,17,18,31,19,44,33,48,4
6528,0,36,37,38,39,1,9,10,41,15,42,40,17,18,31,19,44,33,48,4
6529,0,36,37,38,39,1,9,10,41,15,42,40,17,18,31,19,44,33,48,4
6530,0,36,37,38,39,1,9,10,41,15,42,40,17,18,31,19,44,33,48,4
6531,0,36,37,38,39,1,9,10,41,15,42,40,17,18,31,19,44,33,48,4
6532,0,36,37,38,39,1,9,10,41,15,42,40,17,18,31,19,44,33,48,4
6533,0,36,37,38,39,1,9,10,41,15,42,40,17,18,31,19,44,33,48,4
6534,0,36,37,38,39,1,9,10,41,15,42,40,17,18,31,19,44,33,48,4
6535,0,36,37,38,39,1,9,10,41,15,42,40,17,18,31,19,44,33,48,4
6536,0,36,37,38,39,1,9,10,41,15,42,40,17,18,31,19,44,33,48,4
6537,0,36,37,38,39,1,9,10,41,15,42,40,17,18,31,19,44,33,48,4
6538,0,36,37,38,39,1,9,10,41,15,42,40,17,18,31,19,44,33,48,4
6539,0,36,37,38,39,1,9,10,41,15,42,40,17,18,31,19,44,33,48,4
6540,0,36,37,38,39,1,9,10,41,15,42,40,17,18,31,19,44,33,48,4
6541,0,36,37,38,39,1,9,10,41,15,42,40,17,18,31,19,44,33,48,4
6542,0,36,37,38,39,1,9,10,41,15,42,40,17,18,31,19,44,33,48,4
6543,0,36,37,38,39,1,9,10,41,15,42,40,17,18,31,19,44,33,48,4
6544,0,36,37,38,39,1,9,10,41,15,42,40,17,18,31,19,44,33,48,4
6545,0,36,37,38,39,1,9,10,41,15,42,40,17,18,31,19,44,33,48,4
6546,0,36,37,38,39,1,9,10,41,15,42,40,17,18,31,19,44,33,48,4
6547,0,36,37,38,39,1,9,10,41,15,42,40,17,18,31,19,44,33,48,4
6548,0,36,37,38,39,1,9,10,41,15,42,40,17,18,31,19,44,33,48,4
6549,0,36,37,38,39,1,9,10,41,15,42,40,17,18,31,19,44,33,48,4
6550,0,36,37,38,39,1,9,10,41,15,42,40,17,18,31,19,44,33,48,4
6551,0,36,37,38,39,1,9,10,41,15,42,40,17,18,31,19,44,33,48,4
6552,0,36,37,38,39,1,9,10,41,15,42,40,17,18,31,19,44,33,48,4
6553,0,36,37,38,39,1,9,10,41,15,42,40,17,18,31,19,44,33,48,4
6554,0,36,37,38,39,1,9,10,41,15,42,40,17,18,31,19,44,33,48,4
6555,0,36,37,38,39,1,9,10,41,15,42,40,17,18,31,19,44,33,48,4
6556,0,36,37,38,39,1,9,10,41,15,42,40,17,18,31,19,44,33,48,4
6557,0,36,37,38,39,1,9,10,41,15,42,40,17,18,31,19,44,33,48,4
6558,0,36,37,38,39,1,9,10,41,15,42,40,17,18,31,19,44,33,48,4
6559,0,36,37,38,39,1,9,10,41,15,42,40,17,18,31,19,44,33,48,4
6560,0,36,37,38,39,1,9,10,41,15,42,40,17,18,31,19,44,33,48,4
6561,0,36,37,38,39,1,9,10,41,15,42,40,17,18,31,19,44,33,48,4
6562,0,36,37,38,39,1,9,10,41,15,42,40,17,18,31,19,44,33,48,4
6563,0,36,37,38,39,1,9,10,41,15,42,40,17,18,31,19,44,33,48,4
6564,0,36,37,38,39,1,9,10,41,15,42,40,17,18,31,19,44,33,48,4
6565,0,36,37,38,39,1,9,10,41,15,42,40,17,18,31,19,44,33,48,4
6566,0,36,37,38,39,1,9,10,41,15,42,40,17,18,31,19,44,33,48,4
6567,0,36,37,38,39,1,9,10,41,15,42,40,17,18,31,19,44,33,48,4
6568,0,36,37,38,39,1,9,10,41,15,42,40,17,18,31,19,44,33,48,4
6569,0,36,37,38,39,1,9,10,41,15,42,40,17,18,31,19,44,33,48,4
6570,0,36,37,38,39,1,9,10,41,15,42,40,17,18,31,19,44,33,48,4
6571,0,36,37,38,39,1,9,10,41,15,42,40,17,18,31,19,44,33,48,4
6572,0,36,37,38,39,1,9,10,41,15,42,40,17,18,31,19,44,33,48,4
6573,0,36,37,38,39,1,9,10,41,15,42,40,17,18,31,19,44,33,48,4
6574,0,36,37,38,39,1,9,10,41,15,42,40,17,18,31,19,44,33,48,4
6575,0,36,37,38,39,1,9,10,41,15,42,40,17,18,31,19,44,33,48,4
6576,0,36,37,38,39,1,9,10,41,15,42,40,17,18,31,19,44,33,48,4
6577,0,36,37,38,39,1,9,10,41,15,42,40,17,18,31,19,44,33,48,4
6578,0,36,37,38,39,1,9,10,41,15,42,40,17,18,31,19,44,33,48,4
6579,0,36,37,38,39,1,9,10,41,15,42,40,17,18,31,19,44,33,48,4
6580,0,36,37,38,39,1,9,10,41,15,42,40,17,18,31,19,44,33,48,4
6581,0,36,37,38,39,1,9,10,41,15,42,40,17,18,31,19,44,33,48,4
6582,0,36,37,38,39,1,9,10,41,15,42,40,17,18,31,19,44,33,48,4
6583,0,36,37,38,39,1,9,10,41,15,42,40,17,18,31,19,44,33,48,4
6584,0,36,37,38,39,1,9,10,41,15,42,40,17,18,31,19,44,33,48,4
6585,0,36,37,38,39,1,9,10,41,15,42,40,17,18,31,19,44,33,48,4
6586,0,36,37,38,39,1,9,10,41,15,42,40,17,18,31,19,44,33,48,4
6587,0,36,37,38,39,1,9,10,41,15,42,40,17,18,31,19,44,33,48,4
6588,0,36,37,38,39,1,9,10,41,15,42,40,17,18,31,19,44,33,48,4
6589,0,36,37,38,39,1,9,10,41,15,42,40,17,18,31,19,44,33,48,4
6590,0,36,37,38,39,1,9,10,41,15,42,40,17,18,31,19,44,33,48,4
6591,0,36,37,38,39,1,9,10,41,15,42,40,17,18,31,19,44,33,48,4
6592,0,36,37,38,39,1,9,10,41,15,42,40,17,18,31,19,44,33,48,4
6593,0,36,37,38,39,1,9,10,41,15,42,40,17,18,31,19,44,33,48,49
6594,0,36,37,38,39,1,9,10,41,15,42,40,17,18,31,19,44,33,48,49
6595,0,36,37,38,39,1,9,10,41,15,42,40,17,18,31,19,44,48,33,49
6596,0,36,37,38,39,1,9,10,41,15,42,40,17,18,31,19,44,48,33,49
6597,0,36,37,38,39,1,9,10,41,15,42,40,17,18,31,19,44,48,33,49
6598,0,36,37,38,39,1,9,10,41,15,42,40,17,18,31,19,44,48,33,49
6599,0,36,37,38,39,1,9,10,41,15,42,40,17,18,31,19,44,48,33,49
6600,0,36,37,38,39,1,9,10,41,15,42,40,17,18,31,19,44,48,33,49
6601,0,36,37,38,39,1,9,10,41,15,42,40,17,18,31,19,44,48,33,49
6602,0,36,37,38,39,1,9,10,41,15,42,40,17,18,31,19,44,48,33,49
6603,0,36,37,38,39,1,9,10,41,15,42,40,17,18,31,19,44,48,33,49
6604,0,36,37,38,39,1,9,10,41,15,42,40,17,18,31,19,44,48,33,49
6605,0,36,37,38,39,1,9,10,41,15,42,40,17,18,31,19,44,48,33,49
6606,0,36,37,38,39,1,9,10,41,15,42,40,17,18,31,19,33,44,48,49
6607,0,36,37,38,39,1,9,10,41,15,42,40,17,18,31,33,19,44,48,49
6608,0,36,37,38,39,1,9,10,41,15,42,40,17,18,31,33,19,44,48,49
6609,0,36,37,38,39,1,9,10,41,15,42,40,17,18,31,33,19,44,48,49
6610,0,36,37,38,39,1,9,10,41,15,42,40,17,18,31,33,19,44,48,49
6611,0,36,37,38,39,1,9,10,41,15,42,40,17,18,33,31,19,44,48,49
6612,0,36,37,38,39,1,9,10,41,15,42,40,17,18,33,31,19,44,48,49
6613,0,36,37,38,39,1,9,10,41,15,42,40,17,18,33,31,19,44,48,49
6614,0,36,37,38,39,1,9,10,41,15,42,40,17,18,33,31,19,44,48,49
6615,0,36,37,38,39,1,9,10,41,15,42,40,17,18,33,31,19,44,48,49
6616,0,36,37,38,39,1,9,10,41,15,42,40,17,18,33,31,19,44,48,49
6617,0,36,37,38,39,1,9,10,41,15,42,40,17,18,33,31,19,44,48,49
6618,0,36,37,38,39,1,9,10,41,15,42,40,17,18,33,31,19,44,48,49
6619,0,36,37,38,39,1,9,10,41,15,42,40,17,18,33,31,19,44,48,49
6620,0,36,37,38,39,1,9,10,41,15,42,40,17,18,33,31,19,44,48,49
6621,0,36,37,38,39,1,9,10,41,15,42,40,17,18,33,31,19,44,48,49
6622,0,36,37,38,39,1,9,10,41,15,42,40,17,18,33,31,19,44,48,49
6623,0,36,37,38,39,1,9,10,41,15,42,40,17,18,33,31,19,44,48,49
6624,0,36,37,38,39,1,9,10,41,15,42,40,17,18,33,31,19,44,48,49
6625,0,36,37,38,39,1,9,10,41,15,42,40,17,18,33,31,19,44,48,49
6626,0,36,37,38,39,1,9,10,41,15,42,40,17,18,33,31,19,44,48,49
6627,0,36,37,38,39,1,9,10,41,15,42,40,17,18,33,31,19,44,48,49
6628,0,36,37,38,39,1,9,10,41,15,42,40,17,18,33,31,19,44,48,49
6629,0,36,37,38,39,1,9,10,41,15,42,40,17,18,33,31,19,44,48,49
6630,0,36,37,38,39,1,9,10,41,15,42,40,17,18,33,31,19,44,48,49
6631,0,36,37,38,39,1,9,10,41,15,42,40,17,18,33,31,19,44,48,49
6632,0,36,37,38,39,1,9,10,41,15,42,40,17,18,33,31,19,44,48,49
6633,0,36,37,38,39,1,9,10,41,15,42,40,17,18,33,31,19,44,48,49
6634,0,36,37,38,39,1,9,10,41,15,42,40,17,18,33,31,19,44,48,49
6635,0,36,37,38,39,1,9,10,41,15,42,40,17,18,33,31,19,44,48,49
6636,0,36,37,38,39,1,9,10,41,15,42,40,17,18,33,31,19,44,48,49
6637,0,36,37,38,39,1,9,10,41,15,42,40,17,18,33,31,19,44,48,49
6638,0,36,37,38,39,1,9,10,41,15,42,40,17,18,33,31,19,44,48,49
6639,0,36,37,38,39,1,9,10,41,15,42,40,17,18,33,31,19,44,48,49
6640,0,36,37,38,39,1,9,10,41,15,42,40,17,18,33,31,19,44,48,49
6641,0,36,37,38,39,1,9,10,41,15,42,40,17,18,33,31,19,44,48,49
6642,0,36,37,38,39,1,9,10,41,15,42,40,17,18,33,31,19,44,48,49
6643,0,36,37,38,39,1,9,10,41,15,42,40,17,18,33,31,19,44,48,49
6644,0,36,37,38,39,1,9,10,41,15,42,40,17,18,33,31,19,44,48,49
6645,0,36,37,38,39,1,9,10,41,15,42,40,17,18,33,31,19,44,48,49
6646,0,36,37,38,39,1,9,10,41,15,42,40,17,18,33,31,19,44,48,49
6647,0,36,37,38,39,1,9,10,41,15,42,40,17,18,33,31,19,44,48,49
6648,0,36,37,38,39,1,9,10,41,15,42,40,17,18,33,31,19,44,48,49
6649,0,36,37,38,39,1,9,10,41,15,42,40,17,18,33,31,19,44,48,49
6650,0,36,37,38,39,1,9,10,41,15,42,40,17,18,33,31,19,44,48,49
6651,0,36,37,38,39,1,9,10,41,15,42,40,17,18,33,31,19,44,49,48
6652,0,36,37,38,39,1,9,10,41,15,42,40,17,18,33,31,19,44,49,48
6653,0,36,37,38,39,1,9,10,41,15,42,40,17,18,33,31,19,44,49,4
6654,0,36,37,38,39,1,9,10,41,15,42,40,17,18,33,31,19,44,49,4
6655,0,36,37,38,39,1,9,10,41,15,42,40,17,18,33,31,19,44,49,4
6656,0,36,37,38,39,1,9,10,41,15,42,40,17,18,33,31,19,44,49,4
6657,0,36,37,38,39,1,9,10,41,15,42,40,17,18,33,31,19,44,49,4
6658,0,36,37,38,39,1,9,10,41,15,42,40,17,18,33,31,19,44,49,4
6659,0,36,37,38,39,1,9,10,41,15,42,40,17,18,33,31,19,44,49,4
6660,0,36,37,38,39,1,9,10,41,15,42,40,17,18,33,31,19,44,49,4
6661,0,36,37,38,39,1,9,10,41,15,42,40,17,18,33,31,19,44,49,4
6662,0,36,37,38,39,1,9,10,41,15,42,40,17,18,33,31,19,44,49,4
6663,0,36,37,38,39,1,9,10,41,15,42,40,17,18,33,31,19,44,49,4
6664,0,36,37,38,39,1,9,10,41,15,42,40,17,18,33,31,19,44,49,4
6665,0,36,37,38,39,1,9,10,41,15,42,40,17,18,33,31,19,44,49,4
6666,0,36,37,38,39,1,9,10,41,15,42,40,17,18,33,31,19,44,49,4
6667,0,36,37,38,39,1,9,10,41,15,42,40,17,18,33,31,19,44,49,4
6668,0,36,37,38,39,1,9,10,41,15,42,40,17,18,33,31,19,44,49,4
6669,0,36,37,38,39,1,9,10,41,15,42,40,17,18,33,31,19,44,49,4
6670,0,36,37,38,39,1,9,10,41,15,42,40,17,18,33,31,19,44,49,4
6671,0,36,37,38,39,1,9,10,41,15,42,40,17,18,33,31,19,44,49,4
6672,0,36,37,38,39,1,9,10,41,15,42,40,17,18,33,31,19,44,49,4
6673,0,36,37,38,39,1,9,10,41,15,42,40,17,18,33,31,19,44,49,4
6674,0,36,37,38,39,1,9,10,41,15,42,40,17,18,33,31,19,44,49,4
6675,0,36,37,38,39,1,9,10,41,15,42,40,17,18,33,19,31,44,49,4
6676,0,36,37,38,39,1,9,10,41,15,42,40,17,18,33,19,31,44,49,4
6677,0,36,37,38,39,1,9,10,41,15,42,40,17,18,33,19,31,44,49,4
6678,0,36,37,38,39,1,9,10,41,15,42,40,17,18,33,19,31,44,49,4
6679,0,36,37,38,39,1,9,10,41,15,42,40,17,18,33,19,31,44,49,4
6680,0,36,37,38,39,1,9,10,41,15,42,40,17,18,33,19,31,44,49,4
6681,0,36,37,38,39,1,9,10,41,15,42,40,17,18,33,19,31,44,49,4
6682,0,36,37,38,39,1,9,10,41,15,42,40,17,18,33,19,31,44,49,4
6683,0,36,37,38,39,1,9,10,41,15,42,40,17,18,33,19,31,44,49,4
6684,0,36,37,38,39,1,9,10,41,15,42,40,17,18,33,19,31,44,49,4
6685,0,36,37,38,39,1,9,10,41,15,42,40,17,18,33,19,31,44,49,4
6686,0,36,37,38,39,1,9,10,41,15,42,40,17,18,33,19,31,44,49,4
6687,0,36,37,38,39,1,9,10,41,15,42,40,17,18,33,19,31,44,49,4
6688,0,36,37,38,39,1,9,10,41,15,42,40,17,18,33,19,31,44,49,4
6689,0,36,37,38,39,1,9,10,41,15,42,40,17,18,33,19,31,44,49,4
6690,0,36,37,38,39,1,9,10,41,15,42,40,17,18,33,19,31,44,49,4
6691,0,36,37,38,39,1,9,10,41,15,42,40,17,18,33,19,31,44,49,4
6692,0,36,37,38,39,1,9,10,41,15,42,40,17,18,33,19,31,44,49,4
6693,0,36,37,38,39,1,15,9,10,41,42,40,17,18,33,19,31,44,49,48
6694,0,36,37,38,39,1,15,9,10,41,42,40,17,18,33,19,31,44,49,48
6695,0,36,37,15,38,39,1,9,10,41,42,40,17,18,33,19,31,44,48,49
6696,0,36,37,15,38,39,1,9,10,41,42,40,17,18,33,19,31,44,48,49
6697,0,36,37,15,38,39,1,9,10,41,42,40,17,18,33,19,31,44,48,49
6698,0,36,37,15,38,39,1,9,10,41,42,40,17,18,33,19,31,44,48,49
6699,0,36,37,15,38,39,1,9,10,41,42,40,17,18,33,19,31,44,48,49
6700,0,36,37,15,38,39,1,9,10,41,42,40,17,18,33,19,31,44,48,49
6701,0,36,37,15,38,39,1,9,10,41,42,40,17,18,33,19,31,44,48,49
6702,0,36,37,15,38,39,1,9,10,41,42,40,17,18,33,19,31,44,48,49
6703,0,36,37,15,38,39,1,9,10,41,42,40,17,18,33,19,31,44,48,49
6704,0,36,37,15,38,39,1,9,10,41,42,40,17,18,33,19,31,44,48,49
6705,0,36,37,15,38,39,1,9,10,41,42,40,17,18,33,19,31,44,48,49
6706,0,36,37,15,38,39,1,9,10,41,42,40,17,18,33,19,31,44,48,49
6707,0,36,37,15,38,39,1,9,10,41,42,40,17,18,33,19,31,44,48,49
6708,0,36,37,15,38,39,1,9,10,41,42,40,17,18,33,19,31,44,48,49
6709,0,36,37,15,38,39,1,9,10,41,42,40,17,18,33,19,31,44,48,49
6710,0,36,37,15,38,39,1,9,10,41,42,40,17,18,33,19,31,44,48,49
6711,0,36,37,15,38,39,1,9,10,41,42,40,17,18,33,19,31,44,48,49
6712,0,36,37,15,38,39,1,9,10,41,42,40,17,18,33,19,31,44,48,49
6713,0,36,37,15,38,39,1,9,10,41,42,40,17,18,33,19,31,44,48,49
6714,0,36,37,15,38,39,1,9,10,41,42,40,17,18,33,19,31,44,48,49
6715,0,36,37,15,38,39,1,9,10,41,42,40,17,18,33,19,31,44,48,49
6716,0,36,37,15,38,39,1,9,10,41,42,40,17,18,33,31,19,44,48,49
6717,0,36,37,15,38,39,1,9,10,41,42,40,17,18,33,31,19,44,48,49
6718,0,36,37,15,38,39,1,9,10,41,42,40,17,18,33,31,19,44,48,49
6719,0,36,37,15,38,39,1,9,10,41,42,40,17,18,33,31,19,44,48,49
6720,0,36,37,15,38,39,1,9,10,41,42,40,17,18,33,31,19,44,48,49
6721,0,36,37,15,38,39,1,9,10,41,42,40,17,18,33,31,19,44,48,49
6722,0,36,37,15,38,39,1,9,10,41,42,40,17,18,33,31,19,44,48,49
6723,0,36,37,15,38,39,1,9,10,41,42,40,17,18,33,31,19,44,48,49
6724,0,36,37,15,38,39,1,9,10,41,42,40,17,18,33,31,19,44,48,49
6725,0,36,37,15,38,39,1,9,10,41,42,40,17,18,33,19,31,44,48,49
6726,0,36,37,15,38,39,1,9,10,41,42,40,17,18,33,19,31,44,48,49
6727,0,36,37,15,38,39,1,9,10,41,42,40,17,18,33,19,31,44,48,49
6728,0,36,37,15,38,39,1,9,10,41,42,40,17,18,33,19,31,44,48,49
6729,0,36,37,15,38,39,1,9,10,41,42,40,17,18,33,19,31,44,48,49
6730,0,36,37,15,38,39,1,9,10,41,42,40,17,18,33,19,31,44,48,49
6731,0,36,37,1,15,38,39,9,10,41,42,40,17,18,33,19,31,44,48,49
6732,0,36,37,1,15,38,39,9,10,41,42,40,17,18,33,19,31,44,48,49
6733,0,36,37,1,15,38,39,9,10,41,42,40,17,18,33,19,31,44,48,49
6734,0,36,37,1,15,38,39,9,10,41,42,40,17,18,33,19,31,44,48,49
6735,0,36,37,1,15,38,39,9,10,41,42,40,17,18,33,19,31,44,48,49
6736,0,36,37,1,15,38,39,9,10,41,42,40,17,18,33,19,31,44,48,49
6737,0,36,37,1,15,38,39,9,10,41,42,40,17,18,33,19,31,44,48,49
6738,0,36,37,1,15,38,39,9,10,41,42,40,17,18,33,19,31,44,48,49
6739,0,36,37,1,15,38,39,9,10,41,42,40,17,18,33,19,31,44,48,49
6740,0,36,37,1,15,38,39,9,10,41,42,40,17,18,33,19,31,44,48,49
6741,0,36,37,1,15,38,39,9,10,41,42,40,17,18,33,31,19,44,48,49
6742,0,36,37,1,15,38,39,9,10,41,42,40,17,18,33,31,19,44,48,49
6743,0,36,37,1,15,38,39,9,10,41,42,40,17,18,33,31,19,44,48,49
6744,0,36,37,1,15,38,39,9,10,41,42,40,17,18,33,31,19,44,48,49
6745,0,36,37,1,15,38,39,9,10,41,42,40,17,18,33,31,19,44,48,49
6746,0,36,37,1,15,38,39,9,10,41,42,40,17,18,33,31,19,44,48,49
6747,0,36,37,1,15,38,39,9,10,41,42,40,17,18,33,31,19,44,48,49
6748,0,36,37,1,15,38,39,9,10,41,42,40,17,18,33,31,19,44,48,49
6749,0,36,37,1,15,38,39,9,10,41,42,40,17,18,33,31,19,44,48,49
6750,0,36,37,1,15,38,39,9,10,41,42,40,17,18,33,31,19,44,48,49
6751,0,36,37,1,15,38,39,9,10,41,42,40,17,18,33,31,19,44,48,49
6752,0,36,37,1,15,38,39,9,10,41,42,40,17,18,33,31,19,44,48,49
6753,0,36,37,1,15,38,39,9,10,41,42,40,17,18,33,31,19,44,48,49
6754,0,36,37,1,15,38,39,9,10,41,42,40,17,18,33,31,19,44,48,49
6755,0,36,37,1,15,38,39,9,10,41,42,40,17,18,33,31,19,44,48,49
6756,0,36,37,1,15,38,39,9,10,41,42,40,17,18,33,31,19,44,48,49
6757,0,36,37,1,15,38,39,9,10,41,42,40,17,18,33,31,19,44,48,49
6758,0,36,37,1,15,38,39,9,10,41,42,40,17,18,33,31,19,44,48,49
6759,0,36,37,1,15,38,39,9,10,41,42,40,17,18,33,31,19,44,48,49
6760,0,36,37,1,15,38,39,9,10,41,42,40,17,18,33,31,19,44,48,49
6761,0,36,37,1,15,38,39,9,10,41,42,40,17,18,33,31,19,44,48,49
6762,0,36,37,1,15,38,39,9,10,41,42,40,17,18,33,31,19,44,48,49
6763,0,36,37,1,15,38,39,9,10,41,42,40,17,18,33,31,19,44,48,49
6764,0,36,37,1,15,38,39,9,10,41,42,40,17,18,33,31,19,44,48,49
6765,0,36,37,1,15,38,39,9,10,41,42,40,17,18,33,31,19,44,48,49
6766,0,36,37,1,15,38,39,9,10,41,42,40,17,18,33,31,19,44,48,49
6767,0,36,37,1,15,38,39,9,10,41,42,40,17,18,33,31,19,44,48,49
6768,0,36,37,1,15,38,39,9,10,41,42,40,17,18,33,31,19,44,48,49
6769,0,36,37,1,15,38,39,9,10,41,42,40,17,18,33,31,19,44,48,49
6770,0,36,37,1,15,38,39,9,10,41,42,40,17,18,33,31,19,44,48,49
6771,0,36,37,1,15,38,39,9,10,41,42,40,17,18,33,31,19,44,48,49
6772,0,36,37,1,15,38,39,9,10,41,42,40,17,18,33,31,19,44,48,49
6773,0,36,37,1,15,38,39,9,10,41,42,40,17,18,33,31,19,44,48,49
6774,0,36,37,1,15,38,39,9,10,41,42,40,17,18,33,31,19,44,48,49
6775,0,36,37,1,15,38,39,9,10,41,42,40,17,18,33,31,19,44,48,49
6776,0,36,37,1,15,38,39,9,10,41,42,40,17,18,33,31,19,44,48,49
6777,0,36,37,1,15,38,39,9,10,41,42,40,17,18,33,31,19,44,48,49
6778,0,36,37,1,15,38,39,9,10,41,42,40,17,18,33,31,19,44,48,49
6779,0,36,37,1,15,38,39,9,10,41,42,40,17,18,33,31,19,44,48,49
6780,0,36,37,1,15,38,39,9,10,41,42,40,17,18,33,31,19,44,48,49
6781,0,36,37,1,15,38,39,9,10,41,42,40,17,18,33,31,19,44,48,49
6782,0,36,37,1,15,38,39,9,10,41,42,40,17,18,33,31,19,44,48,49
6783,0,36,37,1,15,38,39,9,10,41,42,40,17,18,33,31,19,44,48,49
6784,0,36,37,1,15,38,39,9,10,41,42,40,17,18,33,31,19,44,48,49
6785,0,36,37,1,15,38,39,9,10,41,42,40,17,18,33,31,19,44,48,49
6786,0,36,37,1,15,38,39,9,10,41,42,40,17,18,33,31,19,44,48,49
6787,0,36,37,1,15,38,39,9,10,41,42,40,17,18,33,31,19,44,48,49
6788,0,36,37,1,15,38,39,9,10,41,42,40,17,18,33,31,19,44,48,49
6789,0,36,37,1,15,38,39,9,10,41,42,40,17,18,33,31,19,44,48,49
6790,0,36,37,1,15,38,39,9,10,41,42,40,17,18,33,31,19,44,48,49
6791,0,36,37,1,15,38,39,9,10,41,42,40,17,18,33,31,19,44,48,49
6792,0,36,37,1,15,38,39,9,10,41,42,40,17,18,33,31,19,44,48,49
6793,0,36,37,1,15,38,39,9,10,41,42,40,17,18,33,31,19,44,48,49
6794,0,36,37,1,15,38,39,9,10,41,42,40,17,18,33,31,19,44,48,49
6795,0,36,37,1,15,38,39,9,10,41,42,40,17,18,33,31,19,44,48,49
6796,0,36,37,1,15,38,39,9,10,41,42,40,17,18,33,31,19,44,48,49
6797,0,36,37,1,15,38,39,9,10,41,42,40,17,18,33,31,19,44,48,49
6798,0,36,37,1,15,38,39,9,10,41,42,40,17,18,33,31,19,44,48,49
6799,0,36,37,1,15,38,39,9,10,41,42,40,17,18,33,31,19,44,48,49
6800,0,36,37,1,15,38,39,9,10,41,42,40,17,18,33,19,31,44,48,49
6801,0,36,37,1,15,38,39,9,10,41,42,40,17,18,33,19,31,44,48,49
6802,0,36,37,1,15,38,39,9,10,41,42,40,17,18,33,19,31,44,48,49
6803,0,36,37,1,15,38,39,9,10,41,42,40,17,18,33,19,31,44,4,45
6804,0,36,37,1,15,38,39,9,10,41,42,40,17,18,33,19,31,44,4,45
6805,0,36,37,1,15,38,39,9,10,41,42,40,17,18,33,19,31,44,4,45
6806,0,36,37,1,15,38,39,9,10,41,42,40,17,18,33,19,31,44,4,45
6807,0,36,37,1,15,38,39,9,10,41,42,40,17,18,33,19,31,44,4,45
6808,0,36,37,1,15,38,39,9,10,41,42,40,17,18,33,19,31,44,4,45
6809,0,36,37,1,15,38,39,9,10,41,42,40,17,18,33,19,31,44,4,45
6810,0,36,37,1,15,38,39,9,10,41,42,40,17,18,33,19,31,44,4,45
6811,0,36,37,1,15,38,39,9,10,41,42,40,17,18,33,19,31,44,4,45
6812,0,36,37,1,15,38,39,9,10,41,42,40,17,18,33,19,31,44,4,45
6813,0,36,37,1,15,38,39,9,10,41,42,40,17,18,33,19,31,44,4,45
6814,0,36,37,1,15,38,39,9,10,41,42,40,17,18,33,19,31,44,4,45
6815,0,36,37,1,15,38,39,9,10,41,42,40,17,18,33,19,31,44,4,45
6816,0,36,37,1,15,38,39,9,10,41,42,40,17,18,33,19,31,44,4,45
6817,0,36,37,1,15,38,39,9,10,41,42,40,17,18,33,19,31,44,4,45
6818,0,36,37,1,15,38,39,9,10,41,42,40,17,18,33,19,31,44,4,45
6819,0,36,37,1,15,38,39,9,10,41,42,40,17,18,33,19,31,44,4,45
6820,0,36,37,1,15,38,39,9,10,41,42,40,17,18,33,19,31,44,4,45
6821,0,36,37,1,15,38,39,9,10,41,42,40,17,18,33,19,31,44,4,45
6822,0,36,37,1,15,38,39,9,10,41,42,40,17,18,33,19,31,44,4,45
6823,0,36,37,1,15,38,39,9,10,41,42,40,17,18,33,19,31,44,4,45
6824,0,36,37,1,15,38,39,9,10,41,42,40,17,18,33,19,31,44,4,45
